open_time,open,high,low,close,volume
2025-11-11 03:15:00+00:00,0.1939,0.1945,0.1934,0.1938,8343
2025-11-11 03:30:00+00:00,0.1937,0.1939,0.1924,0.1924,8343
2025-11-11 03:45:00+00:00,0.1924,0.1925,0.1915,0.1917,4114
2025-11-11 04:00:00+00:00,0.1917,0.192,0.1899,0.1903,15484
2025-11-11 04:15:00+00:00,0.1903,0.1911,0.1894,0.1894,15683
2025-11-11 04:30:00+00:00,0.1896,0.19,0.1885,0.189,26688
2025-11-11 04:45:00+00:00,0.1888,0.1888,0.1857,0.1864,40051
2025-11-11 05:00:00+00:00,0.1863,0.187,0.185,0.1861,30990
2025-11-11 05:15:00+00:00,0.186,0.1869,0.1858,0.1862,13748
2025-11-11 05:30:00+00:00,0.1861,0.1879,0.186,0.187,19430
2025-11-11 05:45:00+00:00,0.187,0.1881,0.1867,0.1873,16008
2025-11-11 06:00:00+00:00,0.1874,0.1879,0.1865,0.1875,22517
2025-11-11 06:15:00+00:00,0.1875,0.1887,0.1875,0.1886,5597
2025-11-11 06:30:00+00:00,0.1886,0.1894,0.188,0.1884,13991
2025-11-11 06:45:00+00:00,0.1884,0.1884,0.1864,0.1878,15376
2025-11-11 07:00:00+00:00,0.1877,0.188,0.1866,0.1872,10360
2025-11-11 07:15:00+00:00,0.1872,0.1874,0.1858,0.1866,13786
2025-11-11 07:30:00+00:00,0.1865,0.1873,0.1848,0.1858,12894
2025-11-11 07:45:00+00:00,0.1857,0.1857,0.1837,0.1847,32291
2025-11-11 08:00:00+00:00,0.1847,0.1861,0.1846,0.1851,10318
2025-11-11 08:15:00+00:00,0.1849,0.1862,0.1848,0.1851,9669
2025-11-11 08:30:00+00:00,0.1851,0.1851,0.1837,0.1848,8683
2025-11-11 08:45:00+00:00,0.1849,0.1861,0.1848,0.186,7868
2025-11-11 09:00:00+00:00,0.1862,0.187,0.1854,0.1854,8339
2025-11-11 09:15:00+00:00,0.1855,0.1859,0.185,0.1852,10920
2025-11-11 09:30:00+00:00,0.1853,0.1861,0.1848,0.1848,12683
2025-11-11 09:45:00+00:00,0.1847,0.1853,0.1845,0.1845,9679
2025-11-11 10:00:00+00:00,0.1845,0.1867,0.1843,0.1862,12013
2025-11-11 10:15:00+00:00,0.1864,0.1871,0.1855,0.1862,12564
2025-11-11 10:30:00+00:00,0.1862,0.1871,0.1852,0.187,9685
2025-11-11 10:45:00+00:00,0.187,0.1874,0.1864,0.1866,2518
2025-11-11 11:00:00+00:00,0.1867,0.1874,0.1863,0.1873,6767
2025-11-11 11:15:00+00:00,0.1871,0.1871,0.1864,0.1864,4084
2025-11-11 11:30:00+00:00,0.1864,0.1868,0.1856,0.1856,7222
2025-11-11 11:45:00+00:00,0.1857,0.1857,0.1839,0.1846,19308
2025-11-11 12:00:00+00:00,0.1846,0.1856,0.1841,0.1851,10912
2025-11-11 12:15:00+00:00,0.185,0.1851,0.1831,0.1841,38499
2025-11-11 12:30:00+00:00,0.184,0.1843,0.1823,0.183,32440
2025-11-11 12:45:00+00:00,0.183,0.1839,0.1829,0.1835,12406
2025-11-11 13:00:00+00:00,0.1835,0.1859,0.1835,0.185,13763
2025-11-11 13:15:00+00:00,0.1851,0.1854,0.1843,0.1844,10596
2025-11-11 13:30:00+00:00,0.1846,0.1852,0.1838,0.184,16774
2025-11-11 13:45:00+00:00,0.1841,0.1846,0.1829,0.1835,12901
2025-11-11 14:00:00+00:00,0.1833,0.1834,0.1818,0.1829,24012
2025-11-11 14:15:00+00:00,0.1829,0.184,0.1828,0.1835,12560
2025-11-11 14:30:00+00:00,0.1834,0.1838,0.1829,0.1829,4461
2025-11-11 14:45:00+00:00,0.1831,0.1861,0.1821,0.1861,17781
2025-11-11 15:00:00+00:00,0.1861,0.1861,0.1844,0.1849,20437
2025-11-11 15:15:00+00:00,0.1848,0.1859,0.1846,0.1848,6009
2025-11-11 15:30:00+00:00,0.1847,0.1858,0.1837,0.1853,7993
2025-11-11 15:45:00+00:00,0.1852,0.1856,0.1846,0.1852,7235
2025-11-11 16:00:00+00:00,0.1852,0.1868,0.1851,0.1857,15091
2025-11-11 16:15:00+00:00,0.1856,0.1859,0.1843,0.1844,8574
2025-11-11 16:30:00+00:00,0.1846,0.1859,0.1843,0.1853,3936
2025-11-11 16:45:00+00:00,0.1854,0.1867,0.1853,0.1856,7529
2025-11-11 17:00:00+00:00,0.1857,0.1869,0.1848,0.186,21231
2025-11-11 17:15:00+00:00,0.1861,0.1865,0.1853,0.1855,8350
2025-11-11 17:30:00+00:00,0.1855,0.1858,0.1839,0.1851,12493
2025-11-11 17:45:00+00:00,0.185,0.1856,0.1846,0.1846,7326
2025-11-11 18:00:00+00:00,0.1847,0.1855,0.1831,0.1835,16983
2025-11-11 18:15:00+00:00,0.1835,0.1843,0.1824,0.1831,28526
2025-11-11 18:30:00+00:00,0.1833,0.1838,0.1826,0.1827,14893
2025-11-11 18:45:00+00:00,0.1826,0.1837,0.1825,0.183,5839
2025-11-11 19:00:00+00:00,0.183,0.183,0.1811,0.1818,24954
2025-11-11 19:15:00+00:00,0.1819,0.1824,0.1818,0.1823,12739
2025-11-11 19:30:00+00:00,0.1823,0.1825,0.1814,0.1818,10698
2025-11-11 19:45:00+00:00,0.1818,0.1819,0.1808,0.181,8497
2025-11-11 20:00:00+00:00,0.1811,0.1815,0.1797,0.1812,23703
2025-11-11 20:15:00+00:00,0.1811,0.1817,0.1808,0.1809,9866
2025-11-11 20:30:00+00:00,0.181,0.181,0.1788,0.1792,19173
2025-11-11 20:45:00+00:00,0.1791,0.1794,0.1786,0.179,13147
2025-11-11 21:00:00+00:00,0.1791,0.1799,0.179,0.1795,11463
2025-11-11 21:15:00+00:00,0.1795,0.18,0.1793,0.1797,10207
2025-11-11 21:30:00+00:00,0.1797,0.1797,0.1778,0.1781,16660
2025-11-11 21:45:00+00:00,0.1781,0.1791,0.178,0.1786,12601
2025-11-11 22:00:00+00:00,0.1785,0.1791,0.1773,0.179,18465
2025-11-11 22:15:00+00:00,0.1788,0.1796,0.1781,0.1796,8320
2025-11-11 22:30:00+00:00,0.1795,0.18,0.1795,0.1799,3336
2025-11-11 22:45:00+00:00,0.18,0.1802,0.1797,0.1798,2888
2025-11-11 23:00:00+00:00,0.1797,0.1797,0.1787,0.1792,3908
2025-11-11 23:15:00+00:00,0.1793,0.1794,0.1779,0.1779,5617
2025-11-11 23:30:00+00:00,0.1778,0.178,0.1762,0.1767,21336
2025-11-11 23:45:00+00:00,0.1766,0.1766,0.1743,0.1743,46289
2025-11-12 00:00:00+00:00,0.1744,0.1754,0.1727,0.1729,19386
2025-11-12 00:15:00+00:00,0.1729,0.1761,0.1729,0.1738,29462
2025-11-12 00:30:00+00:00,0.1737,0.174,0.1725,0.1733,26841
2025-11-12 00:45:00+00:00,0.1733,0.1745,0.1725,0.173,21248
2025-11-12 01:00:00+00:00,0.1731,0.1754,0.1731,0.175,13249
2025-11-12 01:15:00+00:00,0.175,0.179,0.175,0.1766,82337
2025-11-12 01:30:00+00:00,0.1766,0.1775,0.1761,0.1761,13156
2025-11-12 01:45:00+00:00,0.1762,0.1766,0.1757,0.1765,9119
2025-11-12 02:00:00+00:00,0.1765,0.1776,0.1764,0.1769,11117
2025-11-12 02:15:00+00:00,0.177,0.1777,0.176,0.1764,14691
2025-11-12 02:30:00+00:00,0.1765,0.1765,0.1753,0.1761,8613
2025-11-12 02:45:00+00:00,0.1762,0.1773,0.1758,0.1763,10153
2025-11-12 03:00:00+00:00,0.1763,0.1769,0.1758,0.1759,10680
2025-11-12 03:15:00+00:00,0.1759,0.1763,0.1756,0.176,12069
2025-11-12 03:30:00+00:00,0.176,0.1763,0.1754,0.1755,9129
2025-11-12 03:45:00+00:00,0.1755,0.1757,0.175,0.1751,5729
2025-11-12 04:00:00+00:00,0.1752,0.1757,0.1751,0.1756,7581
2025-11-12 04:15:00+00:00,0.1757,0.1762,0.1752,0.1755,8455
2025-11-12 04:30:00+00:00,0.1755,0.1756,0.1747,0.1753,4386
2025-11-12 04:45:00+00:00,0.1753,0.1755,0.175,0.1754,2927
2025-11-12 05:00:00+00:00,0.1755,0.1758,0.1746,0.1747,7662
2025-11-12 05:15:00+00:00,0.1748,0.1759,0.1747,0.1756,7103
2025-11-12 05:30:00+00:00,0.1755,0.1756,0.1742,0.1752,29239
2025-11-12 05:45:00+00:00,0.1751,0.176,0.1748,0.1755,11047
2025-11-12 06:00:00+00:00,0.1756,0.176,0.1751,0.1754,12743
2025-11-12 06:15:00+00:00,0.1753,0.1756,0.1749,0.1751,5938
2025-11-12 06:30:00+00:00,0.175,0.175,0.1739,0.1741,19411
2025-11-12 06:45:00+00:00,0.1742,0.1747,0.1739,0.1739,12121
2025-11-12 07:00:00+00:00,0.1738,0.1746,0.1733,0.1743,14764
2025-11-12 07:15:00+00:00,0.1743,0.1746,0.174,0.1746,2604
2025-11-12 07:30:00+00:00,0.1747,0.1747,0.1724,0.1733,18045
2025-11-12 07:45:00+00:00,0.1733,0.1736,0.1726,0.1729,22096
2025-11-12 08:00:00+00:00,0.1729,0.1732,0.1726,0.1729,6877
2025-11-12 08:15:00+00:00,0.1729,0.1743,0.1728,0.1739,14677
2025-11-12 08:30:00+00:00,0.174,0.1757,0.1738,0.1747,21419
2025-11-12 08:45:00+00:00,0.1747,0.1751,0.1737,0.1742,11764
2025-11-12 09:00:00+00:00,0.1741,0.1754,0.1739,0.1753,12648
2025-11-12 09:15:00+00:00,0.1753,0.1772,0.1752,0.1765,29020
2025-11-12 09:30:00+00:00,0.1765,0.1766,0.1758,0.1761,16440
2025-11-12 09:45:00+00:00,0.176,0.1776,0.1755,0.1761,34869
2025-11-12 10:00:00+00:00,0.1761,0.1783,0.1761,0.1782,19041
2025-11-12 10:15:00+00:00,0.1781,0.1782,0.1771,0.1774,16787
2025-11-12 10:30:00+00:00,0.1775,0.1789,0.1768,0.1768,14972
2025-11-12 10:45:00+00:00,0.177,0.1775,0.1766,0.1769,4453
2025-11-12 11:00:00+00:00,0.177,0.1779,0.177,0.1775,12733
2025-11-12 11:15:00+00:00,0.1774,0.1781,0.177,0.1772,14542
2025-11-12 11:30:00+00:00,0.1772,0.1778,0.1767,0.1768,12756
2025-11-12 11:45:00+00:00,0.177,0.1773,0.1768,0.177,6934
2025-11-12 12:00:00+00:00,0.177,0.1771,0.1764,0.1769,18153
2025-11-12 12:15:00+00:00,0.177,0.1778,0.1765,0.1774,16458
2025-11-12 12:30:00+00:00,0.1774,0.1774,0.1752,0.1757,12349
2025-11-12 12:45:00+00:00,0.1757,0.1763,0.1755,0.1758,8803
2025-11-12 13:00:00+00:00,0.1759,0.1761,0.1753,0.1755,8017
2025-11-12 13:15:00+00:00,0.1756,0.177,0.175,0.1768,33121
2025-11-12 13:30:00+00:00,0.1768,0.1774,0.1762,0.1774,17466
2025-11-12 13:45:00+00:00,0.1773,0.1805,0.1773,0.1789,81087
2025-11-12 14:00:00+00:00,0.1789,0.1791,0.1774,0.1779,28854
2025-11-12 14:15:00+00:00,0.1778,0.1781,0.1773,0.1774,14433
2025-11-12 14:30:00+00:00,0.1774,0.1774,0.1767,0.177,17377
2025-11-12 14:45:00+00:00,0.1771,0.1775,0.1729,0.1757,72755
2025-11-12 15:00:00+00:00,0.1756,0.1767,0.1749,0.175,26445
2025-11-12 15:15:00+00:00,0.1749,0.1755,0.1741,0.1747,34132
2025-11-12 15:30:00+00:00,0.1746,0.1753,0.1727,0.1736,29927
2025-11-12 15:45:00+00:00,0.1735,0.1737,0.1707,0.1714,98161
2025-11-12 16:00:00+00:00,0.1713,0.1721,0.1679,0.1691,68558
2025-11-12 16:15:00+00:00,0.1691,0.1704,0.1685,0.1696,29331
2025-11-12 16:30:00+00:00,0.1693,0.1707,0.1687,0.1695,24005
2025-11-12 16:45:00+00:00,0.1696,0.17,0.1683,0.1686,20450
2025-11-12 17:00:00+00:00,0.1686,0.169,0.1673,0.168,38506
2025-11-12 17:15:00+00:00,0.1682,0.1685,0.1673,0.1683,29892
2025-11-12 17:30:00+00:00,0.1682,0.1706,0.1678,0.1688,28257
2025-11-12 17:45:00+00:00,0.1688,0.1693,0.1683,0.1687,19330
2025-11-12 18:00:00+00:00,0.1688,0.1694,0.1685,0.1689,21476
2025-11-12 18:15:00+00:00,0.169,0.1697,0.1687,0.1689,10800
2025-11-12 18:30:00+00:00,0.1689,0.1691,0.1678,0.1681,9223
2025-11-12 18:45:00+00:00,0.168,0.1681,0.1673,0.1675,18585
2025-11-12 19:00:00+00:00,0.1674,0.1678,0.167,0.1672,12387
2025-11-12 19:15:00+00:00,0.1672,0.1675,0.1664,0.1669,15594
2025-11-12 19:30:00+00:00,0.167,0.1681,0.1662,0.1676,19867
2025-11-12 19:45:00+00:00,0.1675,0.1676,0.1669,0.167,7558
2025-11-12 20:00:00+00:00,0.1669,0.1687,0.1668,0.1682,12158
2025-11-12 20:15:00+00:00,0.1682,0.1696,0.1681,0.1692,6141
2025-11-12 20:30:00+00:00,0.1693,0.1699,0.1691,0.1693,15516
2025-11-12 20:45:00+00:00,0.1694,0.1695,0.1686,0.1688,7512
2025-11-12 21:00:00+00:00,0.1688,0.1692,0.1684,0.1692,6217
2025-11-12 21:15:00+00:00,0.1691,0.1691,0.1684,0.1686,3925
2025-11-12 21:30:00+00:00,0.1686,0.1687,0.1673,0.1678,15444
2025-11-12 21:45:00+00:00,0.1679,0.1679,0.1668,0.1673,79341
2025-11-12 22:00:00+00:00,0.1673,0.168,0.1671,0.1674,23371
2025-11-12 22:15:00+00:00,0.1674,0.1679,0.1669,0.167,14520
2025-11-12 22:30:00+00:00,0.1669,0.1675,0.1665,0.1675,12991
2025-11-12 22:45:00+00:00,0.1675,0.1677,0.1673,0.1676,6174
2025-11-12 23:00:00+00:00,0.1675,0.1675,0.1657,0.1665,18131
2025-11-12 23:15:00+00:00,0.1665,0.1672,0.1664,0.1666,5480
2025-11-12 23:30:00+00:00,0.1666,0.1668,0.1663,0.1666,5592
2025-11-12 23:45:00+00:00,0.1666,0.1669,0.1663,0.1668,8390
2025-11-13 00:00:00+00:00,0.1669,0.1686,0.1668,0.1684,20283
2025-11-13 00:15:00+00:00,0.1684,0.1684,0.1674,0.1675,9452
2025-11-13 00:30:00+00:00,0.1676,0.1685,0.1671,0.1676,6953
2025-11-13 00:45:00+00:00,0.1676,0.1681,0.1674,0.1678,10484
2025-11-13 01:00:00+00:00,0.1677,0.1693,0.1675,0.1675,131641
2025-11-13 01:15:00+00:00,0.1674,0.1678,0.166,0.1666,27032
2025-11-13 01:30:00+00:00,0.1666,0.1678,0.1666,0.1676,19718
2025-11-13 01:45:00+00:00,0.1676,0.1677,0.1667,0.167,15713
2025-11-13 02:00:00+00:00,0.1668,0.167,0.1662,0.1664,10373
2025-11-13 02:15:00+00:00,0.1665,0.167,0.1662,0.1663,10770
2025-11-13 02:30:00+00:00,0.1663,0.1669,0.1662,0.1666,7302
2025-11-13 02:45:00+00:00,0.1664,0.1668,0.1657,0.1661,9906
2025-11-13 03:00:00+00:00,0.1661,0.1666,0.1644,0.1645,52298
2025-11-13 03:15:00+00:00,0.1646,0.1671,0.1636,0.167,58701
2025-11-13 03:30:00+00:00,0.1671,0.168,0.167,0.1672,18944
2025-11-13 03:45:00+00:00,0.1671,0.1681,0.1646,0.165,42394
2025-11-13 04:00:00+00:00,0.1651,0.1657,0.1645,0.1657,46462
2025-11-13 04:15:00+00:00,0.1658,0.1667,0.165,0.166,16509
2025-11-13 04:30:00+00:00,0.1659,0.1662,0.165,0.1651,10476
2025-11-13 04:45:00+00:00,0.1651,0.1651,0.1638,0.1644,34810
2025-11-13 05:00:00+00:00,0.1643,0.1648,0.1641,0.1645,17047
2025-11-13 05:15:00+00:00,0.1645,0.1652,0.1643,0.1647,7736
2025-11-13 05:30:00+00:00,0.1647,0.1663,0.1646,0.1663,15643
2025-11-13 05:45:00+00:00,0.1663,0.168,0.1661,0.1676,22628
2025-11-13 06:00:00+00:00,0.1676,0.1685,0.1673,0.168,75688
2025-11-13 06:15:00+00:00,0.1679,0.1683,0.1674,0.168,21981
2025-11-13 06:30:00+00:00,0.168,0.168,0.167,0.1677,21893
2025-11-13 06:45:00+00:00,0.1678,0.1683,0.1673,0.1673,18287
2025-11-13 07:00:00+00:00,0.1673,0.1687,0.1673,0.1684,32312
2025-11-13 07:15:00+00:00,0.1685,0.169,0.168,0.1684,13569
2025-11-13 07:30:00+00:00,0.1684,0.1687,0.1677,0.168,5266
2025-11-13 07:45:00+00:00,0.1681,0.1681,0.167,0.1671,17299
2025-11-13 08:00:00+00:00,0.1672,0.1676,0.1666,0.1671,11041
2025-11-13 08:15:00+00:00,0.1672,0.1678,0.1667,0.1677,27802
2025-11-13 08:30:00+00:00,0.1677,0.1682,0.1674,0.1678,9446
2025-11-13 08:45:00+00:00,0.1679,0.1681,0.1675,0.1676,10889
2025-11-13 09:00:00+00:00,0.1676,0.1679,0.1662,0.167,28177
2025-11-13 09:15:00+00:00,0.167,0.1673,0.1667,0.167,5660
2025-11-13 09:30:00+00:00,0.1671,0.1678,0.1667,0.1671,10139
2025-11-13 09:45:00+00:00,0.1671,0.1672,0.1664,0.1664,6993
2025-11-13 10:00:00+00:00,0.1665,0.1676,0.1665,0.1673,3152
2025-11-13 10:15:00+00:00,0.1674,0.1691,0.1674,0.1679,18657
2025-11-13 10:30:00+00:00,0.1679,0.1679,0.1665,0.1672,27892
2025-11-13 10:45:00+00:00,0.1673,0.1679,0.1671,0.1676,8312
2025-11-13 11:00:00+00:00,0.1676,0.1679,0.1672,0.1679,10492
2025-11-13 11:15:00+00:00,0.168,0.1683,0.1671,0.1672,24485
2025-11-13 11:30:00+00:00,0.1672,0.1672,0.1666,0.1671,4741
2025-11-13 11:45:00+00:00,0.1671,0.1676,0.1669,0.1674,7197
2025-11-13 12:00:00+00:00,0.1673,0.1681,0.1669,0.1674,38887
2025-11-13 12:15:00+00:00,0.1671,0.1678,0.1671,0.1674,4342
2025-11-13 12:30:00+00:00,0.1675,0.1683,0.1675,0.1679,10989
2025-11-13 12:45:00+00:00,0.168,0.1684,0.1678,0.168,8170
2025-11-13 13:00:00+00:00,0.1682,0.1697,0.1682,0.1695,16384
2025-11-13 13:15:00+00:00,0.1694,0.1697,0.1674,0.1678,37757
2025-11-13 13:30:00+00:00,0.1677,0.1681,0.1668,0.1675,30305
2025-11-13 13:45:00+00:00,0.1675,0.1679,0.1668,0.1673,42351
2025-11-13 14:00:00+00:00,0.1672,0.1677,0.1662,0.1666,24445
2025-11-13 14:15:00+00:00,0.1665,0.1672,0.1647,0.1664,145926
2025-11-13 14:30:00+00:00,0.1665,0.1669,0.1645,0.1654,77775
2025-11-13 14:45:00+00:00,0.1652,0.1703,0.1652,0.1688,64927
2025-11-13 15:00:00+00:00,0.1689,0.1697,0.1674,0.1695,49416
2025-11-13 15:15:00+00:00,0.1696,0.1697,0.1664,0.1671,30183
2025-11-13 15:30:00+00:00,0.1672,0.1673,0.1656,0.1658,37673
2025-11-13 15:45:00+00:00,0.1659,0.166,0.1649,0.166,53469
2025-11-13 16:00:00+00:00,0.1659,0.1661,0.165,0.1654,34478
2025-11-13 16:15:00+00:00,0.1655,0.1656,0.1634,0.1644,35228
2025-11-13 16:30:00+00:00,0.1643,0.1651,0.163,0.1639,37871
2025-11-13 16:45:00+00:00,0.164,0.1641,0.1623,0.1626,44971
2025-11-13 17:00:00+00:00,0.1626,0.163,0.1614,0.1623,57867
2025-11-13 17:15:00+00:00,0.1625,0.163,0.1616,0.1623,49034
2025-11-13 17:30:00+00:00,0.1623,0.1629,0.1603,0.1608,44974
2025-11-13 17:45:00+00:00,0.1609,0.1612,0.1595,0.1599,42167
2025-11-13 18:00:00+00:00,0.1599,0.1604,0.1589,0.1593,45782
2025-11-13 18:15:00+00:00,0.1594,0.1605,0.1587,0.1595,45333
2025-11-13 18:30:00+00:00,0.1595,0.1598,0.1582,0.1594,33806
2025-11-13 18:45:00+00:00,0.1595,0.1598,0.1576,0.1587,48357
2025-11-13 19:00:00+00:00,0.1588,0.1596,0.1572,0.1574,56478
2025-11-13 19:15:00+00:00,0.1573,0.1585,0.1562,0.1584,44758
2025-11-13 19:30:00+00:00,0.1583,0.1585,0.1555,0.1567,50545
2025-11-13 19:45:00+00:00,0.1566,0.1567,0.1552,0.156,48370
2025-11-13 20:00:00+00:00,0.1559,0.1564,0.1547,0.1558,35605
2025-11-13 20:15:00+00:00,0.1559,0.156,0.1541,0.1549,31610
2025-11-13 20:30:00+00:00,0.155,0.156,0.1542,0.155,40947
2025-11-13 20:45:00+00:00,0.1548,0.1552,0.1541,0.1547,13104
2025-11-13 21:00:00+00:00,0.1546,0.1553,0.1543,0.1546,10445
2025-11-13 21:15:00+00:00,0.1547,0.1547,0.1526,0.1534,26465
2025-11-13 21:30:00+00:00,0.1534,0.1544,0.1534,0.1544,12545
2025-11-13 21:45:00+00:00,0.1544,0.1547,0.1538,0.1542,17954
2025-11-13 22:00:00+00:00,0.1542,0.1555,0.1539,0.1553,25729
2025-11-13 22:15:00+00:00,0.1552,0.1563,0.1545,0.1558,29568
2025-11-13 22:30:00+00:00,0.1557,0.1563,0.1554,0.1559,10704
2025-11-13 22:45:00+00:00,0.1557,0.156,0.155,0.1558,7900
2025-11-13 23:00:00+00:00,0.1558,0.157,0.1556,0.1567,23924
2025-11-13 23:15:00+00:00,0.1566,0.1577,0.1565,0.1576,13531
2025-11-13 23:30:00+00:00,0.1575,0.1589,0.1573,0.1587,18140
2025-11-13 23:45:00+00:00,0.1588,0.159,0.1573,0.1574,28964
2025-11-14 00:00:00+00:00,0.1573,0.1579,0.1564,0.1565,28979
2025-11-14 00:15:00+00:00,0.1564,0.1564,0.1552,0.1554,29947
2025-11-14 00:30:00+00:00,0.1554,0.1568,0.1549,0.156,15707
2025-11-14 00:45:00+00:00,0.1559,0.156,0.155,0.1553,14291
2025-11-14 01:00:00+00:00,0.1552,0.156,0.1549,0.1554,15682
2025-11-14 01:15:00+00:00,0.1554,0.1567,0.155,0.1553,13401
2025-11-14 01:30:00+00:00,0.1554,0.1562,0.1544,0.1548,14697
2025-11-14 01:45:00+00:00,0.1549,0.1555,0.1545,0.1545,9576
2025-11-14 02:00:00+00:00,0.1546,0.1562,0.1545,0.1549,104340
2025-11-14 02:15:00+00:00,0.1549,0.1554,0.1548,0.1551,19803
2025-11-14 02:30:00+00:00,0.1552,0.156,0.1547,0.156,34193
2025-11-14 02:45:00+00:00,0.1559,0.1561,0.1546,0.155,12314
2025-11-14 03:00:00+00:00,0.1551,0.1588,0.1551,0.1572,181953
2025-11-14 03:15:00+00:00,0.1572,0.1572,0.1553,0.1556,19419
2025-11-14 03:30:00+00:00,0.1557,0.1558,0.1535,0.1537,69457
2025-11-14 03:45:00+00:00,0.1537,0.1541,0.1522,0.1533,61056
2025-11-14 04:00:00+00:00,0.1534,0.1542,0.1528,0.153,71850
2025-11-14 04:15:00+00:00,0.1532,0.1537,0.1516,0.1529,52753
2025-11-14 04:30:00+00:00,0.1528,0.153,0.1476,0.1501,464216
2025-11-14 04:45:00+00:00,0.15,0.1534,0.1496,0.152,221823
2025-11-14 05:00:00+00:00,0.1521,0.1541,0.1519,0.1525,107940
2025-11-14 05:15:00+00:00,0.1525,0.1539,0.1524,0.1529,50843
2025-11-14 05:30:00+00:00,0.153,0.1557,0.153,0.1551,102919
2025-11-14 05:45:00+00:00,0.155,0.1563,0.1546,0.1549,89417
2025-11-14 06:00:00+00:00,0.155,0.1554,0.1541,0.1545,46056
2025-11-14 06:15:00+00:00,0.1544,0.1544,0.1522,0.1534,48819
2025-11-14 06:30:00+00:00,0.1534,0.1536,0.1524,0.1528,79637
2025-11-14 06:45:00+00:00,0.1527,0.1563,0.1521,0.1562,108123
2025-11-14 07:00:00+00:00,0.1562,0.1574,0.1553,0.1571,80893
2025-11-14 07:15:00+00:00,0.1569,0.157,0.1558,0.1565,66835
2025-11-14 07:30:00+00:00,0.1564,0.1573,0.1555,0.1561,80137
2025-11-14 07:45:00+00:00,0.1561,0.1577,0.1561,0.1565,73366
2025-11-14 08:00:00+00:00,0.1566,0.1576,0.1563,0.1565,93605
2025-11-14 08:15:00+00:00,0.1564,0.1568,0.1556,0.1563,39686
2025-11-14 08:30:00+00:00,0.1563,0.1578,0.1561,0.1568,102462
2025-11-14 08:45:00+00:00,0.1568,0.1586,0.1562,0.158,88815
2025-11-14 09:00:00+00:00,0.158,0.1645,0.1578,0.1623,1029507
2025-11-14 09:15:00+00:00,0.1623,0.1626,0.1598,0.1617,416395
2025-11-14 09:30:00+00:00,0.1617,0.1624,0.1597,0.1609,282471
2025-11-14 09:45:00+00:00,0.161,0.1611,0.1583,0.1583,267923
2025-11-14 10:00:00+00:00,0.1584,0.1604,0.1578,0.1594,281106
2025-11-14 10:15:00+00:00,0.1594,0.1608,0.1592,0.1598,152965
2025-11-14 10:30:00+00:00,0.1599,0.1627,0.1594,0.1626,150477
2025-11-14 10:45:00+00:00,0.1626,0.1627,0.1604,0.1613,136899
2025-11-14 11:00:00+00:00,0.1613,0.1615,0.1589,0.1597,155112
2025-11-14 11:15:00+00:00,0.1596,0.1611,0.1591,0.1592,186987
2025-11-14 11:30:00+00:00,0.1594,0.1596,0.1565,0.1581,290448
2025-11-14 11:45:00+00:00,0.1581,0.1598,0.1574,0.1592,158930
2025-11-14 12:00:00+00:00,0.1592,0.1592,0.1558,0.1571,314912
2025-11-14 12:15:00+00:00,0.1572,0.1587,0.1562,0.1576,148581
2025-11-14 12:30:00+00:00,0.1575,0.1581,0.1537,0.1544,303918
2025-11-14 12:45:00+00:00,0.1546,0.1576,0.1543,0.1575,191741
2025-11-14 13:00:00+00:00,0.1575,0.1587,0.1557,0.1559,132061
2025-11-14 13:15:00+00:00,0.156,0.1564,0.1545,0.1546,101409
2025-11-14 13:30:00+00:00,0.1547,0.1556,0.1535,0.1543,172437
2025-11-14 13:45:00+00:00,0.1544,0.1568,0.1539,0.1559,93104
2025-11-14 14:00:00+00:00,0.156,0.1569,0.1547,0.155,94912
2025-11-14 14:15:00+00:00,0.1549,0.1557,0.1544,0.1545,64328
2025-11-14 14:30:00+00:00,0.1544,0.1577,0.1528,0.1571,213681
2025-11-14 14:45:00+00:00,0.1572,0.1578,0.156,0.1563,161249
2025-11-14 15:00:00+00:00,0.1562,0.1563,0.1538,0.1542,115628
2025-11-14 15:15:00+00:00,0.1543,0.1572,0.1543,0.1565,75653
2025-11-14 15:30:00+00:00,0.1566,0.1572,0.1556,0.1567,69791
2025-11-14 15:45:00+00:00,0.1566,0.1584,0.1565,0.1569,99651
2025-11-14 16:00:00+00:00,0.157,0.1576,0.1561,0.1562,63953
2025-11-14 16:15:00+00:00,0.1561,0.1586,0.1552,0.1578,140253
2025-11-14 16:30:00+00:00,0.1579,0.1588,0.1572,0.1572,57752
2025-11-14 16:45:00+00:00,0.1573,0.1575,0.1565,0.1567,53126
2025-11-14 17:00:00+00:00,0.1567,0.1582,0.1562,0.1579,33882
2025-11-14 17:15:00+00:00,0.158,0.158,0.1563,0.1568,59565
2025-11-14 17:30:00+00:00,0.1568,0.1573,0.1562,0.157,40891
2025-11-14 17:45:00+00:00,0.1569,0.157,0.1545,0.1552,93644
2025-11-14 18:00:00+00:00,0.1552,0.1571,0.1543,0.1568,49657
2025-11-14 18:15:00+00:00,0.1569,0.157,0.1558,0.1567,28678
2025-11-14 18:30:00+00:00,0.1568,0.1571,0.1556,0.1557,38219
2025-11-14 18:45:00+00:00,0.1557,0.1561,0.1553,0.1557,47227
2025-11-14 19:00:00+00:00,0.1556,0.1561,0.1546,0.1559,52220
2025-11-14 19:15:00+00:00,0.1559,0.1579,0.1559,0.1574,58273
2025-11-14 19:30:00+00:00,0.1573,0.1574,0.1556,0.1559,33175
2025-11-14 19:45:00+00:00,0.156,0.1572,0.1558,0.1568,14155
2025-11-14 20:00:00+00:00,0.1569,0.157,0.1558,0.1559,24877
2025-11-14 20:15:00+00:00,0.156,0.1562,0.1539,0.1539,47642
2025-11-14 20:30:00+00:00,0.1539,0.1542,0.1503,0.151,108487
2025-11-14 20:45:00+00:00,0.1509,0.1519,0.1502,0.1509,87247
2025-11-14 21:00:00+00:00,0.151,0.154,0.1504,0.1539,87674
2025-11-14 21:15:00+00:00,0.1539,0.1542,0.1529,0.1533,50702
2025-11-14 21:30:00+00:00,0.1533,0.1538,0.1519,0.1523,59209
2025-11-14 21:45:00+00:00,0.1523,0.1543,0.1521,0.1536,82831
2025-11-14 22:00:00+00:00,0.1536,0.1542,0.1519,0.1519,70633
2025-11-14 22:15:00+00:00,0.1519,0.1532,0.1516,0.153,55707
2025-11-14 22:30:00+00:00,0.153,0.1543,0.153,0.1537,38170
2025-11-14 22:45:00+00:00,0.1536,0.1538,0.1509,0.1517,66226
2025-11-14 23:00:00+00:00,0.1517,0.1517,0.1473,0.1493,187374
2025-11-14 23:15:00+00:00,0.1493,0.15,0.148,0.1488,114642
2025-11-14 23:30:00+00:00,0.149,0.1502,0.1486,0.1501,97279
2025-11-14 23:45:00+00:00,0.1501,0.1512,0.1496,0.1502,72733
2025-11-15 00:00:00+00:00,0.1503,0.1517,0.1499,0.1512,109338
2025-11-15 00:15:00+00:00,0.1513,0.1529,0.1513,0.1523,65918
2025-11-15 00:30:00+00:00,0.1523,0.1527,0.1517,0.1525,40042
2025-11-15 00:45:00+00:00,0.1525,0.1532,0.1515,0.1532,37819
2025-11-15 01:00:00+00:00,0.1532,0.1551,0.1528,0.1542,56171
2025-11-15 01:15:00+00:00,0.1542,0.1555,0.1536,0.155,81200
2025-11-15 01:30:00+00:00,0.1549,0.155,0.1537,0.1538,41829
2025-11-15 01:45:00+00:00,0.1539,0.1546,0.1534,0.1544,53735
2025-11-15 02:00:00+00:00,0.1544,0.155,0.1536,0.1541,28356
2025-11-15 02:15:00+00:00,0.154,0.1547,0.1538,0.1544,25248
2025-11-15 02:30:00+00:00,0.1546,0.1549,0.154,0.1545,47847
2025-11-15 02:45:00+00:00,0.1546,0.1564,0.1544,0.1562,68971
2025-11-15 03:00:00+00:00,0.1563,0.1578,0.1561,0.1576,60621
2025-11-15 03:15:00+00:00,0.1578,0.1601,0.1576,0.1579,219542
2025-11-15 03:30:00+00:00,0.1578,0.1589,0.1576,0.1583,79110
2025-11-15 03:45:00+00:00,0.1582,0.1588,0.157,0.1574,40326
2025-11-15 04:00:00+00:00,0.1575,0.1581,0.1566,0.1568,62457
2025-11-15 04:15:00+00:00,0.1568,0.1572,0.1564,0.1568,33028
2025-11-15 04:30:00+00:00,0.1568,0.1569,0.1552,0.1553,42773
2025-11-15 04:45:00+00:00,0.1552,0.1559,0.1548,0.1552,33345
2025-11-15 05:00:00+00:00,0.1553,0.1558,0.1545,0.1549,43532
2025-11-15 05:15:00+00:00,0.1547,0.1552,0.1544,0.1548,20388
2025-11-15 05:30:00+00:00,0.1548,0.1552,0.1542,0.1552,38745
2025-11-15 05:45:00+00:00,0.1553,0.1558,0.155,0.1555,39708
2025-11-15 06:00:00+00:00,0.1554,0.1559,0.155,0.1558,22247
2025-11-15 06:15:00+00:00,0.1557,0.1565,0.1556,0.1561,35746
2025-11-15 06:30:00+00:00,0.1559,0.1561,0.1553,0.1555,65878
2025-11-15 06:45:00+00:00,0.1555,0.1556,0.1547,0.1549,25388
2025-11-15 07:00:00+00:00,0.1548,0.1555,0.1546,0.1555,22186
2025-11-15 07:15:00+00:00,0.1554,0.1558,0.1551,0.1557,20931
2025-11-15 07:30:00+00:00,0.1557,0.1558,0.1537,0.154,71740
2025-11-15 07:45:00+00:00,0.154,0.1545,0.1538,0.1542,85119
2025-11-15 08:00:00+00:00,0.1543,0.1543,0.1531,0.1534,59392
2025-11-15 08:15:00+00:00,0.1534,0.1535,0.1523,0.1524,55496
2025-11-15 08:30:00+00:00,0.1525,0.1531,0.152,0.1524,52920
2025-11-15 08:45:00+00:00,0.1525,0.1525,0.1506,0.1514,63493
2025-11-15 09:00:00+00:00,0.1512,0.1526,0.1508,0.1523,61260
2025-11-15 09:15:00+00:00,0.1524,0.1527,0.1517,0.1524,53164
2025-11-15 09:30:00+00:00,0.1524,0.1524,0.1519,0.1524,40584
2025-11-15 09:45:00+00:00,0.1522,0.1522,0.1509,0.1512,57540
2025-11-15 10:00:00+00:00,0.1512,0.1519,0.1509,0.1519,24748
2025-11-15 10:15:00+00:00,0.1518,0.1523,0.1514,0.152,49932
2025-11-15 10:30:00+00:00,0.1521,0.1529,0.1517,0.1528,42625
2025-11-15 10:45:00+00:00,0.1528,0.1529,0.1523,0.1524,17893
2025-11-15 11:00:00+00:00,0.1525,0.1533,0.1522,0.153,40057
2025-11-15 11:15:00+00:00,0.1529,0.1529,0.1522,0.1526,20012
2025-11-15 11:30:00+00:00,0.1525,0.1527,0.1513,0.1514,30057
2025-11-15 11:45:00+00:00,0.1513,0.1513,0.1499,0.1502,59789
2025-11-15 12:00:00+00:00,0.1503,0.1513,0.1501,0.1512,63686
