src,symbol,bars,start,end
okx,ETH_USDT_SWAP,35040,2025-07-04,2026-07-04
okx,HYPE_USDT,17700,2025-12-16,2026-06-18
okx,DOT_USDT,17700,2025-12-16,2026-06-18
okx,ICP_USDT,17700,2025-12-16,2026-06-18
okx,PAXG_USDT,17700,2025-12-16,2026-06-18
okx,UNI_USDT,17700,2025-12-16,2026-06-18
okx,WLFI_USDT,17700,2025-12-16,2026-06-18
okx,ENA_USDT,17700,2025-12-16,2026-06-18
okx,ONDO_USDT,17700,2025-12-16,2026-06-18
okx,AAVE_USDT,17700,2025-12-16,2026-06-18
okx,JTO_USDT,17700,2025-12-16,2026-06-18
okx,FIL_USDT,17700,2025-12-16,2026-06-18
okx,PUMP_USDT,17700,2025-12-16,2026-06-18
okx,SUI_USDT,17700,2025-12-16,2026-06-18
okx,BIO_USDT,17700,2025-12-16,2026-06-18
okx,APT_USDT,17700,2025-12-16,2026-06-18
okx,XLM_USDT,17700,2025-12-16,2026-06-18
okx,IP_USDT,17700,2025-12-16,2026-06-18
okx,ZEC_USDT,17700,2025-12-16,2026-06-18
okx,APE_USDT,17700,2025-12-16,2026-06-18
okx,SOL_USDT,17700,2025-12-16,2026-06-18
okx,CFX_USDT,17700,2025-12-16,2026-06-18
okx,WLD_USDT,17700,2025-12-16,2026-06-18
okx,ASTER_USDT,17700,2025-12-16,2026-06-18
okx,OKB_USDT,17700,2025-12-16,2026-06-18
okx,NIGHT_USDT,17700,2025-12-16,2026-06-18
okx,XAUT_USDT,17700,2025-12-16,2026-06-18
okx,ORDI_USDT,17700,2025-12-16,2026-06-18
okx,XPL_USDT,17700,2025-12-16,2026-06-18
okx,LTC_USDT,17700,2025-12-16,2026-06-18
okx,ALLO_USDT,17700,2025-12-16,2026-06-18
okx,TRX_USDT,17700,2025-12-16,2026-06-18
okx,BNB_USDT,17700,2025-12-16,2026-06-18
okx,DOGE_USDT,17700,2025-12-16,2026-06-18
okx,CRV_USDT,17700,2025-12-16,2026-06-18
okx,ETHFI_USDT,17700,2025-12-16,2026-06-18
okx,BCH_USDT,17700,2025-12-16,2026-06-18
okx,PENGU_USDT,17700,2025-12-16,2026-06-18
okx,CHZ_USDT,17700,2025-12-16,2026-06-18
okx,TRUMP_USDT,17700,2025-12-16,2026-06-18
okx,LINK_USDT,17700,2025-12-16,2026-06-18
okx,AVAX_USDT,17700,2025-12-16,2026-06-18
okx,PEPE_USDT,17700,2025-12-16,2026-06-18
okx,BTC_USDT,17700,2025-12-16,2026-06-18
okx,TIA_USDT,17700,2025-12-16,2026-06-18
okx,ETH_USDT,17700,2025-12-16,2026-06-18
okx,PI_USDT,17700,2025-12-16,2026-06-18
okx,NEAR_USDT,17700,2025-12-16,2026-06-18
okx,ADA_USDT,17700,2025-12-16,2026-06-18
okx,OP_USDT,17700,2025-12-16,2026-06-18
okx,XRP_USDT,17700,2025-12-16,2026-06-18
okx,LIT_USDT,14783,2026-01-15,2026-06-18
okx,SPACE_USDT,14029,2026-01-23,2026-06-18
gate,VELVET_USDT,10318,2026-03-19,2026-07-04
gate,EPIC_USDT,10225,2026-03-20,2026-07-04
gate,UB_USDT,9465,2026-03-28,2026-07-04
gate,BEAT_USDT,9465,2026-03-28,2026-07-04
gate,ACT_USDT,9465,2026-03-28,2026-07-04
gate,GWEI_USDT,9465,2026-03-28,2026-07-04
gate,SKYAI_USDT,9465,2026-03-28,2026-07-04
gate,TAC_USDT,9465,2026-03-28,2026-07-04
gate,LAB_USDT,9464,2026-03-28,2026-07-04
gate,RAVE_USDT,9388,2026-03-29,2026-07-04
gate,TAO_USDT,9388,2026-03-29,2026-07-04
gate,FARTCOIN_USDT,9388,2026-03-29,2026-07-04
gate,BSB_USDT,9388,2026-03-29,2026-07-04
gate,H_USDT,9388,2026-03-29,2026-07-04
gate,ARB_USDT,9388,2026-03-29,2026-07-04
gate,BAS_USDT,9388,2026-03-29,2026-07-04
gate,EVAA_USDT,9388,2026-03-29,2026-07-04
gate,M_USDT,9388,2026-03-29,2026-07-04
gate,EGLD_USDT,9388,2026-03-29,2026-07-04
gate,TAIKO_USDT,9384,2026-03-29,2026-07-04
gate,ENA_USDT,9382,2026-03-29,2026-07-04
gate,NEAR_USDT,9382,2026-03-29,2026-07-04
gate,PI_USDT,9382,2026-03-29,2026-07-04
gate,UNI_USDT,9382,2026-03-29,2026-07-04
gate,JTO_USDT,9382,2026-03-29,2026-07-04
gate,XLM_USDT,9382,2026-03-29,2026-07-04
gate,LINK_USDT,9382,2026-03-29,2026-07-04
gate,TRX_USDT,9382,2026-03-29,2026-07-04
gate,FIL_USDT,9382,2026-03-29,2026-07-04
gate,BCH_USDT,9382,2026-03-29,2026-07-04
gate,WLFI_USDT,9382,2026-03-29,2026-07-04
gate,LTC_USDT,9382,2026-03-29,2026-07-04
gate,AAVE_USDT,9382,2026-03-29,2026-07-04
gate,XPL_USDT,9382,2026-03-29,2026-07-04
gate,AVAX_USDT,9382,2026-03-29,2026-07-04
gate,ZEC_USDT,9381,2026-03-29,2026-07-04
gate,SUI_USDT,9381,2026-03-29,2026-07-04
gate,DOGE_USDT,9381,2026-03-29,2026-07-04
gate,BTC_USDT,9381,2026-03-29,2026-07-04
gate,SOL_USDT,9381,2026-03-29,2026-07-04
gate,PEPE_USDT,9381,2026-03-29,2026-07-04
gate,BNB_USDT,9381,2026-03-29,2026-07-04
gate,ETH_USDT,9381,2026-03-29,2026-07-04
gate,ADA_USDT,9381,2026-03-29,2026-07-04
gate,HYPE_USDT,9381,2026-03-29,2026-07-04
gate,LIT_USDT,9381,2026-03-29,2026-07-04
gate,XRP_USDT,9381,2026-03-29,2026-07-04
gate,WLD_USDT,9381,2026-03-29,2026-07-04
gate,DYDX_USDT,9354,2026-03-29,2026-07-04
gate,WIF_USDT,9354,2026-03-29,2026-07-04
gate,PUMP_USDT,9354,2026-03-29,2026-07-04
gate,NFP_USDT,9339,2026-03-29,2026-07-04
gate,TRUMP_USDT,9339,2026-03-29,2026-07-04
gate,VVV_USDT,9313,2026-03-29,2026-07-04
gate,TLM_USDT,9273,2026-03-30,2026-07-04
gate,NOM_USDT,9258,2026-03-30,2026-07-04
gate,ONDO_USDT,9258,2026-03-30,2026-07-04
gate,BIRB_USDT,9258,2026-03-30,2026-07-04
gate,BASED_USDT,9257,2026-03-30,2026-07-04
gate,ALLO_USDT,9251,2026-03-30,2026-07-04
gate,GUA_USDT,9251,2026-03-30,2026-07-04
gate,MET_USDT,9249,2026-03-30,2026-07-04
gate,MAGMA_USDT,9249,2026-03-30,2026-07-04
gate,MSTRX_USDT,9247,2026-03-28,2026-07-02
gate,XAG_USDT,9247,2026-03-28,2026-07-02
gate,SNDK_USDT,9247,2026-03-28,2026-07-02
gate,RIF_USDT,9247,2026-03-30,2026-07-04
gate,MU_USDT,9247,2026-03-28,2026-07-02
gate,币安人生_USDT,9244,2026-03-30,2026-07-04
gate,DOT_USDT,9236,2026-03-30,2026-07-04
gate,B_USDT,9235,2026-03-30,2026-07-04
gate,ICP_USDT,9233,2026-03-30,2026-07-04
gate,XAU_USDT,9170,2026-03-29,2026-07-02
gate,XAUT_USDT,9164,2026-03-29,2026-07-02
gate,EWY_USDT,9151,2026-03-29,2026-07-02
gate,NVDAX_USDT,9148,2026-03-29,2026-07-02
gate,CRCLX_USDT,9148,2026-03-29,2026-07-02
gate,INTC_USDT,9148,2026-03-29,2026-07-02
gate,MRVL_USDT,9148,2026-03-29,2026-07-02
gate,TSLAX_USDT,9148,2026-03-29,2026-07-02
gate,QQQX_USDT,9148,2026-03-29,2026-07-02
gate,KAS_USDT,9146,2026-03-29,2026-07-02
gate,IN_USDT,9145,2026-03-29,2026-07-02
gate,PAXG_USDT,9142,2026-03-29,2026-07-02
gate,ORDI_USDT,9140,2026-03-29,2026-07-02
gate,BIO_USDT,9097,2026-03-29,2026-07-02
gate,ZBT_USDT,9089,2026-03-29,2026-07-02
gate,FET_USDT,9083,2026-03-29,2026-07-02
gate,APR_USDT,9081,2026-03-29,2026-07-02
gate,BSV_USDT,9071,2026-03-29,2026-07-02
gate,JUP_USDT,9071,2026-03-29,2026-07-02
gate,RESOLV_USDT,9061,2026-03-29,2026-07-02
okx,HBAR_USDT,9060,2026-03-16,2026-06-18
okx,INJ_USDT,9060,2026-03-16,2026-06-18
okx,ZAMA_USDT,9060,2026-03-16,2026-06-18
gate,MORPHO_USDT,9041,2026-03-30,2026-07-02
gate,PYTH_USDT,9036,2026-03-29,2026-07-01
gate,ME_USDT,9030,2026-03-30,2026-07-02
gate,BREV_USDT,9027,2026-03-30,2026-07-02
gate,PTB_USDT,9024,2026-03-30,2026-07-02
gate,VIRTUAL_USDT,9024,2026-03-30,2026-07-02
gate,LITE_USDT,9024,2026-03-30,2026-07-02
gate,HEMI_USDT,9024,2026-03-30,2026-07-02
gate,US_USDT,9023,2026-03-30,2026-07-02
gate,FLUID_USDT,9023,2026-03-30,2026-07-02
gate,CLO_USDT,9020,2026-03-29,2026-06-30
gate,CHZ_USDT,9014,2026-03-29,2026-06-30
gate,DEEP_USDT,9012,2026-03-30,2026-07-02
gate,INJ_USDT,9012,2026-03-30,2026-07-02
gate,AGLD_USDT,9012,2026-03-29,2026-06-30
gate,MYX_USDT,9012,2026-03-29,2026-06-30
gate,METAX_USDT,9009,2026-03-30,2026-07-02
gate,ESPORTS_USDT,9008,2026-03-30,2026-07-02
gate,MANTA_USDT,9008,2026-03-29,2026-06-30
gate,BANK_USDT,9007,2026-03-30,2026-07-02
okx,MON_USDT,8360,2026-03-23,2026-06-18
okx,BASED_USDT,7691,2026-03-30,2026-06-18
okx,OFC_USDT,6732,2026-04-09,2026-06-18
okx,ZRO_USDT,6536,2026-04-11,2026-06-18
okx,ID_USDT,6536,2026-04-11,2026-06-18
gate,GLW_USDT,6254,2026-04-28,2026-07-02
gate,AIGENSYN_USDT,6118,2026-04-29,2026-07-02
gate,CL_USDT,6047,2026-04-30,2026-07-02
gate,BZ_USDT,6047,2026-04-30,2026-07-02
okx,GRASS_USDT,5265,2026-04-24,2026-06-18
gate,SOXL_USDT,4929,2026-05-14,2026-07-04
okx,MEGA_USDT,4701,2026-04-30,2026-06-18
gate,CBRS_USDT,4625,2026-05-15,2026-07-02
gate,DRAM_USDT,4345,2026-05-18,2026-07-02
gate,SPCX_USDT,3960,2026-05-22,2026-07-02
gate,SLX_USDT,3805,2026-05-26,2026-07-04
gate,DOGS_USDT,3000,2026-06-03,2026-07-04
gate,PENGU_USDT,3000,2026-06-03,2026-07-04
gate,我踏马来了_USDT,3000,2026-06-03,2026-07-04
gate,GALA_USDT,3000,2026-06-03,2026-07-04
gate,OPEN_USDT,3000,2026-06-03,2026-07-04
gate,TRB_USDT,3000,2026-06-03,2026-07-04
gate,HMSTR_USDT,3000,2026-06-03,2026-07-04
gate,BROCCOLI_USDT,3000,2026-06-03,2026-07-04
gate,TAG_USDT,3000,2026-06-03,2026-07-04
gate,TA_USDT,3000,2026-06-03,2026-07-04
gate,COOKIE_USDT,3000,2026-06-03,2026-07-04
gate,CRV_USDT,3000,2026-06-03,2026-07-04
gate,NOT_USDT,3000,2026-06-03,2026-07-04
gate,IMX_USDT,3000,2026-06-03,2026-07-04
gate,ZKP_USDT,3000,2026-06-03,2026-07-04
gate,AVA_USDT,3000,2026-06-03,2026-07-04
gate,JCT_USDT,3000,2026-06-03,2026-07-04
gate,HFT_USDT,3000,2026-06-03,2026-07-04
gate,SPX_USDT,3000,2026-06-03,2026-07-04
gate,PIPPIN_USDT,3000,2026-06-03,2026-07-04
gate,FLOKI_USDT,3000,2026-06-03,2026-07-04
gate,A_USDT,3000,2026-06-03,2026-07-04
gate,BEL_USDT,3000,2026-06-03,2026-07-04
gate,DYM_USDT,3000,2026-06-03,2026-07-04
gate,EIGEN_USDT,3000,2026-06-03,2026-07-04
gate,SHIB_USDT,3000,2026-06-03,2026-07-04
gate,ZETA_USDT,3000,2026-06-03,2026-07-04
gate,BONK_USDT,3000,2026-06-03,2026-07-04
gate,ARPA_USDT,3000,2026-06-03,2026-07-04
gate,TSTBSC_USDT,3000,2026-06-03,2026-07-04
gate,TAKE_USDT,3000,2026-06-03,2026-07-04
gate,SCRT_USDT,3000,2026-06-03,2026-07-04
gate,Q_USDT,3000,2026-06-03,2026-07-04
gate,HEI_USDT,3000,2026-06-03,2026-07-04
gate,MINA_USDT,3000,2026-06-03,2026-07-04
gate,BULLA_USDT,3000,2026-06-03,2026-07-04
gate,ID_USDT,3000,2026-06-03,2026-07-04
gate,VANRY_USDT,3000,2026-06-03,2026-07-04
gate,MOVR_USDT,3000,2026-06-03,2026-07-04
gate,OGN_USDT,3000,2026-06-03,2026-07-04
gate,AT_USDT,3000,2026-06-03,2026-07-04
gate,DEXE_USDT,3000,2026-06-03,2026-07-04
gate,TOWNS_USDT,3000,2026-06-03,2026-07-04
gate,UP_USDT,3000,2026-06-03,2026-07-04
gate,PLAY_USDT,3000,2026-06-03,2026-07-04
gate,MIRA_USDT,3000,2026-06-03,2026-07-04
gate,VELODROME_USDT,3000,2026-06-03,2026-07-04
gate,GUN_USDT,3000,2026-06-03,2026-07-04
gate,AKE_USDT,3000,2026-06-03,2026-07-04
gate,RPL_USDT,3000,2026-06-03,2026-07-04
gate,MUBARAK_USDT,3000,2026-06-03,2026-07-04
gate,SIREN_USDT,3000,2026-06-03,2026-07-04
gate,ETHFI_USDT,3000,2026-06-03,2026-07-04
gate,THE_USDT,3000,2026-06-03,2026-07-04
gate,UAI_USDT,3000,2026-06-03,2026-07-04
gate,ETHW_USDT,3000,2026-06-03,2026-07-04
gate,ETC_USDT,3000,2026-06-03,2026-07-04
gate,ZEREBRO_USDT,3000,2026-06-03,2026-07-04
gate,XNY_USDT,3000,2026-06-03,2026-07-04
gate,CHILLGUY_USDT,3000,2026-06-03,2026-07-04
gate,FIGHT_USDT,3000,2026-06-03,2026-07-04
gate,B2_USDT,3000,2026-06-03,2026-07-04
gate,ZRX_USDT,3000,2026-06-03,2026-07-04
gate,AERO_USDT,3000,2026-06-03,2026-07-04
gate,AAOI_USDT,2994,2026-06-01,2026-07-02
gate,SKHYNIX_USDT,2907,2026-06-02,2026-07-02
gate,BTW_USDT,2905,2026-06-04,2026-07-04
gate,SAMSUNG_USDT,2884,2026-06-02,2026-07-02
okx,EDGE_USDT,2312,2026-05-24,2026-06-18
okx,ATOM_USDT,2312,2026-05-25,2026-06-18
okx,VIRTUAL_USDT,2312,2026-05-25,2026-06-18
okx,USDC_USDT,2312,2026-05-24,2026-06-18
okx,HMSTR_USDT,2312,2026-05-25,2026-06-18
okx,USDG_USDT,2312,2026-05-24,2026-06-18
okx,SENT_USDT,2312,2026-05-25,2026-06-18
gate,GRAM_USDT,1749,2026-06-16,2026-07-04
gate,O_USDT,1579,2026-06-18,2026-07-04
okx,XPL_USDT_SWAP,1500,2026-06-19,2026-07-04
okx,SLX_USDT_SWAP,1500,2026-06-19,2026-07-04
okx,PENGU_USDT_SWAP,1500,2026-06-19,2026-07-04
okx,ADA_USDT_SWAP,1500,2026-06-19,2026-07-04
okx,RSR_USDT_SWAP,1500,2026-06-19,2026-07-04
okx,GMT_USDT_SWAP,1500,2026-06-19,2026-07-04
okx,TURBO_USDT_SWAP,1500,2026-06-19,2026-07-04
okx,F_USDT_SWAP,1500,2026-06-19,2026-07-04
okx,MEME_USDT_SWAP,1500,2026-06-19,2026-07-04
okx,EIGEN_USDT_SWAP,1500,2026-06-19,2026-07-04
okx,ETHW_USDT_SWAP,1500,2026-06-19,2026-07-04
okx,IOST_USDT_SWAP,1500,2026-06-19,2026-07-04
okx,FLOKI_USDT_SWAP,1500,2026-06-19,2026-07-04
okx,RAVE_USDT_SWAP,1500,2026-06-19,2026-07-04
okx,SPACE_USDT_SWAP,1500,2026-06-19,2026-07-04
okx,ZKP_USDT_SWAP,1500,2026-06-19,2026-07-04
okx,W_USDT_SWAP,1500,2026-06-19,2026-07-04
okx,NEIRO_USDT_SWAP,1500,2026-06-19,2026-07-04
okx,RLS_USDT_SWAP,1500,2026-06-19,2026-07-04
okx,ACT_USDT_SWAP,1500,2026-06-19,2026-07-04
okx,PEPE_USDT_SWAP,1500,2026-06-19,2026-07-04
okx,ALLO_USDT_SWAP,1500,2026-06-19,2026-07-04
okx,MINA_USDT_SWAP,1500,2026-06-19,2026-07-04
okx,MEGA_USDT_SWAP,1500,2026-06-19,2026-07-04
okx,CHIP_USDT_SWAP,1500,2026-06-19,2026-07-04
okx,JTO_USDT_SWAP,1500,2026-06-19,2026-07-04
okx,ZK_USDT_SWAP,1500,2026-06-19,2026-07-04
okx,BOME_USDT_SWAP,1500,2026-06-19,2026-07-04
okx,HMSTR_USDT_SWAP,1500,2026-06-19,2026-07-04
okx,ZETA_USDT_SWAP,1500,2026-06-19,2026-07-04
okx,GPS_USDT_SWAP,1500,2026-06-19,2026-07-04
okx,ETHFI_USDT_SWAP,1500,2026-06-19,2026-07-04
okx,SENT_USDT_SWAP,1500,2026-06-19,2026-07-04
okx,AT_USDT_SWAP,1500,2026-06-19,2026-07-04
okx,KAT_USDT_SWAP,1500,2026-06-19,2026-07-04
okx,DOOD_USDT_SWAP,1500,2026-06-19,2026-07-04
okx,BASED_USDT_SWAP,1500,2026-06-19,2026-07-04
okx,A_USDT_SWAP,1500,2026-06-19,2026-07-04
okx,ATH_USDT_SWAP,1500,2026-06-19,2026-07-04
okx,FOGO_USDT_SWAP,1500,2026-06-19,2026-07-04
okx,MEW_USDT_SWAP,1500,2026-06-19,2026-07-04
okx,NOT_USDT_SWAP,1500,2026-06-19,2026-07-04
okx,GALA_USDT_SWAP,1500,2026-06-19,2026-07-04
okx,DOGE_USDT_SWAP,1500,2026-06-19,2026-07-04
okx,LINEA_USDT_SWAP,1500,2026-06-19,2026-07-04
okx,O_USDT_SWAP,1500,2026-06-19,2026-07-04
okx,HBAR_USDT_SWAP,1500,2026-06-19,2026-07-04
okx,PUMP_USDT_SWAP,1500,2026-06-19,2026-07-04
okx,AI_USDT_SWAP,1500,2026-06-19,2026-07-04
okx,ANIME_USDT_SWAP,1500,2026-06-19,2026-07-04
okx,BICO_USDT_SWAP,1500,2026-06-19,2026-07-04
okx,OFC_USDT_SWAP,1500,2026-06-19,2026-07-04
okx,MUBARAK_USDT_SWAP,1500,2026-06-19,2026-07-04
okx,CHZ_USDT_SWAP,1500,2026-06-19,2026-07-04
okx,PIPPIN_USDT_SWAP,1500,2026-06-19,2026-07-04
okx,XRP_USDT_SWAP,1500,2026-06-19,2026-07-04
okx,TRIA_USDT_SWAP,1500,2026-06-19,2026-07-04
okx,SAHARA_USDT_SWAP,1500,2026-06-19,2026-07-04
okx,UB_USDT_SWAP,1500,2026-06-19,2026-07-04
okx,SATS_USDT_SWAP,1500,2026-06-19,2026-07-04
okx,RESOLV_USDT_SWAP,1500,2026-06-19,2026-07-04
okx,PEOPLE_USDT_SWAP,1500,2026-06-19,2026-07-04
okx,WLD_USDT_SWAP,1500,2026-06-19,2026-07-04
okx,ZRX_USDT_SWAP,1500,2026-06-19,2026-07-04
okx,BEAT_USDT_SWAP,1500,2026-06-19,2026-07-04
okx,MET_USDT_SWAP,1500,2026-06-19,2026-07-04
okx,UP_USDT_SWAP,1500,2026-06-19,2026-07-04
okx,XLM_USDT_SWAP,1500,2026-06-19,2026-07-04
okx,ZIL_USDT_SWAP,1500,2026-06-19,2026-07-04
okx,LAB_USDT_SWAP,1500,2026-06-19,2026-07-04
okx,BONK_USDT_SWAP,1500,2026-06-19,2026-07-04
okx,H_USDT_SWAP,1500,2026-06-19,2026-07-04
okx,SHIB_USDT_SWAP,1500,2026-06-19,2026-07-04
okx,ENA_USDT_SWAP,1500,2026-06-19,2026-07-04
okx,AERO_USDT_SWAP,1500,2026-06-19,2026-07-04
okx,IMX_USDT_SWAP,1500,2026-06-19,2026-07-04
okx,WLFI_USDT_SWAP,1500,2026-06-19,2026-07-04
gate,SOXS_USDT,1458,2026-06-17,2026-07-02
gate,RE_USDT,1240,2026-06-18,2026-07-01
gate,SKSQUARE_USDT,1016,2026-06-24,2026-07-04
gate,NES_USDT,985,2026-06-24,2026-07-04
okx,CAP_USDT_SWAP,795,2026-06-26,2026-07-04
gate,CAP_USDT,702,2026-06-27,2026-07-04
okx,MUU_USDT_SWAP,231,2026-07-02,2026-07-04
okx,VVV_USDT_SWAP,149,2026-07-03,2026-07-04
okx,GRAM_USDT,59,2026-06-17,2026-06-18
