source,symbol,entry_time,exit_time,score,outcome,gross_ret
okx,PI_USDT,2025-06-04 16:45:00+00:00,2025-06-04 18:00:00+00:00,0.4653344005352044,sl,-0.0055601236950152
okx,BNB_USDT,2025-06-05 06:00:00+00:00,2025-06-05 11:00:00+00:00,0.4362469190317482,sl,-0.003451319658743
okx,TRX_USDT,2025-06-05 09:15:00+00:00,2025-06-05 10:00:00+00:00,0.47747237721655816,sl,-0.0043747519769676
okx,TRX_USDT,2025-06-07 00:15:00+00:00,2025-06-07 09:45:00+00:00,0.4295653799389405,tp,0.0064047013278041
okx,BTC_USDT,2025-06-07 02:30:00+00:00,2025-06-07 07:00:00+00:00,0.43917293753623693,tp,0.0071104186353339
okx,ICP_USDT,2025-06-07 07:45:00+00:00,2025-06-07 12:15:00+00:00,0.44938806964914546,tp,0.0160958400491213
okx,ETH_USDT_SWAP,2025-06-07 14:00:00+00:00,2025-06-07 22:45:00+00:00,0.46405962019862046,tp,0.0115039755708328
okx,ETH_USDT,2025-06-07 14:00:00+00:00,2025-06-07 22:45:00+00:00,0.45871676982284915,tp,0.0112785519518345
okx,PI_USDT,2025-06-07 17:45:00+00:00,2025-06-07 18:15:00+00:00,0.44119808603215666,tp,0.0106424120663735
okx,DOT_USDT,2025-06-08 12:30:00+00:00,2025-06-08 15:15:00+00:00,0.4562528875089512,tp,0.0131878141195311
okx,POL_USDT,2025-06-09 10:30:00+00:00,2025-06-09 21:15:00+00:00,0.4343525224987762,tp,0.0132999679183336
okx,PI_USDT,2025-06-10 09:30:00+00:00,2025-06-10 13:00:00+00:00,0.4796892667949631,tp,0.0119066801754952
okx,TRX_USDT,2025-06-10 09:30:00+00:00,2025-06-10 11:15:00+00:00,0.4453546029672613,tp,0.0088591828956481
okx,BNB_USDT,2025-06-10 11:45:00+00:00,2025-06-10 14:00:00+00:00,0.4672548963928914,sl,-0.0051623059305254
okx,BNB_USDT,2025-06-10 17:15:00+00:00,2025-06-10 22:15:00+00:00,0.4690197387421668,tp,0.0120438727992233
okx,BTC_USDT,2025-06-11 13:45:00+00:00,2025-06-11 18:00:00+00:00,0.43798426957293785,sl,-0.0044033224309552
okx,OKB_USDT,2025-06-11 14:00:00+00:00,2025-06-11 15:00:00+00:00,0.44909984986815643,sl,-0.0043815100220864
okx,BNB_USDT,2025-06-11 14:30:00+00:00,2025-06-11 15:30:00+00:00,0.47422540974302785,sl,-0.0046305935063183
okx,BNB_USDT,2025-06-12 08:15:00+00:00,2025-06-12 11:30:00+00:00,0.4288868645801435,sl,-0.0039349854055641
okx,TRUMP_USDT,2025-06-14 11:15:00+00:00,2025-06-14 13:15:00+00:00,0.4644916709575758,tp,0.0151313876726424
okx,BNB_USDT,2025-06-16 01:45:00+00:00,2025-06-16 05:30:00+00:00,0.434036249993734,tp,0.0077869934103158
okx,OKB_USDT,2025-06-16 14:30:00+00:00,2025-06-16 16:00:00+00:00,0.43781823198490055,sl,-0.0051946520016183
okx,LTC_USDT,2025-06-19 10:00:00+00:00,2025-06-19 14:00:00+00:00,0.4274482668336987,sl,-0.0058857418276115
okx,SHIB_USDT,2025-06-20 07:45:00+00:00,2025-06-20 12:45:00+00:00,0.42833418986027477,tp,0.0120948076994045
okx,LTC_USDT,2025-06-23 12:30:00+00:00,2025-06-23 13:45:00+00:00,0.46594773485044294,tp,0.0133704430129788
okx,BNB_USDT,2025-06-26 00:15:00+00:00,2025-06-26 07:00:00+00:00,0.47796073718956533,sl,-0.0033707979823317
okx,LTC_USDT,2025-06-26 00:30:00+00:00,2025-06-26 13:00:00+00:00,0.4558813742833328,sl,-0.0065360710488274
okx,ETH_USDT,2025-06-26 01:30:00+00:00,2025-06-26 03:00:00+00:00,0.4627034940502548,tp,0.0166757057623012
okx,ETH_USDT_SWAP,2025-06-26 01:30:00+00:00,2025-06-26 03:00:00+00:00,0.4305808199779965,tp,0.0171860932213201
okx,SHIB_USDT,2025-06-26 01:30:00+00:00,2025-06-26 05:45:00+00:00,0.42547128815343216,sl,-0.0078780164915163
okx,BNB_USDT,2025-06-26 08:15:00+00:00,2025-06-26 10:15:00+00:00,0.4913957768206885,sl,-0.0032669936259467
okx,BTC_USDT,2025-06-26 20:00:00+00:00,2025-06-26 21:45:00+00:00,0.494052931476159,sl,-0.004537827398799
okx,ONDO_USDT,2025-06-28 06:00:00+00:00,2025-06-28 10:00:00+00:00,0.4245429604151947,tp,0.0136431670114387
okx,CHZ_USDT,2025-06-28 13:00:00+00:00,2025-06-28 13:30:00+00:00,0.4283320058107089,sl,-0.0048134098325456
okx,LTC_USDT,2025-06-28 14:00:00+00:00,2025-06-28 16:00:00+00:00,0.46369179102718394,tp,0.00839097043076
okx,AVAX_USDT,2025-06-28 15:00:00+00:00,2025-06-28 16:15:00+00:00,0.4537026707363484,tp,0.0098594998844578
okx,NEAR_USDT,2025-06-28 15:15:00+00:00,2025-06-28 16:15:00+00:00,0.44707652029649353,tp,0.0115823349516295
okx,ZRO_USDT,2025-06-28 15:45:00+00:00,2025-06-28 16:15:00+00:00,0.4601161603769025,tp,0.0124722961536734
okx,SHIB_USDT,2025-06-28 15:45:00+00:00,2025-06-28 16:15:00+00:00,0.45952671921632743,tp,0.0085576848471877
okx,CFX_USDT,2025-06-28 16:00:00+00:00,2025-06-28 19:30:00+00:00,0.46987597228678357,tp,0.0109900532097031
okx,ICP_USDT,2025-06-28 16:00:00+00:00,2025-06-28 19:30:00+00:00,0.43723787313991813,tp,0.0123290031158305
okx,CRV_USDT,2025-06-28 16:45:00+00:00,2025-06-29 10:45:00+00:00,0.4268135136758517,timeout,-0.0005833171300796
okx,ETC_USDT,2025-06-29 05:30:00+00:00,2025-06-29 06:45:00+00:00,0.4309053170452908,tp,0.0062320999507605
okx,DOGE_USDT,2025-06-29 06:45:00+00:00,2025-06-29 16:00:00+00:00,0.44804275694244494,sl,-0.0041167495585304
okx,SAND_USDT,2025-06-29 07:15:00+00:00,2025-06-29 09:45:00+00:00,0.42653824483394465,tp,0.0114077710840689
okx,HBAR_USDT,2025-06-29 07:45:00+00:00,2025-06-29 09:15:00+00:00,0.43733325281506846,tp,0.0081707362881366
okx,HBAR_USDT,2025-06-29 18:45:00+00:00,2025-06-29 20:15:00+00:00,0.42833346706635456,sl,-0.0064056459522744
okx,CHZ_USDT,2025-06-29 19:00:00+00:00,2025-06-29 21:15:00+00:00,0.42746252189536776,sl,-0.0049444549160766
okx,LTC_USDT,2025-06-29 21:45:00+00:00,2025-06-29 22:30:00+00:00,0.47897723845967605,tp,0.0087322841896577
okx,DOGE_USDT,2025-06-29 21:45:00+00:00,2025-06-29 22:15:00+00:00,0.4585059547127809,tp,0.0110756918193757
okx,TRUMP_USDT,2025-06-29 22:00:00+00:00,2025-06-29 22:30:00+00:00,0.45510348371752757,tp,0.0099957080329604
okx,BTC_USDT,2025-06-29 22:45:00+00:00,2025-06-30 06:45:00+00:00,0.4411113694226735,sl,-0.0033515548314385
okx,TRX_USDT,2025-06-30 15:15:00+00:00,2025-06-30 16:45:00+00:00,0.47975046823981315,tp,0.0068161213567132
okx,BNB_USDT,2025-06-30 15:45:00+00:00,2025-07-01 05:15:00+00:00,0.4462943931519088,sl,-0.0041131835273843
okx,TRX_USDT,2025-07-01 19:15:00+00:00,2025-07-01 23:15:00+00:00,0.4715297812581051,sl,-0.0033767260721813
okx,ATOM_USDT,2025-07-02 10:45:00+00:00,2025-07-02 15:15:00+00:00,0.4545048223120688,tp,0.0120893674305841
okx,ETH_USDT_SWAP,2025-07-02 13:15:00+00:00,2025-07-02 15:15:00+00:00,0.4422853254246119,tp,0.0116489279435232
okx,ETH_USDT,2025-07-02 13:15:00+00:00,2025-07-02 15:15:00+00:00,0.4294678008556769,tp,0.0116803567436731
okx,DOGE_USDT,2025-07-02 13:45:00+00:00,2025-07-02 15:15:00+00:00,0.45304988602368745,tp,0.0138746982029891
okx,LTC_USDT,2025-07-02 14:00:00+00:00,2025-07-02 15:15:00+00:00,0.43426086758115934,tp,0.0108845961251862
okx,TRX_USDT,2025-07-02 17:45:00+00:00,2025-07-02 23:30:00+00:00,0.4318094510122507,tp,0.0099057494751495
okx,BNB_USDT,2025-07-03 06:30:00+00:00,2025-07-03 12:45:00+00:00,0.4305306171288337,sl,-0.0030878979678438
okx,TRX_USDT,2025-07-03 12:45:00+00:00,2025-07-03 16:30:00+00:00,0.5035532779522911,tp,0.0094040376446367
okx,OKB_USDT,2025-07-03 19:45:00+00:00,2025-07-04 06:30:00+00:00,0.436527634751133,sl,-0.003365048829679
okx,TRX_USDT,2025-07-04 09:30:00+00:00,2025-07-04 12:30:00+00:00,0.46842909855208803,sl,-0.0037145020909928
okx,TRX_USDT,2025-07-05 15:00:00+00:00,2025-07-05 17:30:00+00:00,0.43994170650534836,sl,-0.0033438488757961
okx,ONDO_USDT,2025-07-05 22:00:00+00:00,2025-07-06 03:30:00+00:00,0.43201142715982443,sl,-0.0069479135581577
okx,XRP_USDT,2025-07-06 05:15:00+00:00,2025-07-06 08:45:00+00:00,0.4338556380683261,tp,0.0063498577400931
okx,ETH_USDT,2025-07-06 12:45:00+00:00,2025-07-06 13:30:00+00:00,0.42505190199705956,tp,0.0069636853705001
okx,ETH_USDT_SWAP,2025-07-06 12:45:00+00:00,2025-07-06 13:30:00+00:00,0.42505190199705956,tp,0.0070248740769787
okx,SUI_USDT,2025-07-06 13:15:00+00:00,2025-07-06 14:00:00+00:00,0.4289751608289483,tp,0.0136886366383039
okx,ATOM_USDT,2025-07-06 13:30:00+00:00,2025-07-06 14:00:00+00:00,0.4291831710680028,tp,0.0092990055200947
okx,LINK_USDT,2025-07-06 13:30:00+00:00,2025-07-06 14:00:00+00:00,0.42507958394971646,tp,0.0098374136097239
okx,TRUMP_USDT,2025-07-07 08:00:00+00:00,2025-07-07 09:15:00+00:00,0.45952671921632743,sl,-0.005797159900801
okx,POL_USDT,2025-07-08 04:15:00+00:00,2025-07-08 11:00:00+00:00,0.4416643883839744,tp,0.0136741321620745
okx,ETH_USDT_SWAP,2025-07-08 05:45:00+00:00,2025-07-08 11:15:00+00:00,0.43765680064619894,tp,0.0101882064883913
okx,ETH_USDT,2025-07-08 05:45:00+00:00,2025-07-08 11:15:00+00:00,0.42800313348107555,tp,0.0100003713178742
okx,NEAR_USDT,2025-07-08 11:00:00+00:00,2025-07-08 17:15:00+00:00,0.42638074976131213,tp,0.0163583253587142
okx,BCH_USDT,2025-07-08 12:00:00+00:00,2025-07-08 12:15:00+00:00,0.4635099273861014,tp,0.0068707797364806
okx,LTC_USDT,2025-07-08 12:30:00+00:00,2025-07-08 14:15:00+00:00,0.4245684794699201,sl,-0.0050602023433105
okx,BCH_USDT,2025-07-09 00:45:00+00:00,2025-07-09 02:45:00+00:00,0.43991610513492746,tp,0.0106481941733209
okx,SUI_USDT,2025-07-09 04:45:00+00:00,2025-07-09 11:30:00+00:00,0.4558021491934825,tp,0.0138833290623419
okx,DOGE_USDT,2025-07-09 05:15:00+00:00,2025-07-09 05:45:00+00:00,0.4438573672473766,tp,0.0146891826098121
okx,ADA_USDT,2025-07-09 05:15:00+00:00,2025-07-09 05:45:00+00:00,0.4311473279186244,tp,0.0130187314591443
okx,ICP_USDT,2025-07-09 05:30:00+00:00,2025-07-09 10:45:00+00:00,0.45977732730941023,tp,0.0139404416054922
okx,SOL_USDT,2025-07-09 05:45:00+00:00,2025-07-09 19:30:00+00:00,0.4334103892719942,tp,0.015111123432044
okx,BNB_USDT,2025-07-09 15:00:00+00:00,2025-07-09 19:30:00+00:00,0.43522843947577233,tp,0.0061675771566505
okx,PI_USDT,2025-07-09 18:30:00+00:00,2025-07-09 20:00:00+00:00,0.433084434132476,tp,0.0154999303979561
okx,BNB_USDT,2025-07-10 17:15:00+00:00,2025-07-10 21:30:00+00:00,0.47051802851988983,tp,0.0086544833906923
okx,ETH_USDT,2025-07-13 01:00:00+00:00,2025-07-13 13:00:00+00:00,0.4668786229457815,tp,0.0122985050256612
okx,ETH_USDT_SWAP,2025-07-13 01:15:00+00:00,2025-07-13 13:00:00+00:00,0.4787643594394561,tp,0.0121952626246719
okx,SOL_USDT,2025-07-13 04:15:00+00:00,2025-07-13 14:30:00+00:00,0.4271205203349091,tp,0.0138090893039546
okx,APE_USDT,2025-07-13 10:30:00+00:00,2025-07-13 13:00:00+00:00,0.4293593524777978,tp,0.0157677315413529
okx,TRX_USDT,2025-07-13 11:00:00+00:00,2025-07-13 16:00:00+00:00,0.4682237441327109,tp,0.006264914926634
okx,ETC_USDT,2025-07-13 11:15:00+00:00,2025-07-13 14:30:00+00:00,0.4554369885832285,tp,0.0127568426415214
okx,BNB_USDT,2025-07-13 19:00:00+00:00,2025-07-13 21:45:00+00:00,0.45985941057830104,sl,-0.0032989860834631
okx,BNB_USDT,2025-07-14 02:45:00+00:00,2025-07-14 03:45:00+00:00,0.4931845694633203,tp,0.0079488387720421
okx,BTC_USDT,2025-07-16 08:30:00+00:00,2025-07-16 09:30:00+00:00,0.42484102592970063,tp,0.0075929095902325
okx,BTC_USDT,2025-07-16 14:45:00+00:00,2025-07-16 19:00:00+00:00,0.4315897682338704,tp,0.0109356509696414
okx,BNB_USDT,2025-07-20 01:15:00+00:00,2025-07-20 03:45:00+00:00,0.4591042249145298,tp,0.0108258938429843
okx,OKB_USDT,2025-07-21 04:45:00+00:00,2025-07-21 07:00:00+00:00,0.44441750012507575,tp,0.0133045357309746
okx,OKB_USDT,2025-07-23 00:30:00+00:00,2025-07-23 01:00:00+00:00,0.45098315953137297,tp,0.0103842881336984
okx,OKB_USDT,2025-07-26 08:30:00+00:00,2025-07-26 09:00:00+00:00,0.42571668363325593,sl,-0.0045360492169848
okx,APT_USDT,2025-07-26 12:30:00+00:00,2025-07-26 22:00:00+00:00,0.4423977995019913,tp,0.0130699461028871
okx,BNB_USDT,2025-07-26 19:15:00+00:00,2025-07-26 22:00:00+00:00,0.4887303946862272,tp,0.0071962960028297
okx,ETC_USDT,2025-07-27 01:15:00+00:00,2025-07-27 08:00:00+00:00,0.46956234323793883,sl,-0.0065174355754772
okx,AAVE_USDT,2025-07-27 04:45:00+00:00,2025-07-27 08:45:00+00:00,0.46742412755263246,sl,-0.0068103770429125
okx,PI_USDT,2025-07-27 05:45:00+00:00,2025-07-27 15:15:00+00:00,0.4378835211779612,sl,-0.0037486508167857
okx,AAVE_USDT,2025-07-27 13:15:00+00:00,2025-07-27 22:15:00+00:00,0.44157408411871035,tp,0.0169144949717809
okx,BTC_USDT,2025-07-28 05:30:00+00:00,2025-07-28 07:15:00+00:00,0.42648168109479945,sl,-0.0035110075264388
okx,BTC_USDT,2025-07-31 17:00:00+00:00,2025-07-31 17:30:00+00:00,0.4279801690200939,sl,-0.0045185985076647
okx,FIL_USDT,2025-08-03 20:45:00+00:00,2025-08-04 00:45:00+00:00,0.4327633895130262,tp,0.0113530687300853
okx,TRUMP_USDT,2025-08-04 00:15:00+00:00,2025-08-04 01:00:00+00:00,0.45318001595477414,tp,0.0101459273121413
okx,TIA_USDT,2025-08-04 00:15:00+00:00,2025-08-04 01:00:00+00:00,0.4414863222353357,tp,0.0146572082325695
okx,DOT_USDT,2025-08-04 00:30:00+00:00,2025-08-04 14:00:00+00:00,0.4479610336315855,tp,0.0132378341150041
okx,APE_USDT,2025-08-04 13:00:00+00:00,2025-08-04 14:15:00+00:00,0.45164603675705006,tp,0.0135676532776538
okx,APT_USDT,2025-08-04 13:15:00+00:00,2025-08-04 14:15:00+00:00,0.44334143756808747,tp,0.0139970063846148
okx,TRX_USDT,2025-08-06 07:30:00+00:00,2025-08-06 20:00:00+00:00,0.4528035484078672,tp,0.008362209199165
okx,BTC_USDT,2025-08-06 13:45:00+00:00,2025-08-06 15:00:00+00:00,0.43356901311667867,tp,0.0086988558540346
okx,NEAR_USDT,2025-08-07 06:15:00+00:00,2025-08-07 10:30:00+00:00,0.4386934450174232,tp,0.0159141650586205
okx,ICP_USDT,2025-08-07 06:30:00+00:00,2025-08-07 10:15:00+00:00,0.4253101166655053,tp,0.0127693183553163
okx,BNB_USDT,2025-08-07 10:30:00+00:00,2025-08-07 17:00:00+00:00,0.49087624167062194,sl,-0.0048281148524302
okx,TRX_USDT,2025-08-08 12:45:00+00:00,2025-08-09 00:00:00+00:00,0.46368120140436264,sl,-0.0035374502001717
okx,BCH_USDT,2025-08-11 02:30:00+00:00,2025-08-11 08:15:00+00:00,0.44406943939628213,sl,-0.0063931167377362
okx,TRX_USDT,2025-08-11 03:30:00+00:00,2025-08-11 10:45:00+00:00,0.4333966710198845,tp,0.007019387679388
okx,XRP_USDT,2025-08-16 07:15:00+00:00,2025-08-16 09:00:00+00:00,0.42703216000219,tp,0.0112172859089358
okx,BNB_USDT,2025-08-16 22:15:00+00:00,2025-08-17 00:45:00+00:00,0.42970163018820134,tp,0.0067246715759967
okx,PEPE_USDT,2025-08-17 01:45:00+00:00,2025-08-17 05:30:00+00:00,0.42501131788521235,tp,0.0157005549977544
okx,APT_USDT,2025-08-17 02:30:00+00:00,2025-08-17 05:00:00+00:00,0.44572397374533756,tp,0.014034989506922
okx,SHIB_USDT,2025-08-17 02:30:00+00:00,2025-08-17 09:00:00+00:00,0.4248687429605917,tp,0.0113564599645037
okx,XRP_USDT,2025-08-17 03:15:00+00:00,2025-08-17 18:30:00+00:00,0.4283836120757956,sl,-0.0055945469096609
okx,ATOM_USDT,2025-08-17 04:00:00+00:00,2025-08-17 05:30:00+00:00,0.42724158407719925,tp,0.0111958678941728
okx,TRX_USDT,2025-08-24 04:45:00+00:00,2025-08-24 09:30:00+00:00,0.49324796147576694,tp,0.0073072234249604
okx,BTC_USDT,2025-08-28 03:30:00+00:00,2025-08-28 05:00:00+00:00,0.4279070880482986,tp,0.0099507060851182
okx,TRUMP_USDT,2025-08-29 04:45:00+00:00,2025-08-29 05:30:00+00:00,0.44967165921384183,sl,-0.0067040204171532
okx,AAVE_USDT,2025-08-30 22:30:00+00:00,2025-08-31 01:00:00+00:00,0.43049818484166824,tp,0.012729314987911
okx,APT_USDT,2025-08-30 22:45:00+00:00,2025-08-31 01:45:00+00:00,0.4633213171934756,tp,0.0113064614613891
okx,OP_USDT,2025-08-30 22:45:00+00:00,2025-08-31 01:45:00+00:00,0.42766544164006487,tp,0.0139704186494169
okx,DOGE_USDT,2025-08-30 23:30:00+00:00,2025-08-31 01:00:00+00:00,0.4446009108064129,tp,0.0106836657261073
okx,CHZ_USDT,2025-08-30 23:30:00+00:00,2025-08-31 00:15:00+00:00,0.4322321850906659,tp,0.0085442919924914
okx,TRUMP_USDT,2025-08-31 00:30:00+00:00,2025-08-31 01:00:00+00:00,0.44602911808705376,tp,0.0075410266985669
okx,TRUMP_USDT,2025-08-31 08:30:00+00:00,2025-08-31 08:45:00+00:00,0.4277289460535828,tp,0.007218742199273
okx,FIL_USDT,2025-08-31 21:15:00+00:00,2025-08-31 22:45:00+00:00,0.43649666502942003,sl,-0.005925606936962
okx,ZRO_USDT,2025-09-03 10:00:00+00:00,2025-09-03 15:00:00+00:00,0.43316664500511914,tp,0.0162085876865996
okx,TRX_USDT,2025-09-03 10:15:00+00:00,2025-09-03 14:45:00+00:00,0.4256249399790066,tp,0.0063104726266172
okx,ETC_USDT,2025-09-03 10:30:00+00:00,2025-09-03 14:45:00+00:00,0.45036981831626083,tp,0.0124728674749179
okx,ETH_USDT,2025-09-03 10:30:00+00:00,2025-09-03 14:00:00+00:00,0.4430133537470546,tp,0.0155135438974229
okx,XLM_USDT,2025-09-03 10:45:00+00:00,2025-09-03 21:45:00+00:00,0.4300957901655068,sl,-0.0062708807801483
okx,PI_USDT,2025-09-03 14:30:00+00:00,2025-09-03 15:15:00+00:00,0.43136016658979276,tp,0.0117022843246776
okx,BCH_USDT,2025-09-04 21:15:00+00:00,2025-09-04 22:45:00+00:00,0.4357802932903328,tp,0.0098876355750989
okx,GALA_USDT,2025-09-05 05:00:00+00:00,2025-09-05 07:30:00+00:00,0.44122090620434246,tp,0.0105274772655106
okx,APE_USDT,2025-09-05 05:00:00+00:00,2025-09-05 07:30:00+00:00,0.4373232148782513,tp,0.009152782195672
okx,BNB_USDT,2025-09-05 05:45:00+00:00,2025-09-05 12:45:00+00:00,0.4247460013012593,tp,0.0062969844279578
okx,DOT_USDT,2025-09-05 06:45:00+00:00,2025-09-05 07:30:00+00:00,0.4347850780073803,tp,0.0090123409545157
okx,APT_USDT,2025-09-05 07:15:00+00:00,2025-09-05 12:45:00+00:00,0.44015446490814036,tp,0.0094928976968597
okx,SHIB_USDT,2025-09-05 07:30:00+00:00,2025-09-05 12:45:00+00:00,0.4411150579743966,tp,0.0093029411653671
okx,NEAR_USDT,2025-09-05 07:30:00+00:00,2025-09-05 11:45:00+00:00,0.42724616321928366,tp,0.0119273917972675
okx,TRUMP_USDT,2025-09-05 12:15:00+00:00,2025-09-05 12:45:00+00:00,0.45596926769156293,tp,0.0077297381050924
okx,DOT_USDT,2025-09-06 00:15:00+00:00,2025-09-06 03:15:00+00:00,0.4566071184930982,tp,0.0119950965931843
okx,OP_USDT,2025-09-06 14:30:00+00:00,2025-09-06 16:00:00+00:00,0.4431248393550657,sl,-0.0067003049500262
okx,FIL_USDT,2025-09-06 16:45:00+00:00,2025-09-07 02:00:00+00:00,0.466808516899113,tp,0.0124175496807712
okx,LTC_USDT,2025-09-06 17:00:00+00:00,2025-09-07 06:00:00+00:00,0.44942256962503824,tp,0.0110997490423481
okx,TRUMP_USDT,2025-09-06 20:45:00+00:00,2025-09-07 01:00:00+00:00,0.429477607818087,tp,0.0074068609814763
okx,NEAR_USDT,2025-09-06 23:15:00+00:00,2025-09-07 02:00:00+00:00,0.45405179601451073,tp,0.0111573365805037
okx,SAND_USDT,2025-09-07 00:15:00+00:00,2025-09-07 02:00:00+00:00,0.4320328848856116,tp,0.0098881667883725
okx,GALA_USDT,2025-09-07 00:15:00+00:00,2025-09-07 01:45:00+00:00,0.4274928500299325,tp,0.0114935131474589
okx,AVAX_USDT,2025-09-07 00:45:00+00:00,2025-09-07 06:15:00+00:00,0.44477140003776444,tp,0.0108287765895922
okx,PEPE_USDT,2025-09-07 00:45:00+00:00,2025-09-07 05:30:00+00:00,0.44153896991069597,tp,0.0112519230855701
okx,OP_USDT,2025-09-07 01:15:00+00:00,2025-09-07 16:30:00+00:00,0.4753601372535727,sl,-0.0066241965822877
okx,HBAR_USDT,2025-09-07 02:15:00+00:00,2025-09-07 04:30:00+00:00,0.42745169862896515,tp,0.0096978102551046
okx,ATOM_USDT,2025-09-07 07:30:00+00:00,2025-09-07 10:00:00+00:00,0.47035239487743596,sl,-0.0044459384632118
okx,APT_USDT,2025-09-07 11:00:00+00:00,2025-09-07 23:00:00+00:00,0.4265346271845687,tp,0.0081228965089765
okx,DOGE_USDT,2025-09-07 11:15:00+00:00,2025-09-07 14:15:00+00:00,0.45592664065941213,tp,0.0086248680902654
okx,XLM_USDT,2025-09-07 11:45:00+00:00,2025-09-07 14:15:00+00:00,0.4290604742806292,tp,0.0076521631968413
okx,ICP_USDT,2025-09-07 13:00:00+00:00,2025-09-07 14:15:00+00:00,0.4360541604325776,tp,0.0090493240977576
okx,INJ_USDT,2025-09-07 13:30:00+00:00,2025-09-07 17:15:00+00:00,0.4348381323587007,sl,-0.005546520107176
okx,SHIB_USDT,2025-09-07 13:45:00+00:00,2025-09-07 14:15:00+00:00,0.4401740640590743,tp,0.0066137530660312
okx,UNI_USDT,2025-09-07 14:15:00+00:00,2025-09-07 16:15:00+00:00,0.4307221380939693,sl,-0.0048719487536424
okx,PI_USDT,2025-09-07 17:45:00+00:00,2025-09-08 03:15:00+00:00,0.42861787223762887,tp,0.0075310776535284
okx,SHIB_USDT,2025-09-07 22:15:00+00:00,2025-09-08 03:00:00+00:00,0.49516559829869117,tp,0.0085748559578979
okx,ICP_USDT,2025-09-07 22:30:00+00:00,2025-09-08 02:15:00+00:00,0.49087624167062194,sl,-0.0051753919003382
okx,GALA_USDT,2025-09-07 23:00:00+00:00,2025-09-08 03:00:00+00:00,0.4611471322937441,tp,0.0121982287484967
okx,ATOM_USDT,2025-09-07 23:15:00+00:00,2025-09-08 03:00:00+00:00,0.5015321682914292,tp,0.0095386511872286
okx,APT_USDT,2025-09-08 02:15:00+00:00,2025-09-08 03:15:00+00:00,0.4337238960379526,tp,0.0098814058003497
okx,HBAR_USDT,2025-09-08 02:45:00+00:00,2025-09-08 09:30:00+00:00,0.4698221620515709,tp,0.0154202314560196
okx,TRUMP_USDT,2025-09-08 03:00:00+00:00,2025-09-08 10:30:00+00:00,0.44173612330874107,tp,0.0088348200391121
okx,TRX_USDT,2025-09-08 03:15:00+00:00,2025-09-08 09:30:00+00:00,0.47142891655042957,tp,0.0076041158936177
okx,SUI_USDT,2025-09-08 06:15:00+00:00,2025-09-08 09:15:00+00:00,0.43644428769641563,tp,0.0155583433998731
okx,PI_USDT,2025-09-08 15:30:00+00:00,2025-09-08 18:30:00+00:00,0.45644961087056385,sl,-0.004874326229488
okx,BNB_USDT,2025-09-08 21:30:00+00:00,2025-09-09 00:45:00+00:00,0.4602441937096555,sl,-0.0037893898467263
okx,BNB_USDT,2025-09-10 10:15:00+00:00,2025-09-10 13:00:00+00:00,0.4332755245630467,tp,0.0075115229319089
okx,XRP_USDT,2025-09-10 12:00:00+00:00,2025-09-10 12:45:00+00:00,0.4713875841120141,tp,0.0090869698577942
okx,SHIB_USDT,2025-09-10 12:30:00+00:00,2025-09-10 14:00:00+00:00,0.48626472738929294,tp,0.0120419558491726
okx,FIL_USDT,2025-09-10 12:45:00+00:00,2025-09-10 19:30:00+00:00,0.42565029701434637,sl,-0.0081243273070438
okx,ETH_USDT_SWAP,2025-09-11 01:00:00+00:00,2025-09-11 04:30:00+00:00,0.45276036220904914,tp,0.0119247062676748
okx,ETH_USDT,2025-09-11 01:00:00+00:00,2025-09-11 04:30:00+00:00,0.45276036220904914,tp,0.011802742636694
okx,XRP_USDT,2025-09-11 01:15:00+00:00,2025-09-11 09:30:00+00:00,0.4763669090662966,tp,0.0102560017034634
okx,XRP_USDT,2025-09-11 18:15:00+00:00,2025-09-12 00:45:00+00:00,0.44091584249599614,tp,0.015522152055801
okx,SHIB_USDT,2025-09-11 21:30:00+00:00,2025-09-11 22:30:00+00:00,0.44013818977305197,tp,0.010267953942662
okx,BNB_USDT,2025-09-11 22:15:00+00:00,2025-09-12 00:30:00+00:00,0.48986615365925196,tp,0.0071963839043469
okx,PI_USDT,2025-09-11 22:45:00+00:00,2025-09-12 01:00:00+00:00,0.42859008665889425,tp,0.0075201084257972
okx,LTC_USDT,2025-09-12 14:15:00+00:00,2025-09-12 22:30:00+00:00,0.44990607339980854,tp,0.0130814335608944
okx,BTC_USDT,2025-09-12 16:00:00+00:00,2025-09-12 18:30:00+00:00,0.5011179392093323,tp,0.0083305629022747
okx,TRUMP_USDT,2025-09-12 16:45:00+00:00,2025-09-12 17:30:00+00:00,0.46792162663765724,tp,0.0134479927926602
okx,APT_USDT,2025-09-12 17:00:00+00:00,2025-09-13 01:15:00+00:00,0.4491592885253108,tp,0.0165320324654876
okx,XRP_USDT,2025-09-12 17:30:00+00:00,2025-09-12 20:30:00+00:00,0.4641764494247428,tp,0.015776083218371
okx,BNB_USDT,2025-09-16 15:30:00+00:00,2025-09-16 17:15:00+00:00,0.4419164872594167,tp,0.0115162460641877
okx,BCH_USDT,2025-09-16 16:15:00+00:00,2025-09-17 10:15:00+00:00,0.43066038093156706,timeout,0.0008366800535475
okx,BCH_USDT,2025-09-17 13:30:00+00:00,2025-09-17 14:30:00+00:00,0.44096616445155334,sl,-0.0043961502789411
okx,TRUMP_USDT,2025-09-18 15:30:00+00:00,2025-09-18 23:15:00+00:00,0.47303665887982416,sl,-0.0065853166432102
okx,LTC_USDT,2025-09-18 15:30:00+00:00,2025-09-18 17:30:00+00:00,0.44359342717149985,tp,0.014065083394124
okx,APE_USDT,2025-09-20 21:15:00+00:00,2025-09-21 00:00:00+00:00,0.43953862413699696,sl,-0.0053441361094206
okx,GALA_USDT,2025-09-21 06:00:00+00:00,2025-09-21 09:15:00+00:00,0.4344486317279131,sl,-0.0070730301564839
okx,TRX_USDT,2025-09-23 04:45:00+00:00,2025-09-23 11:00:00+00:00,0.42943229460110266,sl,-0.0038162485020881
okx,TRX_USDT,2025-09-26 15:45:00+00:00,2025-09-27 03:30:00+00:00,0.42999039744616074,tp,0.0113096456501742
okx,LINK_USDT,2025-09-27 14:45:00+00:00,2025-09-27 15:15:00+00:00,0.47184105794961073,sl,-0.0059380142928642
okx,XRP_USDT,2025-09-27 18:45:00+00:00,2025-09-27 22:45:00+00:00,0.42446945630145666,tp,0.0085559607174541
okx,OP_USDT,2025-09-27 21:15:00+00:00,2025-09-27 22:30:00+00:00,0.4644032498091593,tp,0.0132341112199787
okx,FIL_USDT,2025-09-27 21:45:00+00:00,2025-09-28 01:15:00+00:00,0.43651421094587944,sl,-0.0053674371133781
okx,OKB_USDT,2025-09-28 03:00:00+00:00,2025-09-28 11:00:00+00:00,0.46956234323793883,tp,0.0126620385782958
okx,BNB_USDT,2025-09-28 07:00:00+00:00,2025-09-28 08:30:00+00:00,0.4547170981602192,sl,-0.0052761472840419
okx,BNB_USDT,2025-09-28 13:30:00+00:00,2025-09-28 21:15:00+00:00,0.4295616350048236,tp,0.0115643093138202
okx,OKB_USDT,2025-09-28 20:30:00+00:00,2025-09-29 00:00:00+00:00,0.4644507188075971,tp,0.0116528173580416
okx,BTC_USDT,2025-09-30 19:15:00+00:00,2025-10-01 08:30:00+00:00,0.45142483770294134,tp,0.0093440451748827
okx,ETH_USDT,2025-10-01 08:30:00+00:00,2025-10-01 08:45:00+00:00,0.4360445098733524,tp,0.0119339934149935
okx,BNB_USDT,2025-10-01 23:15:00+00:00,2025-10-02 00:15:00+00:00,0.48594857755070625,tp,0.0095189792746952
okx,TRX_USDT,2025-10-02 15:00:00+00:00,2025-10-02 18:45:00+00:00,0.4804821362651829,tp,0.0061350532533905
okx,OKB_USDT,2025-10-03 03:15:00+00:00,2025-10-03 08:30:00+00:00,0.4461384905471431,sl,-0.0073296643423848
okx,TRX_USDT,2025-10-03 12:15:00+00:00,2025-10-03 13:00:00+00:00,0.4484568093988267,sl,-0.003368305093314
okx,POL_USDT,2025-10-03 13:45:00+00:00,2025-10-03 14:30:00+00:00,0.42442853245800266,sl,-0.0067844611656954
okx,TIA_USDT,2025-10-04 21:15:00+00:00,2025-10-04 22:30:00+00:00,0.42638074976131213,tp,0.0167336033677378
okx,ETH_USDT,2025-10-05 02:15:00+00:00,2025-10-05 02:45:00+00:00,0.4660942121605359,tp,0.0078127024862935
okx,ETH_USDT_SWAP,2025-10-05 02:15:00+00:00,2025-10-05 02:45:00+00:00,0.45822833389202666,tp,0.0079393207867608
okx,TRUMP_USDT,2025-10-05 02:45:00+00:00,2025-10-05 08:00:00+00:00,0.4257204025078763,tp,0.0142853423899136
okx,PI_USDT,2025-10-05 07:45:00+00:00,2025-10-05 10:45:00+00:00,0.4319191220759748,sl,-0.0063344332428473
okx,PI_USDT,2025-10-05 14:00:00+00:00,2025-10-05 19:15:00+00:00,0.42653824483394465,sl,-0.0061727986088065
okx,BTC_USDT,2025-10-05 23:45:00+00:00,2025-10-06 11:45:00+00:00,0.4385867442691798,tp,0.0075623431070115
okx,ETH_USDT_SWAP,2025-10-06 06:00:00+00:00,2025-10-06 11:30:00+00:00,0.4661746471401202,tp,0.0124886163372233
okx,XRP_USDT,2025-10-06 10:45:00+00:00,2025-10-06 15:30:00+00:00,0.43054391651288954,tp,0.0115587689628668
okx,SAND_USDT,2025-10-06 12:45:00+00:00,2025-10-06 14:15:00+00:00,0.4298700379609266,tp,0.0151183549753135
okx,PI_USDT,2025-10-06 13:45:00+00:00,2025-10-07 00:15:00+00:00,0.43652452684685533,tp,0.0111722014301987
okx,BTC_USDT,2025-10-07 13:00:00+00:00,2025-10-07 13:45:00+00:00,0.4269915406801817,sl,-0.0036922433589767
okx,TRX_USDT,2025-10-22 06:30:00+00:00,2025-10-22 10:45:00+00:00,0.46000646505766746,sl,-0.0038694664606727
okx,ETH_USDT,2025-10-24 02:00:00+00:00,2025-10-24 04:45:00+00:00,0.4301069986877354,tp,0.0152431033172939
okx,TRUMP_USDT,2025-10-24 03:00:00+00:00,2025-10-24 12:45:00+00:00,0.4570170365558504,tp,0.0111026218120779
okx,XRP_USDT,2025-10-24 03:15:00+00:00,2025-10-24 04:45:00+00:00,0.44036165209459915,tp,0.0119115034060868
okx,OKB_USDT,2025-10-24 04:15:00+00:00,2025-10-24 14:15:00+00:00,0.4465271261691409,sl,-0.0070956910654174
okx,ADA_USDT,2025-10-24 04:30:00+00:00,2025-10-24 12:45:00+00:00,0.44158964274610113,tp,0.0153624801794793
okx,POL_USDT,2025-10-24 04:30:00+00:00,2025-10-24 12:45:00+00:00,0.4294193986898721,tp,0.0131710503815032
okx,PI_USDT,2025-10-24 09:00:00+00:00,2025-10-24 12:45:00+00:00,0.4696963684665218,tp,0.0110210603112796
okx,TRUMP_USDT,2025-10-24 19:15:00+00:00,2025-10-25 01:45:00+00:00,0.46375996821272264,tp,0.0125058062306433
okx,SHIB_USDT,2025-10-24 20:00:00+00:00,2025-10-25 10:15:00+00:00,0.4268216701104051,sl,-0.0063017819168732
okx,BTC_USDT,2025-10-24 21:30:00+00:00,2025-10-25 15:30:00+00:00,0.4357298393076976,timeout,0.0053351562084318
okx,BNB_USDT,2025-10-25 03:45:00+00:00,2025-10-25 10:15:00+00:00,0.4247026002699387,sl,-0.0059901700178005
okx,ETH_USDT_SWAP,2025-10-25 06:15:00+00:00,2025-10-25 18:45:00+00:00,0.513447248165675,tp,0.0090064096942632
okx,ETH_USDT,2025-10-25 06:15:00+00:00,2025-10-25 18:45:00+00:00,0.4880938708771899,tp,0.0088594528634096
okx,HBAR_USDT,2025-10-25 12:15:00+00:00,2025-10-25 16:30:00+00:00,0.4582706697551057,tp,0.0133686949048141
okx,TRUMP_USDT,2025-10-25 12:30:00+00:00,2025-10-25 18:45:00+00:00,0.4763669090662966,tp,0.0088310477120272
okx,TIA_USDT,2025-10-25 12:30:00+00:00,2025-10-25 17:30:00+00:00,0.4406683527720063,tp,0.0129968423015578
okx,NEAR_USDT,2025-10-25 12:30:00+00:00,2025-10-25 18:45:00+00:00,0.4328836642184721,tp,0.0140428839115471
okx,DOT_USDT,2025-10-25 14:15:00+00:00,2025-10-25 20:15:00+00:00,0.4632558258913324,tp,0.0111148809378487
okx,SAND_USDT,2025-10-25 16:45:00+00:00,2025-10-26 01:45:00+00:00,0.4417060211425144,sl,-0.004852134682372
okx,ADA_USDT,2025-10-25 17:15:00+00:00,2025-10-26 00:15:00+00:00,0.47802362987266894,sl,-0.0057105434236025
okx,LTC_USDT,2025-10-25 17:15:00+00:00,2025-10-26 07:15:00+00:00,0.4348582342436418,tp,0.0098400853380715
okx,AVAX_USDT,2025-10-25 17:30:00+00:00,2025-10-25 19:30:00+00:00,0.44511068285174377,tp,0.0104621011579051
okx,SHIB_USDT,2025-10-25 18:15:00+00:00,2025-10-26 02:00:00+00:00,0.4370632657805933,sl,-0.0036736500697854
okx,ETH_USDT_SWAP,2025-10-25 18:45:00+00:00,2025-10-25 21:30:00+00:00,0.44536186619679347,sl,-0.0045008942609374
okx,ETH_USDT,2025-10-25 18:45:00+00:00,2025-10-25 21:30:00+00:00,0.44536186619679347,sl,-0.0044516917693107
okx,BNB_USDT,2025-10-25 19:15:00+00:00,2025-10-26 09:30:00+00:00,0.4522505572879978,tp,0.0089760376306837
okx,ICP_USDT,2025-10-25 19:30:00+00:00,2025-10-26 01:30:00+00:00,0.45800855115880323,sl,-0.0052527174870571
okx,ENA_USDT,2025-10-25 21:00:00+00:00,2025-10-26 00:15:00+00:00,0.4319678735300957,sl,-0.007007018581854
okx,CFX_USDT,2025-10-25 23:00:00+00:00,2025-10-26 00:15:00+00:00,0.4413064414232755,sl,-0.0051480971433567
okx,APT_USDT,2025-10-26 05:00:00+00:00,2025-10-26 09:00:00+00:00,0.4479610336315855,tp,0.012995447570187
okx,POL_USDT,2025-10-26 06:30:00+00:00,2025-10-26 09:30:00+00:00,0.4364735151034133,tp,0.0105632370535393
okx,SOL_USDT,2025-10-26 07:00:00+00:00,2025-10-26 09:30:00+00:00,0.47410064936179064,tp,0.0087888366156909
okx,ZRO_USDT,2025-10-26 07:45:00+00:00,2025-10-26 11:30:00+00:00,0.43640395580416663,tp,0.0120099334752623
okx,ETH_USDT,2025-10-26 08:00:00+00:00,2025-10-26 09:30:00+00:00,0.513447248165675,tp,0.0064925498109895
okx,ETH_USDT_SWAP,2025-10-26 08:00:00+00:00,2025-10-26 09:30:00+00:00,0.5005217098067293,tp,0.006774521819731
okx,ETC_USDT,2025-10-26 08:15:00+00:00,2025-10-26 09:30:00+00:00,0.45194686145105584,tp,0.0074253439537343
okx,OP_USDT,2025-10-26 08:15:00+00:00,2025-10-26 09:30:00+00:00,0.44148190182734365,tp,0.0119525034969558
okx,PI_USDT,2025-10-26 09:45:00+00:00,2025-10-26 12:15:00+00:00,0.43229663506380545,tp,0.0108781229916914
okx,BTC_USDT,2025-10-28 13:00:00+00:00,2025-10-28 13:30:00+00:00,0.47700938450926395,tp,0.0062873290405185
okx,SHIB_USDT,2025-11-01 07:15:00+00:00,2025-11-01 09:15:00+00:00,0.4424198258456473,tp,0.0096497901070315
okx,CHZ_USDT,2025-11-01 08:00:00+00:00,2025-11-01 14:15:00+00:00,0.4374401429168214,sl,-0.0059479167124136
okx,ETH_USDT,2025-11-01 08:15:00+00:00,2025-11-01 15:15:00+00:00,0.4288530516966829,tp,0.0087150391849823
okx,LINK_USDT,2025-11-01 09:00:00+00:00,2025-11-01 13:45:00+00:00,0.4431057015931755,sl,-0.0082255744504311
okx,BTC_USDT,2025-11-01 16:00:00+00:00,2025-11-01 22:00:00+00:00,0.4395965211628492,sl,-0.0031958989158507
okx,CFX_USDT,2025-11-01 23:00:00+00:00,2025-11-02 04:00:00+00:00,0.4266598841184042,sl,-0.0082408678042193
okx,ETH_USDT_SWAP,2025-11-02 03:00:00+00:00,2025-11-02 05:00:00+00:00,0.436978512037618,tp,0.0076195384427868
okx,ETH_USDT,2025-11-02 03:00:00+00:00,2025-11-02 05:00:00+00:00,0.436978512037618,tp,0.0075554630399496
okx,APT_USDT,2025-11-02 05:00:00+00:00,2025-11-02 07:15:00+00:00,0.4312881062250272,tp,0.0153668166337166
okx,TRX_USDT,2025-11-05 09:00:00+00:00,2025-11-05 19:00:00+00:00,0.4316030639538964,tp,0.0108853594741535
okx,BTC_USDT,2025-11-09 12:45:00+00:00,2025-11-09 14:00:00+00:00,0.4419650665486497,tp,0.0076715656809955
okx,TRX_USDT,2025-11-12 03:15:00+00:00,2025-11-12 15:00:00+00:00,0.43650433217915197,sl,-0.0051380173580262
okx,TRX_USDT,2025-11-17 11:00:00+00:00,2025-11-17 13:45:00+00:00,0.43755916761730146,sl,-0.0037628257980514
okx,PI_USDT,2025-11-19 11:45:00+00:00,2025-11-19 13:45:00+00:00,0.47802362987266894,tp,0.0108140308219168
okx,TRX_USDT,2025-11-23 02:45:00+00:00,2025-11-23 03:30:00+00:00,0.43143594768018717,sl,-0.0032498770519567
okx,TRX_USDT,2025-11-24 13:45:00+00:00,2025-11-24 14:45:00+00:00,0.43724254388916534,sl,-0.0031160507925924
okx,TRX_USDT,2025-11-24 20:15:00+00:00,2025-11-24 21:45:00+00:00,0.43453105168352046,sl,-0.0040289600753122
okx,PI_USDT,2025-11-25 20:15:00+00:00,2025-11-26 03:45:00+00:00,0.4324908123847944,tp,0.0154609734935728
okx,OKB_USDT,2025-11-25 22:30:00+00:00,2025-11-26 14:15:00+00:00,0.4283994899971772,tp,0.017039502585201
okx,ZRO_USDT,2025-11-27 04:15:00+00:00,2025-11-27 05:45:00+00:00,0.4476476051322359,sl,-0.0081252722396562
okx,CFX_USDT,2025-11-27 08:45:00+00:00,2025-11-27 18:45:00+00:00,0.4599621007899227,tp,0.0122595803207281
okx,ZRO_USDT,2025-11-27 09:30:00+00:00,2025-11-27 12:45:00+00:00,0.449385427809625,sl,-0.0068014842424011
okx,ZRO_USDT,2025-11-27 15:00:00+00:00,2025-11-27 17:45:00+00:00,0.44665594688211846,tp,0.0137468057600014
okx,DOT_USDT,2025-11-27 15:45:00+00:00,2025-11-27 17:00:00+00:00,0.45231931801077513,tp,0.0149908380905752
okx,CHZ_USDT,2025-11-27 16:00:00+00:00,2025-11-27 20:45:00+00:00,0.4392404170707243,tp,0.0119776019929822
okx,BNB_USDT,2025-11-28 14:15:00+00:00,2025-11-28 16:30:00+00:00,0.4329788366540101,sl,-0.0063820082481658
okx,XRP_USDT,2025-11-30 04:00:00+00:00,2025-11-30 05:30:00+00:00,0.42681979637851436,sl,-0.0065487142938874
okx,ETH_USDT,2025-11-30 12:15:00+00:00,2025-11-30 13:30:00+00:00,0.44497529203905173,tp,0.0093363355483011
okx,ETC_USDT,2025-11-30 12:30:00+00:00,2025-11-30 13:45:00+00:00,0.43884117754493507,tp,0.009766886534098
okx,ARB_USDT,2025-11-30 12:30:00+00:00,2025-11-30 13:45:00+00:00,0.42967111264219854,tp,0.0142554556489171
okx,XRP_USDT,2025-11-30 16:30:00+00:00,2025-11-30 20:45:00+00:00,0.4334012103793166,sl,-0.006194196080397
okx,TRX_USDT,2025-12-05 19:00:00+00:00,2025-12-06 06:45:00+00:00,0.4484568093988267,tp,0.0078609675247525
okx,BNB_USDT,2025-12-06 20:15:00+00:00,2025-12-07 10:00:00+00:00,0.4263753828332022,sl,-0.0055055258649038
okx,SHIB_USDT,2025-12-07 05:45:00+00:00,2025-12-07 08:15:00+00:00,0.4577210132091581,sl,-0.0059350166223319
okx,LTC_USDT,2025-12-07 05:45:00+00:00,2025-12-07 09:30:00+00:00,0.4300787961064396,sl,-0.0048168591456837
okx,POL_USDT,2025-12-07 06:15:00+00:00,2025-12-07 07:45:00+00:00,0.4311947440655691,sl,-0.0064153141499919
okx,SHIB_USDT,2025-12-08 08:45:00+00:00,2025-12-08 14:45:00+00:00,0.4280503401071596,tp,0.0138985460083995
okx,SHIB_USDT,2025-12-09 12:00:00+00:00,2025-12-09 13:30:00+00:00,0.4257262921223912,tp,0.01397460857342
okx,ETC_USDT,2025-12-10 16:45:00+00:00,2025-12-10 18:45:00+00:00,0.4328836642184721,tp,0.0137814671693465
okx,BTC_USDT,2025-12-10 19:00:00+00:00,2025-12-10 19:15:00+00:00,0.4443815363740617,sl,-0.0076100222042309
okx,BTC_USDT,2025-12-12 15:00:00+00:00,2025-12-12 15:15:00+00:00,0.4334971842198234,sl,-0.0049127834643123
okx,POL_USDT,2025-12-13 07:45:00+00:00,2025-12-13 08:30:00+00:00,0.4269069331098575,tp,0.0120478931565055
okx,OKB_USDT,2025-12-13 10:00:00+00:00,2025-12-13 12:00:00+00:00,0.43072029556799163,tp,0.0117298606486138
okx,DOGE_USDT,2025-12-13 10:15:00+00:00,2025-12-13 12:30:00+00:00,0.4362596622483674,tp,0.0086613852961068
okx,ATOM_USDT,2025-12-13 14:00:00+00:00,2025-12-14 05:15:00+00:00,0.4338450557132572,sl,-0.0061763514314542
okx,CFX_USDT,2025-12-13 14:45:00+00:00,2025-12-13 15:30:00+00:00,0.42658130814248496,tp,0.0134640172087883
okx,POL_USDT,2025-12-14 00:15:00+00:00,2025-12-14 04:15:00+00:00,0.4309265485958412,sl,-0.0046463235320662
okx,APE_USDT,2025-12-14 00:15:00+00:00,2025-12-14 05:15:00+00:00,0.4260389987713807,sl,-0.00519320892338
okx,BNB_USDT,2025-12-14 08:15:00+00:00,2025-12-14 10:00:00+00:00,0.4348582342436418,sl,-0.0030803885859475
okx,ATOM_USDT,2025-12-15 10:30:00+00:00,2025-12-15 10:45:00+00:00,0.4324807180210763,sl,-0.0053790126117356
okx,TRX_USDT,2025-12-19 19:45:00+00:00,2025-12-20 07:00:00+00:00,0.4293402886955514,sl,-0.0031660766662584
okx,SOL_USDT,2025-12-20 21:00:00+00:00,2025-12-20 22:15:00+00:00,0.4458201780019684,sl,-0.0036708456736979
okx,NEAR_USDT,2025-12-20 23:00:00+00:00,2025-12-21 01:15:00+00:00,0.4655709266484535,sl,-0.0053446650381885
okx,OKB_USDT,2025-12-21 07:30:00+00:00,2025-12-21 10:00:00+00:00,0.4521268746376736,tp,0.007221582866427
okx,ARB_USDT,2025-12-21 07:45:00+00:00,2025-12-21 11:15:00+00:00,0.43165740016008824,sl,-0.0052688818244078
okx,SOL_USDT,2025-12-21 12:30:00+00:00,2025-12-21 12:45:00+00:00,0.433077331605592,sl,-0.0051778127770273
okx,ETH_USDT,2025-12-21 22:15:00+00:00,2025-12-22 00:15:00+00:00,0.48783356131789946,tp,0.0114243584136763
okx,ETH_USDT_SWAP,2025-12-21 22:15:00+00:00,2025-12-22 00:15:00+00:00,0.48783356131789946,tp,0.0117275082583399
okx,BTC_USDT,2025-12-21 22:30:00+00:00,2025-12-22 00:15:00+00:00,0.4513900856809632,tp,0.0076611568644544
okx,SOL_USDT,2025-12-21 23:00:00+00:00,2025-12-22 00:15:00+00:00,0.42806583646113316,tp,0.0133583601664744
okx,XRP_USDT,2025-12-22 10:30:00+00:00,2025-12-22 19:30:00+00:00,0.4543696974186824,sl,-0.0064353157365931
okx,WLFI_USDT,2025-12-24 22:30:00+00:00,2025-12-25 02:00:00+00:00,0.4306649877990121,tp,0.0116355920945192
okx,TRUMP_USDT,2025-12-25 01:30:00+00:00,2025-12-25 06:45:00+00:00,0.4317488946554933,tp,0.0085034636793333
okx,BCH_USDT,2025-12-25 07:15:00+00:00,2025-12-25 08:15:00+00:00,0.4481054385231785,tp,0.0102745657723535
okx,XRP_USDT,2025-12-26 13:45:00+00:00,2025-12-26 14:45:00+00:00,0.42705424060708874,sl,-0.0047822672856941
okx,LTC_USDT,2025-12-26 14:30:00+00:00,2025-12-26 14:45:00+00:00,0.4514412604825049,sl,-0.0046564949161884
okx,SOL_USDT,2025-12-27 03:45:00+00:00,2025-12-27 10:45:00+00:00,0.431354907924547,sl,-0.0047912576665308
okx,CFX_USDT,2025-12-27 06:15:00+00:00,2025-12-27 10:45:00+00:00,0.424946528261724,sl,-0.0042335116149921
okx,HBAR_USDT,2025-12-27 07:15:00+00:00,2025-12-27 12:15:00+00:00,0.42812640049817796,tp,0.0106643155072347
okx,BNB_USDT,2025-12-27 11:00:00+00:00,2025-12-28 05:00:00+00:00,0.4354377765128743,timeout,0.0015443098123071
okx,PENGU_USDT,2025-12-27 11:30:00+00:00,2025-12-27 18:15:00+00:00,0.43157050205634784,tp,0.0142164820416703
okx,ARB_USDT,2025-12-27 14:45:00+00:00,2025-12-27 21:30:00+00:00,0.49745609802475627,tp,0.0104564541878611
okx,ONDO_USDT,2025-12-27 14:45:00+00:00,2025-12-27 21:45:00+00:00,0.42899008126982896,tp,0.0105101414953956
okx,ETC_USDT,2025-12-27 16:00:00+00:00,2025-12-27 16:30:00+00:00,0.4336091419392929,tp,0.0083388326219322
okx,PI_USDT,2025-12-27 16:15:00+00:00,2025-12-28 10:15:00+00:00,0.4288388105324387,timeout,0.0053684724255733
okx,SOL_USDT,2025-12-27 18:45:00+00:00,2025-12-27 22:00:00+00:00,0.4822780902020042,tp,0.0086671542800036
okx,XRP_USDT,2025-12-27 21:00:00+00:00,2025-12-27 22:15:00+00:00,0.4304491324322747,tp,0.0063561987153977
okx,ICP_USDT,2025-12-27 23:15:00+00:00,2025-12-28 08:00:00+00:00,0.45042543561709886,tp,0.0138413300612927
okx,ETH_USDT_SWAP,2025-12-27 23:15:00+00:00,2025-12-28 00:00:00+00:00,0.4430233599664592,tp,0.0072339661378602
okx,ETH_USDT,2025-12-27 23:15:00+00:00,2025-12-28 00:00:00+00:00,0.4430233599664592,tp,0.0069060056758571
okx,TRUMP_USDT,2025-12-28 02:30:00+00:00,2025-12-28 09:45:00+00:00,0.47795378079846507,sl,-0.0035619221805288
okx,ZRO_USDT,2025-12-28 06:45:00+00:00,2025-12-28 11:00:00+00:00,0.42570305489585963,sl,-0.0056589176118101
okx,SOL_USDT,2025-12-28 08:00:00+00:00,2025-12-28 18:30:00+00:00,0.4817658529071576,sl,-0.0038870714935544
okx,OKB_USDT,2025-12-28 17:30:00+00:00,2025-12-28 18:30:00+00:00,0.45873112949945427,sl,-0.0039178026737558
okx,WLFI_USDT,2025-12-29 00:00:00+00:00,2025-12-29 02:15:00+00:00,0.4767933310074801,tp,0.0148631720978029
okx,AVAX_USDT,2025-12-29 01:30:00+00:00,2025-12-29 02:15:00+00:00,0.44613854901353556,tp,0.0132575433686155
okx,TRUMP_USDT,2025-12-29 02:00:00+00:00,2025-12-29 03:45:00+00:00,0.429560767750385,tp,0.0113591594374862
okx,ETH_USDT,2025-12-30 08:00:00+00:00,2025-12-30 08:15:00+00:00,0.4528532805244289,tp,0.0100520539425792
okx,BNB_USDT,2025-12-30 08:00:00+00:00,2025-12-30 08:15:00+00:00,0.4390922810904001,tp,0.0062979922171431
okx,ETH_USDT,2025-12-31 01:30:00+00:00,2025-12-31 14:15:00+00:00,0.46101178879342636,tp,0.0105686892670151
okx,ETH_USDT_SWAP,2025-12-31 01:30:00+00:00,2025-12-31 14:15:00+00:00,0.44868371517762173,tp,0.0107903340813368
okx,BNB_USDT,2026-01-01 00:15:00+00:00,2026-01-01 01:15:00+00:00,0.4451046394307244,tp,0.0065972943247356
okx,ETH_USDT,2026-01-01 01:45:00+00:00,2026-01-01 04:45:00+00:00,0.4491104325718533,sl,-0.0042667321244694
okx,ASTER_USDT,2026-01-01 05:30:00+00:00,2026-01-01 16:00:00+00:00,0.4247301218477494,tp,0.0128266602809694
okx,CFX_USDT,2026-01-01 08:30:00+00:00,2026-01-01 09:45:00+00:00,0.4420214552553958,tp,0.009536556426799
okx,XRP_USDT,2026-01-01 15:45:00+00:00,2026-01-01 17:45:00+00:00,0.4247638180406626,tp,0.0081859147532108
okx,LINK_USDT,2026-01-01 16:00:00+00:00,2026-01-01 20:15:00+00:00,0.43455727770609004,tp,0.0117950993758415
okx,ETH_USDT,2026-01-01 22:15:00+00:00,2026-01-02 03:15:00+00:00,0.49476032844513707,tp,0.0061137817068819
okx,ETH_USDT_SWAP,2026-01-01 22:15:00+00:00,2026-01-02 03:15:00+00:00,0.48551231609992235,tp,0.0064108066853887
okx,PI_USDT,2026-01-02 05:15:00+00:00,2026-01-02 16:45:00+00:00,0.4418242450868077,tp,0.0069632308810279
okx,ALLO_USDT,2026-01-02 06:15:00+00:00,2026-01-02 09:00:00+00:00,0.43052235872766137,tp,0.0151329886297064
okx,TRUMP_USDT,2026-01-02 08:45:00+00:00,2026-01-02 10:00:00+00:00,0.4696378819526718,tp,0.0111553630100096
okx,XRP_USDT,2026-01-02 09:00:00+00:00,2026-01-02 10:00:00+00:00,0.45927293201347325,tp,0.0079856464534755
okx,OKB_USDT,2026-01-03 16:45:00+00:00,2026-01-03 22:45:00+00:00,0.4480962608296641,tp,0.0111136792955588
okx,PI_USDT,2026-01-03 22:15:00+00:00,2026-01-04 12:45:00+00:00,0.5006468040437732,tp,0.009090346855096
okx,ETH_USDT_SWAP,2026-01-04 23:15:00+00:00,2026-01-05 01:00:00+00:00,0.4906256546343345,tp,0.0106468033335744
okx,ETH_USDT,2026-01-04 23:15:00+00:00,2026-01-05 01:00:00+00:00,0.4906256546343345,tp,0.0102916593780946
okx,BTC_USDT,2026-01-04 23:15:00+00:00,2026-01-05 00:15:00+00:00,0.4877204923024957,tp,0.0063053617514783
okx,PI_USDT,2026-01-05 16:45:00+00:00,2026-01-06 10:45:00+00:00,0.4570067161103985,timeout,-0.0023496240601503
okx,OKB_USDT,2026-01-06 04:30:00+00:00,2026-01-06 08:00:00+00:00,0.4440610371107798,sl,-0.0055901445786521
okx,LTC_USDT,2026-01-06 11:45:00+00:00,2026-01-06 14:30:00+00:00,0.4672548963928914,tp,0.0111351049669321
okx,PI_USDT,2026-01-06 13:45:00+00:00,2026-01-06 16:15:00+00:00,0.4343088923545333,sl,-0.0045326968535803
okx,BCH_USDT,2026-01-09 01:30:00+00:00,2026-01-09 08:00:00+00:00,0.444584472490626,sl,-0.007174479288364
okx,LTC_USDT,2026-01-10 09:15:00+00:00,2026-01-10 13:15:00+00:00,0.4260492036398402,tp,0.0070987464279725
okx,NEAR_USDT,2026-01-10 09:30:00+00:00,2026-01-10 13:00:00+00:00,0.4330032188473205,tp,0.0139452193733993
okx,APT_USDT,2026-01-10 12:30:00+00:00,2026-01-10 16:15:00+00:00,0.42875084178784717,sl,-0.0065247687099845
okx,BNB_USDT,2026-01-10 14:45:00+00:00,2026-01-10 15:45:00+00:00,0.45816229731751007,tp,0.0066565334717985
okx,TRUMP_USDT,2026-01-11 05:15:00+00:00,2026-01-11 09:30:00+00:00,0.439354415303075,tp,0.0091796379351964
okx,XRP_USDT,2026-01-11 06:15:00+00:00,2026-01-11 06:30:00+00:00,0.43965446390307683,sl,-0.0032365941283554
okx,ICP_USDT,2026-01-11 09:30:00+00:00,2026-01-11 13:00:00+00:00,0.43786734122877896,tp,0.0137990061382642
okx,BTC_USDT,2026-01-13 04:30:00+00:00,2026-01-13 05:30:00+00:00,0.43917712501283196,tp,0.0078277251664908
okx,ETH_USDT_SWAP,2026-01-13 04:30:00+00:00,2026-01-13 13:45:00+00:00,0.4271496040340796,tp,0.0116483165502201
okx,ETH_USDT,2026-01-13 04:45:00+00:00,2026-01-13 13:45:00+00:00,0.44942256962503824,tp,0.0106246831061325
okx,TRUMP_USDT,2026-01-13 08:45:00+00:00,2026-01-13 11:45:00+00:00,0.44438315579626203,tp,0.0106356269867817
okx,LINK_USDT,2026-01-13 12:45:00+00:00,2026-01-13 14:30:00+00:00,0.4713875841120141,tp,0.010756555911231
okx,AVAX_USDT,2026-01-13 12:45:00+00:00,2026-01-13 14:30:00+00:00,0.45647906413963024,tp,0.0123887197326539
okx,PI_USDT,2026-01-14 14:45:00+00:00,2026-01-14 18:30:00+00:00,0.458726507423638,sl,-0.0043060592374011
okx,TRX_USDT,2026-01-14 22:45:00+00:00,2026-01-15 02:45:00+00:00,0.4643380349479156,tp,0.0078326862041391
okx,TRX_USDT,2026-01-15 12:30:00+00:00,2026-01-15 16:30:00+00:00,0.4340193110365747,tp,0.0110258295605563
okx,SOL_USDT,2026-01-15 14:15:00+00:00,2026-01-15 14:45:00+00:00,0.42601657024009393,sl,-0.0065647267898452
okx,BNB_USDT,2026-01-16 08:15:00+00:00,2026-01-16 11:30:00+00:00,0.4273115401977743,sl,-0.0039298448617748
okx,TRX_USDT,2026-01-16 20:15:00+00:00,2026-01-17 04:30:00+00:00,0.4473305522870234,tp,0.0072495789044639
okx,CRV_USDT,2026-01-17 03:30:00+00:00,2026-01-17 04:00:00+00:00,0.46585529557552346,tp,0.0120959122069796
okx,LINK_USDT,2026-01-17 08:15:00+00:00,2026-01-17 11:15:00+00:00,0.44030635190042383,sl,-0.0040415965808333
okx,TRX_USDT,2026-01-17 10:30:00+00:00,2026-01-17 14:30:00+00:00,0.42968072142759184,tp,0.0094336366117704
okx,UNI_USDT,2026-01-17 13:00:00+00:00,2026-01-17 15:15:00+00:00,0.44435162850138477,tp,0.0114266024335389
okx,LINK_USDT,2026-01-17 13:30:00+00:00,2026-01-17 16:00:00+00:00,0.4347951091124725,tp,0.0086801567804688
okx,TRUMP_USDT,2026-01-17 14:15:00+00:00,2026-01-17 15:15:00+00:00,0.42995261236446525,tp,0.0084870698305454
okx,XRP_USDT,2026-01-17 14:30:00+00:00,2026-01-17 15:30:00+00:00,0.44671259949103176,tp,0.0067718084769594
okx,SHIB_USDT,2026-01-17 14:45:00+00:00,2026-01-17 16:45:00+00:00,0.42462050031271487,sl,-0.0055356633737008
okx,LTC_USDT,2026-01-18 22:45:00+00:00,2026-01-18 23:15:00+00:00,0.44912110926143056,sl,-0.0055775029210313
okx,PI_USDT,2026-01-22 09:15:00+00:00,2026-01-22 10:00:00+00:00,0.44041371137860447,tp,0.0137790965187842
okx,ONDO_USDT,2026-01-22 13:30:00+00:00,2026-01-22 13:45:00+00:00,0.4291235001390863,sl,-0.0079051312037381
okx,BNB_USDT,2026-01-23 03:15:00+00:00,2026-01-23 10:00:00+00:00,0.4314238416652623,sl,-0.0038124771818404
okx,BNB_USDT,2026-01-23 16:15:00+00:00,2026-01-23 17:45:00+00:00,0.45533174874079385,tp,0.0114129277807808
okx,TRUMP_USDT,2026-01-24 05:15:00+00:00,2026-01-24 09:00:00+00:00,0.4258955577953963,tp,0.0079931798769286
okx,ETC_USDT,2026-01-24 06:15:00+00:00,2026-01-24 15:30:00+00:00,0.4249590569578376,sl,-0.0042797219232443
okx,BCH_USDT,2026-01-24 09:15:00+00:00,2026-01-24 16:30:00+00:00,0.4341938399876627,sl,-0.0040994096180015
okx,ATOM_USDT,2026-01-24 09:15:00+00:00,2026-01-24 13:45:00+00:00,0.4256521023821876,sl,-0.0062562777857984
okx,LTC_USDT,2026-01-25 04:45:00+00:00,2026-01-25 09:45:00+00:00,0.43842078746124324,tp,0.0100761944991965
okx,XRP_USDT,2026-01-27 02:15:00+00:00,2026-01-27 06:45:00+00:00,0.42621679143388935,sl,-0.006924321350182
okx,AAVE_USDT,2026-01-27 13:30:00+00:00,2026-01-27 14:30:00+00:00,0.42781569048278223,tp,0.0102303954462548
okx,SHIB_USDT,2026-01-28 10:00:00+00:00,2026-01-28 14:30:00+00:00,0.4431969344805933,sl,-0.0064689789183338
okx,BNB_USDT,2026-01-29 07:45:00+00:00,2026-01-29 10:15:00+00:00,0.45927293201347325,sl,-0.0049404626939805
okx,TRX_USDT,2026-02-03 20:30:00+00:00,2026-02-03 21:45:00+00:00,0.4340139065678939,tp,0.0084989135919997
okx,ATOM_USDT,2026-02-13 07:00:00+00:00,2026-02-13 10:15:00+00:00,0.4394711788457448,tp,0.0153118571956181
okx,LINK_USDT,2026-02-13 12:45:00+00:00,2026-02-13 15:00:00+00:00,0.44651193942296463,tp,0.0145381137483873
okx,OP_USDT,2026-02-13 13:15:00+00:00,2026-02-13 15:00:00+00:00,0.43626743602763246,tp,0.0160143360287621
okx,DOT_USDT,2026-02-13 13:15:00+00:00,2026-02-13 15:00:00+00:00,0.43455685554572354,tp,0.014102718067944
okx,SAND_USDT,2026-02-17 02:15:00+00:00,2026-02-17 03:45:00+00:00,0.4297534842080353,sl,-0.0071475596213219
okx,AAVE_USDT,2026-02-18 06:00:00+00:00,2026-02-18 08:30:00+00:00,0.4289052572866052,tp,0.0141856653405458
okx,ETC_USDT,2026-02-18 07:45:00+00:00,2026-02-18 10:45:00+00:00,0.42445068015099685,sl,-0.0049671917913508
okx,BTC_USDT,2026-02-20 05:30:00+00:00,2026-02-20 09:15:00+00:00,0.4461641358577685,tp,0.0094201052549733
okx,ETH_USDT,2026-02-21 02:00:00+00:00,2026-02-21 14:30:00+00:00,0.4466921669058538,tp,0.0120213990062973
okx,XRP_USDT,2026-02-21 05:15:00+00:00,2026-02-21 09:45:00+00:00,0.425084055407909,tp,0.0118795635732706
okx,DOGE_USDT,2026-02-21 08:15:00+00:00,2026-02-21 16:15:00+00:00,0.4801906399429298,sl,-0.0053207600197364
okx,ONDO_USDT,2026-02-21 08:30:00+00:00,2026-02-21 09:30:00+00:00,0.4567324138278665,tp,0.01245482977105
okx,ETHFI_USDT,2026-02-21 08:30:00+00:00,2026-02-21 09:30:00+00:00,0.4332669380529955,tp,0.0151369401364942
okx,OKB_USDT,2026-02-21 09:00:00+00:00,2026-02-21 11:15:00+00:00,0.4328885059492455,tp,0.0077420320167373
okx,XLM_USDT,2026-02-21 09:00:00+00:00,2026-02-21 14:30:00+00:00,0.4299495179883197,tp,0.0083492622873544
okx,HBAR_USDT,2026-02-21 09:45:00+00:00,2026-02-21 15:45:00+00:00,0.4324819047472677,tp,0.0118924066137291
okx,BTC_USDT,2026-02-27 08:00:00+00:00,2026-02-27 10:15:00+00:00,0.44607160996638984,sl,-0.0062052766122726
okx,BNB_USDT,2026-03-04 06:45:00+00:00,2026-03-04 09:00:00+00:00,0.44026870726747597,tp,0.0153477741737919
okx,BCH_USDT,2026-03-08 08:45:00+00:00,2026-03-08 10:30:00+00:00,0.42932381139071946,tp,0.0095703006392147
okx,ATOM_USDT,2026-03-10 07:15:00+00:00,2026-03-10 09:45:00+00:00,0.4447655939446626,tp,0.0131954279907837
okx,LTC_USDT,2026-03-10 13:30:00+00:00,2026-03-10 13:45:00+00:00,0.450762318366509,sl,-0.0063603664270132
okx,LTC_USDT,2026-03-11 12:30:00+00:00,2026-03-11 13:45:00+00:00,0.4570539644020616,tp,0.0113314508462321
okx,BNB_USDT,2026-03-11 13:30:00+00:00,2026-03-12 07:30:00+00:00,0.43261060449982425,timeout,-0.0017014694508894
okx,BCH_USDT,2026-03-12 09:30:00+00:00,2026-03-12 10:45:00+00:00,0.44914833430874257,tp,0.0103904326280817
okx,BNB_USDT,2026-03-12 10:00:00+00:00,2026-03-12 13:00:00+00:00,0.4288921758811523,tp,0.0101449322341562
okx,LTC_USDT,2026-03-12 14:15:00+00:00,2026-03-12 14:45:00+00:00,0.43982361253533847,sl,-0.0070262617138245
okx,IP_USDT,2026-03-12 18:30:00+00:00,2026-03-13 02:15:00+00:00,0.4247069566654497,tp,0.0159772423852473
okx,ATOM_USDT,2026-03-12 21:30:00+00:00,2026-03-13 00:30:00+00:00,0.4465010698155344,tp,0.0123952090778685
okx,LTC_USDT,2026-03-12 22:15:00+00:00,2026-03-13 00:30:00+00:00,0.43296409094518823,tp,0.0112528716336504
okx,UNI_USDT,2026-03-12 22:45:00+00:00,2026-03-13 00:30:00+00:00,0.4403249011760311,tp,0.0153509684711152
okx,BNB_USDT,2026-03-12 23:00:00+00:00,2026-03-13 00:30:00+00:00,0.49837497262541186,tp,0.0094287719042431
okx,LINK_USDT,2026-03-12 23:00:00+00:00,2026-03-13 00:30:00+00:00,0.43193925892275625,tp,0.0151629654099463
okx,BCH_USDT,2026-03-13 00:30:00+00:00,2026-03-13 00:45:00+00:00,0.4503844134138179,tp,0.0112092932694527
okx,OKB_USDT,2026-03-13 13:15:00+00:00,2026-03-13 15:00:00+00:00,0.4347853057945198,sl,-0.0071462824499444
okx,XLM_USDT,2026-03-14 16:15:00+00:00,2026-03-15 00:00:00+00:00,0.4270581584422239,tp,0.0136230802518095
okx,XRP_USDT,2026-03-14 23:00:00+00:00,2026-03-14 23:15:00+00:00,0.46216501436300417,tp,0.0060185245637764
okx,CFX_USDT,2026-03-14 23:00:00+00:00,2026-03-14 23:45:00+00:00,0.4370157169494795,tp,0.0087212704140298
okx,SUI_USDT,2026-03-14 23:30:00+00:00,2026-03-15 02:45:00+00:00,0.4314340352479774,tp,0.0125316361919449
okx,ETH_USDT_SWAP,2026-03-15 02:00:00+00:00,2026-03-15 03:00:00+00:00,0.4464144445285062,tp,0.009167002523073
okx,ETH_USDT,2026-03-15 02:00:00+00:00,2026-03-15 03:00:00+00:00,0.42763625291584384,tp,0.0090545650098738
okx,AVAX_USDT,2026-03-15 07:30:00+00:00,2026-03-15 09:30:00+00:00,0.44173229892771304,tp,0.0126973439517814
okx,SOL_USDT,2026-03-15 08:15:00+00:00,2026-03-15 13:15:00+00:00,0.4452664965826079,sl,-0.0055714019672049
okx,ARB_USDT,2026-03-15 08:15:00+00:00,2026-03-15 12:45:00+00:00,0.42696870365545714,tp,0.0135354954665167
okx,BCH_USDT,2026-03-15 08:45:00+00:00,2026-03-15 13:15:00+00:00,0.4412927113470923,sl,-0.0047516028537599
okx,WLFI_USDT,2026-03-15 09:30:00+00:00,2026-03-15 11:15:00+00:00,0.4283372447626228,tp,0.0102822325491103
okx,ZK_USDT,2026-03-15 10:15:00+00:00,2026-03-15 12:45:00+00:00,0.45855430352538773,tp,0.0109905221488788
okx,SUI_USDT,2026-03-15 13:00:00+00:00,2026-03-15 13:15:00+00:00,0.44203292776158243,sl,-0.0057799803627122
okx,FIL_USDT,2026-03-15 19:45:00+00:00,2026-03-16 03:30:00+00:00,0.43089904290424186,tp,0.0157298127342262
okx,BNB_USDT,2026-03-15 20:45:00+00:00,2026-03-15 22:45:00+00:00,0.46553897761665947,tp,0.0091788717945275
okx,LTC_USDT,2026-03-15 20:45:00+00:00,2026-03-15 22:15:00+00:00,0.46466614479155205,tp,0.010707630336989
okx,AVAX_USDT,2026-03-15 20:45:00+00:00,2026-03-15 23:00:00+00:00,0.4318762834614368,tp,0.0158876906267209
okx,XRP_USDT,2026-03-15 21:30:00+00:00,2026-03-15 22:45:00+00:00,0.5098526912125203,tp,0.0123138170080991
okx,POL_USDT,2026-03-15 22:15:00+00:00,2026-03-15 22:45:00+00:00,0.43422839599847074,tp,0.0115257578043088
okx,BTC_USDT,2026-03-15 22:30:00+00:00,2026-03-15 23:00:00+00:00,0.5034691045273205,tp,0.0125061088682894
okx,OKB_USDT,2026-03-16 01:15:00+00:00,2026-03-16 05:00:00+00:00,0.4731224852589081,tp,0.0114113383457734
okx,OKB_USDT,2026-03-16 21:15:00+00:00,2026-03-17 00:15:00+00:00,0.500669243634826,tp,0.0114932928505131
okx,BCH_USDT,2026-03-17 19:45:00+00:00,2026-03-17 22:45:00+00:00,0.4629766215225747,sl,-0.0053282074176794
okx,IP_USDT,2026-03-17 21:15:00+00:00,2026-03-17 23:30:00+00:00,0.48986749250463046,sl,-0.0068078057587173
okx,HBAR_USDT,2026-03-17 23:15:00+00:00,2026-03-18 02:45:00+00:00,0.5196378749508255,tp,0.0124738490588849
okx,BTC_USDT,2026-03-18 05:15:00+00:00,2026-03-18 06:00:00+00:00,0.43768369159055814,sl,-0.005076522204798
okx,BCH_USDT,2026-03-20 00:30:00+00:00,2026-03-20 03:45:00+00:00,0.42456748164586733,tp,0.0125049230812079
okx,AAVE_USDT,2026-03-21 16:15:00+00:00,2026-03-21 17:00:00+00:00,0.43273393653705755,sl,-0.0053572191903513
okx,TRX_USDT,2026-03-21 17:30:00+00:00,2026-03-21 23:45:00+00:00,0.4784584815253491,tp,0.0085031607582801
okx,TRX_USDT,2026-03-22 11:45:00+00:00,2026-03-22 13:15:00+00:00,0.46924442799356963,tp,0.0088235936029379
okx,ONDO_USDT,2026-03-24 07:00:00+00:00,2026-03-24 08:00:00+00:00,0.4335730993494242,tp,0.0147177100996014
okx,BCH_USDT,2026-03-24 08:00:00+00:00,2026-03-24 10:15:00+00:00,0.45927293201347325,sl,-0.0055517355943175
okx,BCH_USDT,2026-03-24 20:45:00+00:00,2026-03-25 14:45:00+00:00,0.4282619221891074,timeout,0.0012618296529969
okx,ETH_USDT_SWAP,2026-03-26 00:00:00+00:00,2026-03-26 02:30:00+00:00,0.4587819549483271,sl,-0.0070443518629753
okx,CHZ_USDT,2026-03-26 00:45:00+00:00,2026-03-26 02:30:00+00:00,0.4506241208999791,sl,-0.0062180646579517
okx,TRX_USDT,2026-03-28 06:30:00+00:00,2026-03-28 11:45:00+00:00,0.42821564006513535,tp,0.0064492818897903
okx,LTC_USDT,2026-03-28 12:00:00+00:00,2026-03-28 13:45:00+00:00,0.4244340248633529,tp,0.0072043270921571
okx,TRX_USDT,2026-03-29 08:00:00+00:00,2026-03-29 20:15:00+00:00,0.45770630875440793,tp,0.0083835885855059
okx,POL_USDT,2026-03-29 18:45:00+00:00,2026-03-29 19:00:00+00:00,0.4366144183675585,sl,-0.0053484122919783
okx,BNB_USDT,2026-04-01 00:30:00+00:00,2026-04-01 12:45:00+00:00,0.4686830523462169,sl,-0.0053158267827307
okx,TRUMP_USDT,2026-04-01 04:45:00+00:00,2026-04-01 12:45:00+00:00,0.4541419270523975,tp,0.0149664436939158
okx,ETC_USDT,2026-04-01 05:15:00+00:00,2026-04-01 06:15:00+00:00,0.45566965749710836,tp,0.0136870413261913
okx,LTC_USDT,2026-04-01 16:00:00+00:00,2026-04-01 23:45:00+00:00,0.47011455898788246,sl,-0.0064869610893701
gate,BIO_USDT,2026-04-02 00:45:00+00:00,2026-04-02 01:15:00+00:00,0.47011455898788246,sl,-0.0063619320961605
okx,XRP_USDT,2026-04-02 01:00:00+00:00,2026-04-02 01:15:00+00:00,0.49087624167062194,sl,-0.0058033505178913
gate,METAX_USDT,2026-04-03 08:00:00+00:00,2026-04-04 02:00:00+00:00,0.48612442515432314,timeout,-0.0017735120755306
okx,LINK_USDT,2026-04-03 11:15:00+00:00,2026-04-03 12:45:00+00:00,0.4519101787585943,tp,0.0112756683428822
okx,LTC_USDT,2026-04-03 20:45:00+00:00,2026-04-04 14:45:00+00:00,0.460213811703375,timeout,0.0035707573764329
okx,FIL_USDT,2026-04-04 04:30:00+00:00,2026-04-04 10:00:00+00:00,0.47796073718956533,sl,-0.0049684109546137
okx,POL_USDT,2026-04-04 07:15:00+00:00,2026-04-04 14:45:00+00:00,0.4365824431133635,sl,-0.0039248418573438
okx,DOT_USDT,2026-04-04 10:45:00+00:00,2026-04-04 12:00:00+00:00,0.4286398546520866,tp,0.0087107082273332
okx,ATOM_USDT,2026-04-04 15:15:00+00:00,2026-04-05 03:30:00+00:00,0.47619132030199407,tp,0.0090780001429762
okx,AVAX_USDT,2026-04-04 15:15:00+00:00,2026-04-04 18:00:00+00:00,0.4257740551776584,tp,0.0107538091977172
okx,HYPE_USDT,2026-04-04 15:45:00+00:00,2026-04-04 21:30:00+00:00,0.43238653834218344,tp,0.0117739916240249
okx,ICP_USDT,2026-04-04 17:30:00+00:00,2026-04-04 23:45:00+00:00,0.44996010828625693,sl,-0.0062487447867725
okx,POL_USDT,2026-04-04 18:30:00+00:00,2026-04-05 01:15:00+00:00,0.4578071187708465,sl,-0.0046831416496846
okx,SHIB_USDT,2026-04-05 00:15:00+00:00,2026-04-05 00:30:00+00:00,0.4280456919227749,sl,-0.0047838727802033
okx,HBAR_USDT,2026-04-05 02:45:00+00:00,2026-04-05 06:00:00+00:00,0.43796053821165004,sl,-0.0038970364839066
okx,BNB_USDT,2026-04-05 10:00:00+00:00,2026-04-05 12:45:00+00:00,0.42682446067693114,sl,-0.0034957617182742
okx,ATOM_USDT,2026-04-06 00:00:00+00:00,2026-04-06 07:15:00+00:00,0.4461451458892247,tp,0.0123010770817322
gate,LITE_USDT,2026-04-06 07:30:00+00:00,2026-04-06 08:15:00+00:00,0.42512916622520164,tp,0.0104666851400161
okx,LTC_USDT,2026-04-07 20:00:00+00:00,2026-04-07 22:45:00+00:00,0.45058902619826097,tp,0.0131933764747145
okx,BCH_USDT,2026-04-07 20:00:00+00:00,2026-04-07 21:15:00+00:00,0.43424540839413345,tp,0.0112475675617105
okx,LTC_USDT,2026-04-10 06:00:00+00:00,2026-04-10 08:00:00+00:00,0.44920451597524697,sl,-0.0048025401458722
okx,LTC_USDT,2026-04-10 11:00:00+00:00,2026-04-10 12:45:00+00:00,0.4483831574553293,tp,0.0079514981886967
okx,SOL_USDT,2026-04-10 11:30:00+00:00,2026-04-10 14:15:00+00:00,0.4891038082380098,tp,0.0111293670555787
okx,BTC_USDT,2026-04-10 11:30:00+00:00,2026-04-10 14:30:00+00:00,0.47422540974302785,tp,0.0087282799115426
okx,UNI_USDT,2026-04-10 12:30:00+00:00,2026-04-10 15:15:00+00:00,0.441585775463411,tp,0.0151697878231331
okx,DOGE_USDT,2026-04-10 13:00:00+00:00,2026-04-10 14:30:00+00:00,0.43621266909314627,tp,0.0128623342069422
okx,BCH_USDT,2026-04-10 13:45:00+00:00,2026-04-10 19:15:00+00:00,0.4353531335548379,tp,0.0095112097606517
okx,OKB_USDT,2026-04-11 09:30:00+00:00,2026-04-11 10:15:00+00:00,0.46343500681013144,tp,0.0079382201963564
okx,SOL_USDT,2026-04-11 15:45:00+00:00,2026-04-11 18:45:00+00:00,0.44058344198180016,tp,0.0111698952545566
gate,WIF_USDT,2026-04-11 16:30:00+00:00,2026-04-11 16:45:00+00:00,0.43799051957488444,tp,0.0147094062523893
okx,BTC_USDT,2026-04-11 16:45:00+00:00,2026-04-11 18:45:00+00:00,0.44536186619679347,tp,0.0069135354619522
okx,LTC_USDT,2026-04-11 17:00:00+00:00,2026-04-11 18:45:00+00:00,0.4254928552071873,tp,0.0077759951308058
okx,NIGHT_USDT,2026-04-11 19:30:00+00:00,2026-04-11 23:15:00+00:00,0.4464132459050466,sl,-0.0055850176864652
okx,HBAR_USDT,2026-04-11 22:30:00+00:00,2026-04-11 23:00:00+00:00,0.45230941213440345,sl,-0.0059815723905445
okx,PI_USDT,2026-04-11 23:30:00+00:00,2026-04-12 02:00:00+00:00,0.4250186758002043,sl,-0.0060158463954153
okx,PI_USDT,2026-04-12 05:15:00+00:00,2026-04-12 05:45:00+00:00,0.4342775118298293,tp,0.0117275492520931
okx,ICP_USDT,2026-04-14 13:45:00+00:00,2026-04-14 14:15:00+00:00,0.44695751892531754,sl,-0.0067544641381463
okx,TRUMP_USDT,2026-04-15 10:00:00+00:00,2026-04-15 14:45:00+00:00,0.4296883268123888,sl,-0.007271223127736
okx,APT_USDT,2026-04-15 10:15:00+00:00,2026-04-15 12:00:00+00:00,0.4433698031770506,tp,0.0140689333202839
okx,BNB_USDT,2026-04-15 10:45:00+00:00,2026-04-15 19:15:00+00:00,0.45927293201347325,tp,0.0092139130191764
okx,LTC_USDT,2026-04-15 10:45:00+00:00,2026-04-15 13:30:00+00:00,0.427151039357947,tp,0.0092603390359535
okx,SUI_USDT,2026-04-15 11:15:00+00:00,2026-04-15 18:30:00+00:00,0.4310543801325882,tp,0.0161179469484378
okx,PI_USDT,2026-04-15 22:15:00+00:00,2026-04-16 00:15:00+00:00,0.4613056484033479,tp,0.0103037799063951
okx,OKB_USDT,2026-04-16 02:45:00+00:00,2026-04-16 10:15:00+00:00,0.4323516506042361,sl,-0.0060909221861075
okx,ASTER_USDT,2026-04-16 03:00:00+00:00,2026-04-16 07:15:00+00:00,0.44239801731535516,tp,0.0087152567905064
okx,BNB_USDT,2026-04-16 16:15:00+00:00,2026-04-16 19:00:00+00:00,0.4309991703878376,tp,0.013389840327546
okx,BCH_USDT,2026-04-16 18:45:00+00:00,2026-04-16 22:30:00+00:00,0.46323401483051746,tp,0.0142485785384491
okx,BTC_USDT,2026-04-17 07:00:00+00:00,2026-04-17 09:00:00+00:00,0.45644961087056385,tp,0.007718454397108
okx,ETH_USDT,2026-04-17 08:45:00+00:00,2026-04-17 09:30:00+00:00,0.4298184688965221,tp,0.0118265796229541
okx,ETH_USDT_SWAP,2026-04-17 08:45:00+00:00,2026-04-17 09:30:00+00:00,0.4298184688965221,tp,0.0121913751919202
okx,OKB_USDT,2026-04-17 13:00:00+00:00,2026-04-18 07:00:00+00:00,0.46445749425467076,timeout,0.0013840830449824
okx,ASTER_USDT,2026-04-19 15:45:00+00:00,2026-04-19 17:45:00+00:00,0.44256217374546886,sl,-0.0066120528562507
okx,BNB_USDT,2026-04-20 15:30:00+00:00,2026-04-21 09:00:00+00:00,0.42600903510233085,tp,0.014260288044678
okx,ASTER_USDT,2026-04-20 16:30:00+00:00,2026-04-21 02:15:00+00:00,0.42638098813923264,sl,-0.0062642855552912
okx,OKB_USDT,2026-04-20 20:30:00+00:00,2026-04-20 22:45:00+00:00,0.4333599652784268,sl,-0.0041511160886973
okx,NEAR_USDT,2026-04-21 01:00:00+00:00,2026-04-21 02:15:00+00:00,0.43210361238589917,sl,-0.0065662786207075
okx,BCH_USDT,2026-04-21 01:00:00+00:00,2026-04-21 03:00:00+00:00,0.4301318909984414,sl,-0.0035873892501139
okx,HBAR_USDT,2026-04-21 05:00:00+00:00,2026-04-21 08:00:00+00:00,0.45016725383112455,tp,0.0096519400667263
okx,XRP_USDT,2026-04-21 05:15:00+00:00,2026-04-21 08:45:00+00:00,0.43979755438092105,tp,0.0093497327727165
okx,LINK_USDT,2026-04-21 05:15:00+00:00,2026-04-21 11:00:00+00:00,0.4251252194634626,tp,0.0125035189556015
okx,BTC_USDT,2026-04-21 06:45:00+00:00,2026-04-21 09:00:00+00:00,0.48700915454217314,tp,0.0084935729642134
okx,ETC_USDT,2026-04-21 07:45:00+00:00,2026-04-21 08:30:00+00:00,0.4362122354651169,tp,0.0106731688861299
okx,ASTER_USDT,2026-04-21 08:15:00+00:00,2026-04-21 10:15:00+00:00,0.4391056658454267,tp,0.0086719559279775
okx,INJ_USDT,2026-04-21 08:30:00+00:00,2026-04-21 12:45:00+00:00,0.447098221896862,sl,-0.0067616517226527
okx,TRUMP_USDT,2026-04-21 10:15:00+00:00,2026-04-21 11:45:00+00:00,0.4302184779398358,tp,0.0141337133875441
okx,BCH_USDT,2026-04-21 23:15:00+00:00,2026-04-22 02:30:00+00:00,0.4648178216664738,tp,0.0108684950787256
okx,TRX_USDT,2026-04-22 10:00:00+00:00,2026-04-22 14:00:00+00:00,0.5010204001138298,sl,-0.0036681798321357
okx,NEAR_USDT,2026-04-23 15:15:00+00:00,2026-04-23 17:30:00+00:00,0.4318287264414371,sl,-0.0065873476884996
okx,ADA_USDT,2026-04-23 15:30:00+00:00,2026-04-23 17:15:00+00:00,0.42688270917656257,sl,-0.0068318369996123
okx,BNB_USDT,2026-04-23 21:15:00+00:00,2026-04-24 03:45:00+00:00,0.43012646551902156,sl,-0.0055596267658982
okx,BTC_USDT,2026-04-23 21:45:00+00:00,2026-04-24 04:45:00+00:00,0.4333366265038796,sl,-0.0064864909999974
okx,POL_USDT,2026-04-24 08:30:00+00:00,2026-04-24 12:15:00+00:00,0.5015321682914292,tp,0.0106123500150088
okx,APT_USDT,2026-04-24 10:15:00+00:00,2026-04-24 11:15:00+00:00,0.4351273448025066,tp,0.0133847759939398
okx,FIL_USDT,2026-04-24 10:45:00+00:00,2026-04-24 16:00:00+00:00,0.4406683527720063,tp,0.0128187875498142
okx,SUI_USDT,2026-04-24 11:15:00+00:00,2026-04-24 14:15:00+00:00,0.4267625885866427,sl,-0.006506332672291
okx,LINK_USDT,2026-04-24 11:30:00+00:00,2026-04-24 14:15:00+00:00,0.45258922233702076,sl,-0.0058246670463345
okx,LINK_USDT,2026-04-24 16:30:00+00:00,2026-04-25 10:30:00+00:00,0.4325874732260571,timeout,0.0073733703782858
okx,PI_USDT,2026-04-24 17:00:00+00:00,2026-04-25 10:15:00+00:00,0.4769045919950811,tp,0.0120467739413665
gate,JUP_USDT,2026-04-24 20:00:00+00:00,2026-04-24 22:45:00+00:00,0.5098526912125203,sl,-0.00611772713217
okx,SOL_USDT,2026-04-24 20:00:00+00:00,2026-04-25 14:00:00+00:00,0.4319166430400733,timeout,0.0031278962001854
okx,HBAR_USDT,2026-04-25 05:45:00+00:00,2026-04-25 09:00:00+00:00,0.45070321726510015,tp,0.008175737054465
okx,HYPE_USDT,2026-04-25 07:00:00+00:00,2026-04-25 09:45:00+00:00,0.4260533968864375,tp,0.0075969083942775
okx,ADA_USDT,2026-04-25 08:30:00+00:00,2026-04-25 15:15:00+00:00,0.46747203217169353,sl,-0.0049170442075111
okx,PEPE_USDT,2026-04-25 10:45:00+00:00,2026-04-25 11:30:00+00:00,0.46641808745628927,sl,-0.0064643153007722
okx,UNI_USDT,2026-04-25 11:00:00+00:00,2026-04-25 11:30:00+00:00,0.44911783568684477,sl,-0.0050804902236527
gate,SOL_USDT,2026-04-25 13:30:00+00:00,2026-04-25 16:00:00+00:00,0.4303526889532763,sl,-0.0032478022345763
okx,PI_USDT,2026-04-25 20:45:00+00:00,2026-04-26 01:15:00+00:00,0.5022331059908659,tp,0.0127512071387911
gate,HYPE_USDT,2026-04-25 22:00:00+00:00,2026-04-26 04:45:00+00:00,0.4246663503179112,sl,-0.0050705861698225
okx,HBAR_USDT,2026-04-26 04:00:00+00:00,2026-04-26 05:00:00+00:00,0.4313003308169659,tp,0.0082848423577774
okx,HYPE_USDT,2026-04-26 05:15:00+00:00,2026-04-26 06:00:00+00:00,0.4691817777188696,sl,-0.0043862231808764
okx,DOGE_USDT,2026-04-26 05:15:00+00:00,2026-04-26 18:30:00+00:00,0.44974791920729873,tp,0.0111625784736315
okx,AVAX_USDT,2026-04-26 05:15:00+00:00,2026-04-26 11:45:00+00:00,0.43767954998937886,tp,0.0101861020704536
okx,ADA_USDT,2026-04-26 05:30:00+00:00,2026-04-26 11:30:00+00:00,0.4298184688965221,tp,0.0108845168480722
okx,ONDO_USDT,2026-04-26 06:15:00+00:00,2026-04-26 11:15:00+00:00,0.42477860404690676,tp,0.013197852684174
gate,WIF_USDT,2026-04-26 09:30:00+00:00,2026-04-26 12:45:00+00:00,0.42806937384301147,sl,-0.0058637823448906
gate,FET_USDT,2026-04-26 18:15:00+00:00,2026-04-27 00:45:00+00:00,0.44737283404848305,tp,0.0112736285260004
okx,SHIB_USDT,2026-04-26 19:30:00+00:00,2026-04-27 01:15:00+00:00,0.43608701688159157,tp,0.0094383218464688
okx,FIL_USDT,2026-04-26 21:15:00+00:00,2026-04-26 22:00:00+00:00,0.4845270858502367,sl,-0.0062321952621886
okx,ADA_USDT,2026-04-26 21:15:00+00:00,2026-04-26 22:00:00+00:00,0.43916826146837834,sl,-0.0052830746149002
okx,LINK_USDT,2026-04-26 23:45:00+00:00,2026-04-27 00:30:00+00:00,0.44014889392380896,sl,-0.0063324301399481
okx,ICP_USDT,2026-04-27 00:45:00+00:00,2026-04-27 03:30:00+00:00,0.4266731728566295,tp,0.0128332521837317
okx,AVAX_USDT,2026-04-27 01:00:00+00:00,2026-04-27 05:15:00+00:00,0.44529769139685815,sl,-0.0076383748293289
gate,BSV_USDT,2026-04-27 01:00:00+00:00,2026-04-27 05:15:00+00:00,0.42600422475166627,sl,-0.0066695346391576
okx,DOT_USDT,2026-04-27 02:30:00+00:00,2026-04-27 05:15:00+00:00,0.44979552896540004,sl,-0.0080827152220197
okx,ONDO_USDT,2026-04-27 23:30:00+00:00,2026-04-28 02:45:00+00:00,0.4353918546157986,sl,-0.0069711912510299
okx,POL_USDT,2026-04-28 04:15:00+00:00,2026-04-28 06:45:00+00:00,0.43132453280917404,sl,-0.0053610053154424
okx,LTC_USDT,2026-04-28 23:45:00+00:00,2026-04-29 04:45:00+00:00,0.4300564448859593,tp,0.0066444231026117
okx,BCH_USDT,2026-04-29 02:45:00+00:00,2026-04-29 04:45:00+00:00,0.4449330912932124,tp,0.0073723207572902
okx,DOT_USDT,2026-04-29 03:15:00+00:00,2026-04-29 04:45:00+00:00,0.43969298177727917,tp,0.0095604644662521
gate,WIF_USDT,2026-04-29 03:30:00+00:00,2026-04-29 07:45:00+00:00,0.44287451828997126,tp,0.011803719022037
okx,ICP_USDT,2026-04-29 03:45:00+00:00,2026-04-29 04:45:00+00:00,0.4258360678964643,tp,0.0095252532432701
okx,BTC_USDT,2026-04-29 09:15:00+00:00,2026-04-29 10:00:00+00:00,0.4295267503700596,tp,0.0063948857051598
okx,AVAX_USDT,2026-04-29 09:30:00+00:00,2026-04-29 10:00:00+00:00,0.45619671693593117,tp,0.0103655843615015
okx,BCH_USDT,2026-04-29 10:00:00+00:00,2026-04-29 12:15:00+00:00,0.45952671921632743,sl,-0.0033174796787258
okx,NEAR_USDT,2026-04-29 10:00:00+00:00,2026-04-29 10:45:00+00:00,0.4260845152602737,sl,-0.0052485364198813
okx,LINK_USDT,2026-04-29 10:00:00+00:00,2026-04-29 12:15:00+00:00,0.4252009024468186,sl,-0.0055044145894407
okx,ICP_USDT,2026-04-30 12:00:00+00:00,2026-04-30 14:15:00+00:00,0.44313561347477143,tp,0.0110221338485916
okx,BTC_USDT,2026-05-01 00:15:00+00:00,2026-05-01 03:30:00+00:00,0.4274000268853532,tp,0.0071946895714267
okx,SHIB_USDT,2026-05-01 02:15:00+00:00,2026-05-01 05:15:00+00:00,0.4279359925378732,tp,0.0134096701425583
okx,SUI_USDT,2026-05-01 03:30:00+00:00,2026-05-01 10:15:00+00:00,0.43374026965196605,sl,-0.0060722150379234
okx,ETH_USDT,2026-05-01 03:30:00+00:00,2026-05-01 07:00:00+00:00,0.42885391536031947,sl,-0.0052326793014513
okx,ETH_USDT_SWAP,2026-05-01 03:30:00+00:00,2026-05-01 07:00:00+00:00,0.42885391536031947,sl,-0.0053176716582225
okx,ETH_USDT,2026-05-01 08:00:00+00:00,2026-05-01 12:30:00+00:00,0.4378574773674556,tp,0.0091359736276765
gate,VIRTUAL_USDT,2026-05-01 09:00:00+00:00,2026-05-01 10:15:00+00:00,0.42797294213833953,sl,-0.007109316326333
okx,SOL_USDT,2026-05-01 12:15:00+00:00,2026-05-01 20:30:00+00:00,0.4276272548169869,sl,-0.004560185349491
okx,LINK_USDT,2026-05-01 12:30:00+00:00,2026-05-01 20:30:00+00:00,0.44120628084664487,sl,-0.0048845299135613
okx,AVAX_USDT,2026-05-01 12:30:00+00:00,2026-05-01 14:00:00+00:00,0.43041362408674655,tp,0.0099391257746639
okx,ETC_USDT,2026-05-02 01:30:00+00:00,2026-05-02 04:45:00+00:00,0.4411153538354231,sl,-0.0041689510713932
okx,ETH_USDT_SWAP,2026-05-02 02:45:00+00:00,2026-05-02 20:45:00+00:00,0.5027935184298095,timeout,0.0051047718519485
okx,ETH_USDT,2026-05-02 02:45:00+00:00,2026-05-02 20:45:00+00:00,0.5027935184298095,timeout,0.0051543028642264
okx,VIRTUAL_USDT,2026-05-02 10:00:00+00:00,2026-05-02 11:15:00+00:00,0.4458201780019684,sl,-0.0044924849909114
okx,UNI_USDT,2026-05-02 11:45:00+00:00,2026-05-02 15:15:00+00:00,0.43191689657214666,tp,0.0071784767842653
okx,HBAR_USDT,2026-05-02 14:30:00+00:00,2026-05-02 21:45:00+00:00,0.4326944456091611,tp,0.0063466413409485
okx,PUMP_USDT,2026-05-02 15:45:00+00:00,2026-05-02 17:00:00+00:00,0.4484568093988267,tp,0.0102073057994807
okx,XLM_USDT,2026-05-02 20:15:00+00:00,2026-05-03 00:15:00+00:00,0.4274000268853532,sl,-0.0038289584402572
okx,ZAMA_USDT,2026-05-02 21:00:00+00:00,2026-05-03 00:15:00+00:00,0.42559281808998234,sl,-0.0046889262545222
okx,ETH_USDT,2026-05-03 09:30:00+00:00,2026-05-03 12:00:00+00:00,0.4753588011109576,tp,0.0061998212761666
okx,ETH_USDT_SWAP,2026-05-03 09:30:00+00:00,2026-05-03 12:00:00+00:00,0.46523944909743603,tp,0.006454456030291
okx,ADA_USDT,2026-05-03 11:45:00+00:00,2026-05-03 21:45:00+00:00,0.4334012103793166,sl,-0.0047190130107661
okx,HYPE_USDT,2026-05-03 19:00:00+00:00,2026-05-03 23:15:00+00:00,0.43410203392506835,tp,0.0126277253408804
gate,DOT_USDT,2026-05-03 19:15:00+00:00,2026-05-03 20:45:00+00:00,0.42710914961582885,tp,0.0083367538516367
gate,PEPE_USDT,2026-05-03 19:45:00+00:00,2026-05-03 21:45:00+00:00,0.4359130594734781,sl,-0.0063924696110058
gate,LITE_USDT,2026-05-03 22:15:00+00:00,2026-05-04 00:30:00+00:00,0.4747618692189239,tp,0.0134565434928732
okx,LINK_USDT,2026-05-03 22:15:00+00:00,2026-05-03 23:30:00+00:00,0.45642576900251414,sl,-0.005392302036184
okx,BNB_USDT,2026-05-03 22:30:00+00:00,2026-05-03 23:45:00+00:00,0.4486884733673578,sl,-0.0036689480573746
okx,BNB_USDT,2026-05-04 16:30:00+00:00,2026-05-05 10:30:00+00:00,0.4305860117689777,timeout,0.003194377894905
okx,ETH_USDT,2026-05-05 01:30:00+00:00,2026-05-05 03:45:00+00:00,0.49619477513189786,tp,0.0107145671110597
okx,ETH_USDT_SWAP,2026-05-05 01:45:00+00:00,2026-05-05 03:45:00+00:00,0.4913774899054925,tp,0.011295867928621
okx,SUI_USDT,2026-05-05 02:45:00+00:00,2026-05-05 10:30:00+00:00,0.4350545145434953,tp,0.0131827947135383
okx,AAVE_USDT,2026-05-05 07:15:00+00:00,2026-05-05 13:15:00+00:00,0.43710712165236676,tp,0.0123167573307536
okx,TRX_USDT,2026-05-05 15:15:00+00:00,2026-05-05 17:00:00+00:00,0.48120077275507706,tp,0.0080015102165535
okx,XRP_USDT,2026-05-05 18:15:00+00:00,2026-05-06 07:30:00+00:00,0.4348636654658941,tp,0.0117479512559524
okx,OKB_USDT,2026-05-05 18:30:00+00:00,2026-05-06 01:30:00+00:00,0.45937541140664345,tp,0.0084935494832953
okx,POL_USDT,2026-05-05 20:15:00+00:00,2026-05-05 22:45:00+00:00,0.4524004257839415,sl,-0.0070886108293829
gate,EGLD_USDT,2026-05-05 20:15:00+00:00,2026-05-06 00:15:00+00:00,0.4435340815569918,tp,0.0115259277867558
okx,ASTER_USDT,2026-05-05 20:30:00+00:00,2026-05-05 22:45:00+00:00,0.4455939484165529,sl,-0.0052494554637818
okx,AAVE_USDT,2026-05-06 01:30:00+00:00,2026-05-06 08:45:00+00:00,0.4569762133733387,tp,0.0163147229058842
okx,BNB_USDT,2026-05-06 01:30:00+00:00,2026-05-06 07:45:00+00:00,0.42968072142759184,tp,0.0094760639518551
okx,OKB_USDT,2026-05-06 07:45:00+00:00,2026-05-06 08:30:00+00:00,0.45170543398292456,tp,0.0082288153804113
okx,ETH_USDT_SWAP,2026-05-06 08:15:00+00:00,2026-05-06 09:45:00+00:00,0.46466614479155205,tp,0.0108316412587239
okx,ETH_USDT,2026-05-06 08:15:00+00:00,2026-05-06 09:45:00+00:00,0.46466614479155205,tp,0.0104135470476416
okx,TRX_USDT,2026-05-06 13:15:00+00:00,2026-05-06 16:30:00+00:00,0.4784584815253491,tp,0.0060988789293157
okx,LTC_USDT,2026-05-07 07:15:00+00:00,2026-05-07 10:30:00+00:00,0.44166350399911475,sl,-0.0056080795865797
gate,METAX_USDT,2026-05-07 12:00:00+00:00,2026-05-07 13:45:00+00:00,0.4322585423929673,tp,0.0061557592793641
gate,METAX_USDT,2026-05-08 01:15:00+00:00,2026-05-08 13:30:00+00:00,0.49087624167062194,sl,-0.0034244029639814
gate,EGLD_USDT,2026-05-08 03:30:00+00:00,2026-05-08 11:00:00+00:00,0.43959335224350665,tp,0.0163575709033148
okx,SUI_USDT,2026-05-08 09:15:00+00:00,2026-05-08 14:30:00+00:00,0.43727161106844514,tp,0.0161070837318679
okx,SOL_USDT,2026-05-08 09:30:00+00:00,2026-05-08 13:45:00+00:00,0.4350971858498402,sl,-0.005641604583762
okx,HBAR_USDT,2026-05-08 14:15:00+00:00,2026-05-08 16:00:00+00:00,0.44550870712718543,tp,0.0126920657278624
okx,TRX_USDT,2026-05-09 10:00:00+00:00,2026-05-09 15:30:00+00:00,0.45267062337779357,sl,-0.0030374473920831
okx,ETH_USDT,2026-05-09 16:15:00+00:00,2026-05-10 10:15:00+00:00,0.4287032799405989,timeout,0.0017665789122183
okx,XRP_USDT,2026-05-09 18:30:00+00:00,2026-05-10 00:15:00+00:00,0.45612100911400905,sl,-0.0040942633943761
okx,BNB_USDT,2026-05-09 19:00:00+00:00,2026-05-10 00:15:00+00:00,0.46115517983043064,sl,-0.0032772016570586
okx,LTC_USDT,2026-05-09 23:00:00+00:00,2026-05-09 23:45:00+00:00,0.45974773796387497,sl,-0.003709385774522
okx,HBAR_USDT,2026-05-10 03:00:00+00:00,2026-05-10 07:30:00+00:00,0.46696766836312864,tp,0.0113903990383821
okx,AAVE_USDT,2026-05-10 05:30:00+00:00,2026-05-10 07:15:00+00:00,0.48951406013058685,tp,0.0119708457343832
okx,SHIB_USDT,2026-05-10 05:45:00+00:00,2026-05-10 13:00:00+00:00,0.427151039357947,tp,0.0108390802326385
okx,ETHFI_USDT,2026-05-10 06:45:00+00:00,2026-05-10 07:30:00+00:00,0.4381619427935757,tp,0.0149816422757629
okx,LTC_USDT,2026-05-10 07:15:00+00:00,2026-05-10 08:15:00+00:00,0.46199304008817743,tp,0.0072584713923424
okx,XRP_USDT,2026-05-10 08:15:00+00:00,2026-05-10 13:30:00+00:00,0.4713804982621671,tp,0.0073220285724153
okx,BNB_USDT,2026-05-10 08:45:00+00:00,2026-05-10 11:30:00+00:00,0.44035658258602023,sl,-0.0030281397178271
okx,BNB_USDT,2026-05-10 13:15:00+00:00,2026-05-10 15:45:00+00:00,0.46638018530365455,tp,0.0062625586167266
okx,PI_USDT,2026-05-10 13:45:00+00:00,2026-05-10 18:00:00+00:00,0.4313285942622332,tp,0.0106888207165638
okx,NIGHT_USDT,2026-05-10 15:30:00+00:00,2026-05-10 16:30:00+00:00,0.42797787440557883,tp,0.0125136167649471
okx,BTC_USDT,2026-05-11 15:30:00+00:00,2026-05-12 01:45:00+00:00,0.4521476336073171,sl,-0.0061846574496664
okx,SHIB_USDT,2026-05-13 04:30:00+00:00,2026-05-13 11:15:00+00:00,0.4345178736557303,sl,-0.0052589359606997
okx,AVAX_USDT,2026-05-13 08:30:00+00:00,2026-05-13 09:45:00+00:00,0.47762162924590307,tp,0.0117385218963983
okx,BNB_USDT,2026-05-14 00:45:00+00:00,2026-05-14 02:45:00+00:00,0.4385867442691798,sl,-0.0050868396937433
okx,LTC_USDT,2026-05-14 13:15:00+00:00,2026-05-14 15:00:00+00:00,0.4263540922679898,tp,0.0107673374221761
gate,BZ_USDT,2026-05-16 21:30:00+00:00,2026-05-17 00:15:00+00:00,0.42581679626622976,sl,-0.0030845907031378
okx,ETC_USDT,2026-05-17 07:15:00+00:00,2026-05-17 14:15:00+00:00,0.44587234907972667,sl,-0.0051610143743175
gate,BZ_USDT,2026-05-20 02:45:00+00:00,2026-05-20 04:00:00+00:00,0.4574116848272547,sl,-0.0054999622344749
okx,BTC_USDT,2026-05-20 05:15:00+00:00,2026-05-20 14:15:00+00:00,0.4337107206727252,sl,-0.0041556595768308
okx,BTC_USDT,2026-05-21 00:15:00+00:00,2026-05-21 10:30:00+00:00,0.4409089442730091,sl,-0.0038072713871345
okx,SHIB_USDT,2026-05-21 00:45:00+00:00,2026-05-21 10:30:00+00:00,0.42438084828040445,sl,-0.0049495481791272
gate,ADA_USDT,2026-05-21 01:15:00+00:00,2026-05-21 05:45:00+00:00,0.4388563387289224,sl,-0.0067771771816023
okx,ATOM_USDT,2026-05-21 01:30:00+00:00,2026-05-21 01:45:00+00:00,0.4427386491138495,tp,0.0142299737721927
okx,LTC_USDT,2026-05-21 02:15:00+00:00,2026-05-21 10:30:00+00:00,0.442115150792252,sl,-0.0050913867392955
okx,ETC_USDT,2026-05-21 02:30:00+00:00,2026-05-21 06:00:00+00:00,0.4663244674474981,sl,-0.0062918761237937
okx,BNB_USDT,2026-05-21 17:15:00+00:00,2026-05-22 03:15:00+00:00,0.45016725383112455,tp,0.0110593168075197
okx,PI_USDT,2026-05-22 08:00:00+00:00,2026-05-22 12:15:00+00:00,0.45411769710890015,tp,0.0134363439200271
okx,DOGE_USDT,2026-05-22 08:45:00+00:00,2026-05-22 18:15:00+00:00,0.4461325062962987,sl,-0.0059352276820268
okx,SOL_USDT,2026-05-22 12:00:00+00:00,2026-05-22 14:15:00+00:00,0.5015321682914292,sl,-0.0055235503620628
okx,BCH_USDT,2026-05-22 12:15:00+00:00,2026-05-22 13:45:00+00:00,0.5015321682914292,sl,-0.0049384588566979
okx,SHIB_USDT,2026-05-22 12:15:00+00:00,2026-05-22 14:15:00+00:00,0.4891038082380098,sl,-0.005281965084691
okx,LTC_USDT,2026-05-22 14:00:00+00:00,2026-05-22 14:15:00+00:00,0.42627069602089496,sl,-0.0056434295297045
okx,BNB_USDT,2026-05-22 17:00:00+00:00,2026-05-22 18:45:00+00:00,0.45098470656087825,sl,-0.005271609382378
gate,LITE_USDT,2026-05-23 19:00:00+00:00,2026-05-23 21:00:00+00:00,0.43384198242211713,tp,0.0098355458505325
okx,PI_USDT,2026-05-24 02:15:00+00:00,2026-05-24 03:15:00+00:00,0.4398466932694102,sl,-0.0057796598500788
gate,METAX_USDT,2026-05-24 09:00:00+00:00,2026-05-24 15:15:00+00:00,0.44105681915744804,sl,-0.0032686668462639
okx,OKB_USDT,2026-05-24 11:45:00+00:00,2026-05-24 14:00:00+00:00,0.4257194501257631,sl,-0.0041396517727754
okx,WLFI_USDT,2026-05-24 13:15:00+00:00,2026-05-24 13:30:00+00:00,0.513447248165675,sl,-0.0057091058957746
okx,OKB_USDT,2026-05-24 16:30:00+00:00,2026-05-24 21:45:00+00:00,0.43422666131111826,sl,-0.0046478658466878
okx,OKB_USDT,2026-05-24 23:15:00+00:00,2026-05-25 17:15:00+00:00,0.4622967367840686,timeout,0.002407028523288
okx,BTC_USDT,2026-05-24 23:30:00+00:00,2026-05-25 15:00:00+00:00,0.4599818457725733,tp,0.0111031287163878
gate,BSV_USDT,2026-05-25 07:30:00+00:00,2026-05-25 12:00:00+00:00,0.4295724903415223,sl,-0.0064311586394619
gate,EGLD_USDT,2026-05-25 13:00:00+00:00,2026-05-25 15:15:00+00:00,0.4260642584234317,tp,0.0102559681944138
okx,DOGE_USDT,2026-05-27 06:45:00+00:00,2026-05-27 12:15:00+00:00,0.42566374946810953,sl,-0.0069965838372396
gate,M_USDT,2026-05-29 05:45:00+00:00,2026-05-29 07:00:00+00:00,0.42995861886444603,tp,0.016652299882919
gate,币安人生_USDT,2026-05-29 14:00:00+00:00,2026-05-29 14:45:00+00:00,0.43189852405822005,sl,-0.0092112477609132
okx,AAVE_USDT,2026-05-30 11:45:00+00:00,2026-05-30 22:45:00+00:00,0.46495442225051287,sl,-0.0044054612337057
okx,PI_USDT,2026-05-30 14:30:00+00:00,2026-05-31 00:45:00+00:00,0.43472478273691895,tp,0.0100521186677979
okx,GALA_USDT,2026-05-30 16:45:00+00:00,2026-05-30 22:30:00+00:00,0.4978059139946696,sl,-0.006017508418215
okx,LTC_USDT,2026-05-30 20:45:00+00:00,2026-05-30 22:45:00+00:00,0.46533498473059265,sl,-0.0036083282838889
gate,EGLD_USDT,2026-05-30 21:15:00+00:00,2026-05-30 22:15:00+00:00,0.4293068651442573,sl,-0.00467837319742
gate,SOXL_USDT,2026-05-30 21:30:00+00:00,2026-05-31 00:30:00+00:00,0.46343500681013144,sl,-0.0040936621595246
okx,ETH_USDT,2026-05-31 01:15:00+00:00,2026-05-31 10:00:00+00:00,0.43296409094518823,sl,-0.0033216235651554
okx,LTC_USDT,2026-05-31 01:30:00+00:00,2026-05-31 07:00:00+00:00,0.4909632884448744,sl,-0.0033887464443028
okx,POL_USDT,2026-05-31 03:30:00+00:00,2026-05-31 14:30:00+00:00,0.4295622334013306,sl,-0.0048832700240394
okx,AAVE_USDT,2026-05-31 07:00:00+00:00,2026-05-31 07:45:00+00:00,0.44242526775244695,sl,-0.0046786573570318
okx,TRUMP_USDT,2026-05-31 11:45:00+00:00,2026-05-31 14:15:00+00:00,0.43077140686853865,sl,-0.0062974771578031
okx,WLFI_USDT,2026-05-31 12:45:00+00:00,2026-05-31 14:30:00+00:00,0.5099992921868117,sl,-0.006177312056649
okx,SHIB_USDT,2026-05-31 13:30:00+00:00,2026-05-31 14:15:00+00:00,0.4316995510292569,sl,-0.0042135122843235
okx,BTC_USDT,2026-06-01 00:30:00+00:00,2026-06-01 01:15:00+00:00,0.42483975516809847,sl,-0.0044045989422915
gate,BZ_USDT,2026-06-01 05:45:00+00:00,2026-06-01 08:45:00+00:00,0.462684903903811,tp,0.0117733337067094
gate,BZ_USDT,2026-06-06 19:45:00+00:00,2026-06-07 05:45:00+00:00,0.4263500598597755,sl,-0.0044093746501363
okx,HBAR_USDT,2026-06-08 10:45:00+00:00,2026-06-08 15:15:00+00:00,0.4727304735441178,tp,0.0150906603666585
okx,LTC_USDT,2026-06-12 08:30:00+00:00,2026-06-12 15:00:00+00:00,0.43152984035829367,tp,0.0124580431098817
gate,BNB_USDT,2026-06-12 09:00:00+00:00,2026-06-12 15:15:00+00:00,0.45725446162417677,tp,0.0112555407312409
okx,LTC_USDT,2026-06-12 23:45:00+00:00,2026-06-13 08:45:00+00:00,0.45932833356645364,tp,0.012280912832975
okx,DOT_USDT,2026-06-13 01:15:00+00:00,2026-06-13 07:00:00+00:00,0.46294896285141396,tp,0.0146578843513829
okx,LINK_USDT,2026-06-13 01:15:00+00:00,2026-06-13 06:00:00+00:00,0.4602613148944472,sl,-0.006028396684887
okx,BTC_USDT,2026-06-13 01:45:00+00:00,2026-06-13 03:30:00+00:00,0.49087624167062194,sl,-0.0039323308446981
okx,CFX_USDT,2026-06-13 04:45:00+00:00,2026-06-13 05:45:00+00:00,0.44263305513221496,sl,-0.0068235990164492
okx,BTC_USDT,2026-06-13 06:45:00+00:00,2026-06-13 13:00:00+00:00,0.48245930425048444,tp,0.0062847608754352
okx,LINK_USDT,2026-06-13 06:45:00+00:00,2026-06-13 11:30:00+00:00,0.45016725383112455,tp,0.0107022291641465
okx,ETH_USDT_SWAP,2026-06-13 07:30:00+00:00,2026-06-13 15:45:00+00:00,0.4639586170448687,tp,0.0078260855759146
okx,SOL_USDT,2026-06-13 07:30:00+00:00,2026-06-13 13:45:00+00:00,0.45670457773820206,tp,0.0125813684911411
okx,ETH_USDT,2026-06-13 07:30:00+00:00,2026-06-13 15:45:00+00:00,0.4404011692742226,tp,0.0074584492603819
okx,DOGE_USDT,2026-06-13 08:30:00+00:00,2026-06-13 12:45:00+00:00,0.4302650219627852,tp,0.0130692833003518
okx,ETH_USDT,2026-06-13 21:45:00+00:00,2026-06-14 00:00:00+00:00,0.46553897761665947,sl,-0.0051185174746144
okx,ETH_USDT_SWAP,2026-06-13 21:45:00+00:00,2026-06-14 00:00:00+00:00,0.46553897761665947,sl,-0.0053089854549075
okx,ETC_USDT,2026-06-13 21:45:00+00:00,2026-06-13 23:00:00+00:00,0.44957726616468385,sl,-0.0052189653681489
okx,BNB_USDT,2026-06-13 23:15:00+00:00,2026-06-14 14:45:00+00:00,0.44278917434818743,sl,-0.003485216038872
gate,LTC_USDT,2026-06-14 19:45:00+00:00,2026-06-14 21:30:00+00:00,0.49087624167062194,tp,0.010548711876924
gate,TRX_USDT,2026-06-15 11:15:00+00:00,2026-06-15 14:15:00+00:00,0.449086356752997,sl,-0.0031193656825185
okx,PI_USDT,2026-06-17 01:45:00+00:00,2026-06-17 05:15:00+00:00,0.44853723549582697,sl,-0.0070532483921753
okx,WLFI_USDT,2026-06-17 02:15:00+00:00,2026-06-17 12:30:00+00:00,0.425472664458015,tp,0.0152611649197582
okx,BTC_USDT,2026-06-17 05:45:00+00:00,2026-06-17 06:45:00+00:00,0.43074414707170655,sl,-0.0043209358230895
okx,BNB_USDT,2026-06-17 13:45:00+00:00,2026-06-17 14:15:00+00:00,0.43116908913979923,sl,-0.0064094502365642
okx,OKB_USDT,2026-06-19 14:00:00+00:00,2026-06-19 16:00:00+00:00,0.42967196773069555,tp,0.0102202359277669
gate,JUP_USDT,2026-06-19 23:30:00+00:00,2026-06-20 00:45:00+00:00,0.43727540731505515,tp,0.0185773102351856
okx,LTC_USDT,2026-06-20 21:15:00+00:00,2026-06-21 06:45:00+00:00,0.4328610513182112,tp,0.0109176466225595
okx,DOGE_USDT,2026-06-20 22:45:00+00:00,2026-06-21 03:15:00+00:00,0.4298184688965221,sl,-0.0052650370541997
okx,OKB_USDT,2026-06-21 03:30:00+00:00,2026-06-21 08:15:00+00:00,0.43365073392056375,sl,-0.0057783894537601
okx,DOT_USDT,2026-06-21 10:00:00+00:00,2026-06-21 11:30:00+00:00,0.4251314264696338,sl,-0.0072005296981059
okx,BNB_USDT,2026-06-21 10:15:00+00:00,2026-06-21 12:15:00+00:00,0.4641458970507615,sl,-0.0038783762069829
okx,PI_USDT,2026-06-21 11:30:00+00:00,2026-06-21 22:00:00+00:00,0.4942669216304392,tp,0.0118167186627426
gate,WIF_USDT,2026-06-21 13:00:00+00:00,2026-06-21 15:45:00+00:00,0.4329622590808656,tp,0.0145091857248287
okx,PEPE_USDT,2026-06-21 13:30:00+00:00,2026-06-21 18:15:00+00:00,0.42952935852852275,sl,-0.0061793129322856
okx,OKB_USDT,2026-06-21 14:45:00+00:00,2026-06-21 19:45:00+00:00,0.4882697574155413,tp,0.0110725259237596
okx,BNB_USDT,2026-06-21 15:30:00+00:00,2026-06-21 21:00:00+00:00,0.4628739321170973,sl,-0.0040623524133792
gate,BTC_USDT,2026-06-21 15:45:00+00:00,2026-06-21 18:15:00+00:00,0.49087624167062194,sl,-0.0040418565688074
okx,ADA_USDT,2026-06-21 16:00:00+00:00,2026-06-21 16:45:00+00:00,0.4271689544838777,sl,-0.0063591653673302
okx,LTC_USDT,2026-06-22 08:30:00+00:00,2026-06-22 09:45:00+00:00,0.4703980304559077,sl,-0.0060177826523841
okx,POL_USDT,2026-06-22 15:15:00+00:00,2026-06-22 15:30:00+00:00,0.4258409646427842,tp,0.0147605943585837
okx,LINK_USDT,2026-06-27 06:45:00+00:00,2026-06-27 09:30:00+00:00,0.4497433592194221,sl,-0.0056750062251146
okx,BTC_USDT,2026-06-27 07:00:00+00:00,2026-06-27 19:45:00+00:00,0.42525868026937685,sl,-0.0048013722186829
gate,UNI_USDT,2026-06-27 15:00:00+00:00,2026-06-27 15:45:00+00:00,0.4469277789151693,tp,0.0126635667664882
okx,IOST_USDT_SWAP,2026-06-27 15:15:00+00:00,2026-06-27 17:15:00+00:00,0.4624474342994043,sl,-0.0080676732558423
okx,GPS_USDT_SWAP,2026-06-27 15:45:00+00:00,2026-06-27 16:00:00+00:00,0.427122828137323,sl,-0.0057833111203421
okx,LTC_USDT,2026-06-28 08:00:00+00:00,2026-06-28 09:00:00+00:00,0.44287451828997126,tp,0.0124645274808816
gate,BZ_USDT,2026-06-28 12:30:00+00:00,2026-06-28 16:45:00+00:00,0.4613407103863502,tp,0.0089564547797389
gate,BZ_USDT,2026-06-30 09:15:00+00:00,2026-06-30 12:30:00+00:00,0.44877681689085164,tp,0.0113257919419718
okx,BNB_USDT,2026-07-01 21:00:00+00:00,2026-07-01 22:30:00+00:00,0.4619456914270623,tp,0.0117403018471091
okx,AVAX_USDT,2026-07-02 09:15:00+00:00,2026-07-02 11:00:00+00:00,0.45499345834752475,tp,0.0130920417107311
okx,ATOM_USDT,2026-07-02 23:30:00+00:00,2026-07-03 06:30:00+00:00,0.4492209465483205,tp,0.0103969229342446
okx,ETC_USDT,2026-07-03 06:30:00+00:00,2026-07-03 10:45:00+00:00,0.47796073718956533,tp,0.0100749769082717
okx,OKB_USDT,2026-07-03 08:45:00+00:00,2026-07-03 09:45:00+00:00,0.5015321682914292,sl,-0.0051424979808089
okx,OKB_USDT,2026-07-03 19:45:00+00:00,2026-07-03 22:45:00+00:00,0.48921836714276284,tp,0.0070511127255099
okx,POL_USDT,2026-07-04 11:45:00+00:00,2026-07-04 18:00:00+00:00,0.45927293201347325,tp,0.0102022303515874
okx,CRV_USDT,2026-07-04 14:30:00+00:00,2026-07-04 15:15:00+00:00,0.4552284740843177,tp,0.0123916959493157
okx,AVAX_USDT,2026-07-04 14:30:00+00:00,2026-07-04 15:15:00+00:00,0.43603412841216804,tp,0.0124422764181422
okx,CHZ_USDT,2026-07-04 15:00:00+00:00,2026-07-04 16:45:00+00:00,0.4329798688206921,tp,0.0140112858316971
okx,LINK_USDT,2026-07-05 14:45:00+00:00,2026-07-05 19:00:00+00:00,0.4292326280028531,tp,0.0097682616529235
okx,ETH_USDT,2026-07-05 15:00:00+00:00,2026-07-05 22:00:00+00:00,0.45016725383112455,tp,0.010177457605438
okx,ETH_USDT_SWAP,2026-07-05 15:00:00+00:00,2026-07-05 22:00:00+00:00,0.45016725383112455,tp,0.010289057904627
okx,BTC_USDT,2026-07-05 21:15:00+00:00,2026-07-05 22:00:00+00:00,0.4536537598554914,tp,0.0060947317744057
okx,SOL_USDT,2026-07-05 21:30:00+00:00,2026-07-06 03:00:00+00:00,0.43729808777632556,sl,-0.0059524336843848
okx,XRP_USDT,2026-07-05 21:30:00+00:00,2026-07-05 22:30:00+00:00,0.43470913540327527,tp,0.0109109978376948
okx,AVAX_USDT,2026-07-05 21:30:00+00:00,2026-07-06 00:30:00+00:00,0.43333704007567003,sl,-0.006207377732753
okx,TRX_USDT,2026-07-06 18:00:00+00:00,2026-07-07 12:00:00+00:00,0.4624181354246759,timeout,0.0063212277769335
