conf,core_end_i,core_end_time,core_mid_i,core_mid_time,core_start_i,core_start_time,decision_delay_bars,decision_i,decision_time,event_conf_max,event_decision_first,event_decision_last,event_id,predicted_core_bars,raw_detection_count,symbol,window_len,window_lengths_seen,window_start_i,window_start_time,x1n,x2n,y1n,y2n
0.275618314743042,366,2025-11-14T22:45:00+00:00,362.5,2025-11-14T21:45:00+00:00,359,2025-11-14T21:00:00+00:00,6,372,2025-11-15T00:15:00+00:00,0.275618314743042,2025-11-15T00:15:00+00:00,2025-11-15T00:15:00+00:00,caee51aeca80a98b,8,2,1INCH_USDT_SWAP,19,[19],354,2025-11-14T19:45:00+00:00,0.3017116189002991,0.6882042288780212,0.4072960615158081,0.762686550617218
0.47838094830513,368,2025-11-14T23:15:00+00:00,365.0,2025-11-14T22:30:00+00:00,362,2025-11-14T21:45:00+00:00,4,372,2025-11-15T00:15:00+00:00,0.5692601799964905,2025-11-15T00:15:00+00:00,2025-11-15T00:30:00+00:00,96ea191c2d3947fd,7,11,AEVO_USDT_SWAP,17,"[14, 15, 16, 17, 18, 19]",356,2025-11-14T20:15:00+00:00,0.3550782799720764,0.7538677453994751,0.19599446654319763,0.9348554015159607
0.36936652660369873,368,2025-11-14T23:15:00+00:00,365.0,2025-11-14T22:30:00+00:00,362,2025-11-14T21:45:00+00:00,4,372,2025-11-15T00:15:00+00:00,0.36936652660369873,2025-11-15T00:15:00+00:00,2025-11-15T00:30:00+00:00,23f247cd6be6718e,7,3,AGLD_USDT_SWAP,17,"[17, 19]",356,2025-11-14T20:15:00+00:00,0.3538080155849457,0.7595102190971375,0.27694475650787354,0.9102051854133606
0.5005295276641846,367,2025-11-14T23:00:00+00:00,364.0,2025-11-14T22:15:00+00:00,361,2025-11-14T21:30:00+00:00,5,372,2025-11-15T00:15:00+00:00,0.5005295276641846,2025-11-15T00:15:00+00:00,2025-11-15T00:30:00+00:00,c02ffd2ba6f4c332,7,6,AIXBT_USDT_SWAP,19,"[17, 18, 19]",354,2025-11-14T19:45:00+00:00,0.3659955859184265,0.7377375960350037,0.18558816611766815,0.7213059067726135
0.27563706040382385,368,2025-11-14T23:15:00+00:00,365.0,2025-11-14T22:30:00+00:00,362,2025-11-14T21:45:00+00:00,4,372,2025-11-15T00:15:00+00:00,0.3385263979434967,2025-11-15T00:15:00+00:00,2025-11-15T00:30:00+00:00,1c7403cfd76d2d37,7,2,ANIME_USDT_SWAP,17,"[17, 19]",356,2025-11-14T20:15:00+00:00,0.35537606477737427,0.7662574648857117,0.2685377895832062,0.9131610989570618
0.37698838114738464,368,2025-11-14T23:15:00+00:00,364.5,2025-11-14T22:15:00+00:00,361,2025-11-14T21:30:00+00:00,4,372,2025-11-15T00:15:00+00:00,0.37698838114738464,2025-11-15T00:15:00+00:00,2025-11-15T00:15:00+00:00,a6deedb47a7c0f48,8,6,APE_USDT_SWAP,18,"[13, 14, 15, 17, 18]",355,2025-11-14T20:00:00+00:00,0.3651765286922455,0.7690364122390747,0.2417396903038025,0.883843183517456
0.46893471479415894,369,2025-11-14T23:30:00+00:00,367.0,2025-11-14T23:00:00+00:00,365,2025-11-14T22:30:00+00:00,3,372,2025-11-15T00:15:00+00:00,0.46893471479415894,2025-11-15T00:15:00+00:00,2025-11-15T00:30:00+00:00,c1813b96b351b729,5,10,APT_USDT_SWAP,13,"[13, 14, 15, 16, 17, 19]",360,2025-11-14T21:15:00+00:00,0.38826093077659607,0.7746481895446777,0.2702378034591675,0.9461626410484314
0.3366333842277527,369,2025-11-14T23:30:00+00:00,366.0,2025-11-14T22:45:00+00:00,363,2025-11-14T22:00:00+00:00,3,372,2025-11-15T00:15:00+00:00,0.39095985889434814,2025-11-15T00:15:00+00:00,2025-11-15T00:30:00+00:00,0150e1c4720f3fcd,7,4,ARB_USDT_SWAP,15,"[15, 17, 18, 19]",358,2025-11-14T20:45:00+00:00,0.35265597701072693,0.8070650100708008,0.1490526795387268,0.9088979959487915
0.31909093260765076,368,2025-11-14T23:15:00+00:00,365.0,2025-11-14T22:30:00+00:00,362,2025-11-14T21:45:00+00:00,4,372,2025-11-15T00:15:00+00:00,0.31909093260765076,2025-11-15T00:15:00+00:00,2025-11-15T00:15:00+00:00,2fbcb1419caf06d6,7,1,ATH_USDT_SWAP,17,[17],356,2025-11-14T20:15:00+00:00,0.3518957793712616,0.7564373016357422,0.24128496646881104,0.9158223867416382
0.6465370655059814,366,2025-11-14T22:45:00+00:00,363.0,2025-11-14T22:00:00+00:00,360,2025-11-14T21:15:00+00:00,6,372,2025-11-15T00:15:00+00:00,0.6465370655059814,2025-11-15T00:15:00+00:00,2025-11-15T00:30:00+00:00,07b5cfb6b0bafe7a,7,10,ATOM_USDT_SWAP,19,"[13, 14, 15, 16, 17, 19]",354,2025-11-14T19:45:00+00:00,0.319902628660202,0.6811360716819763,0.2980959117412567,0.5228208303451538
0.5114716291427612,369,2025-11-14T23:30:00+00:00,367.0,2025-11-14T23:00:00+00:00,365,2025-11-14T22:30:00+00:00,3,372,2025-11-15T00:15:00+00:00,0.5114716291427612,2025-11-15T00:15:00+00:00,2025-11-15T02:15:00+00:00,4b405901887c089f,5,10,AXS_USDT_SWAP,13,"[13, 14, 15, 17, 18, 19]",360,2025-11-14T21:15:00+00:00,0.3836137652397156,0.7747336626052856,0.14050929248332977,0.8561657667160034
0.4445725381374359,368,2025-11-14T23:15:00+00:00,364.5,2025-11-14T22:15:00+00:00,361,2025-11-14T21:30:00+00:00,4,372,2025-11-15T00:15:00+00:00,0.4445725381374359,2025-11-15T00:15:00+00:00,2025-11-15T00:30:00+00:00,482dedec176afb40,8,6,A_USDT_SWAP,18,"[15, 17, 18, 19]",355,2025-11-14T20:00:00+00:00,0.3744852542877197,0.7679769396781921,0.29404962062835693,0.8787828683853149
0.4334486126899719,368,2025-11-14T23:15:00+00:00,365.0,2025-11-14T22:30:00+00:00,362,2025-11-14T21:45:00+00:00,4,372,2025-11-15T00:15:00+00:00,0.439613401889801,2025-11-15T00:15:00+00:00,2025-11-15T00:30:00+00:00,43a5c3e367fa8429,7,7,BICO_USDT_SWAP,17,"[14, 15, 17, 18, 19]",356,2025-11-14T20:15:00+00:00,0.3527723252773285,0.7582598924636841,0.1538293957710266,0.8754174113273621
0.3358962833881378,368,2025-11-14T23:15:00+00:00,365.0,2025-11-14T22:30:00+00:00,362,2025-11-14T21:45:00+00:00,4,372,2025-11-15T00:15:00+00:00,0.3358962833881378,2025-11-15T00:15:00+00:00,2025-11-15T00:30:00+00:00,1678bd9d0935ff05,7,2,BONK_USDT_SWAP,17,"[17, 19]",356,2025-11-14T20:15:00+00:00,0.35285162925720215,0.7584493160247803,0.22218693792819977,0.967280387878418
0.46375560760498047,369,2025-11-14T23:30:00+00:00,366.0,2025-11-14T22:45:00+00:00,363,2025-11-14T22:00:00+00:00,3,372,2025-11-15T00:15:00+00:00,0.6302715539932251,2025-11-15T00:15:00+00:00,2025-11-15T00:30:00+00:00,2beb5f49438c7153,7,11,BRETT_USDT_SWAP,15,"[13, 14, 15, 16, 17, 18, 19]",358,2025-11-14T20:45:00+00:00,0.3562903106212616,0.813571572303772,0.26927176117897034,0.9275848269462585
0.5778930187225342,366,2025-11-14T22:45:00+00:00,363.0,2025-11-14T22:00:00+00:00,360,2025-11-14T21:15:00+00:00,6,372,2025-11-15T00:15:00+00:00,0.5778930187225342,2025-11-15T00:15:00+00:00,2025-11-15T00:30:00+00:00,35ea6de7e5efa9e3,7,4,CHZ_USDT_SWAP,19,"[17, 19]",354,2025-11-14T19:45:00+00:00,0.3256773054599762,0.6799789667129517,0.30406659841537476,0.5149487853050232
0.36379626393318176,368,2025-11-14T23:15:00+00:00,364.0,2025-11-14T22:15:00+00:00,360,2025-11-14T21:15:00+00:00,4,372,2025-11-15T00:15:00+00:00,0.36379626393318176,2025-11-15T00:15:00+00:00,2025-11-15T00:15:00+00:00,4865ae6044b57ec0,9,3,COMP_USDT_SWAP,19,"[17, 19]",354,2025-11-14T19:45:00+00:00,0.3489343822002411,0.7485536932945251,0.30892935395240784,0.8972789645195007
0.47433334589004517,369,2025-11-14T23:30:00+00:00,366.0,2025-11-14T22:45:00+00:00,363,2025-11-14T22:00:00+00:00,3,372,2025-11-15T00:15:00+00:00,0.47433334589004517,2025-11-15T00:15:00+00:00,2025-11-15T00:45:00+00:00,9c97511863a73eb5,7,8,DOT_USDT_SWAP,14,"[14, 15, 17, 18, 19]",359,2025-11-14T21:00:00+00:00,0.327880859375,0.7785696983337402,0.18048079311847687,0.769882321357727
0.3548906743526459,368,2025-11-14T23:15:00+00:00,365.0,2025-11-14T22:30:00+00:00,362,2025-11-14T21:45:00+00:00,4,372,2025-11-15T00:15:00+00:00,0.3548906743526459,2025-11-15T00:15:00+00:00,2025-11-15T00:30:00+00:00,d5e0cdb6b1ec1bf3,7,3,EGLD_USDT_SWAP,17,"[17, 19]",356,2025-11-14T20:15:00+00:00,0.35127145051956177,0.7594627737998962,0.32751205563545227,0.8867818117141724
0.40184685587882996,366,2025-11-14T22:45:00+00:00,363.0,2025-11-14T22:00:00+00:00,360,2025-11-14T21:15:00+00:00,6,372,2025-11-15T00:15:00+00:00,0.40184685587882996,2025-11-15T00:15:00+00:00,2025-11-15T00:15:00+00:00,da0b681f54ac49b2,7,2,ENJ_USDT_SWAP,19,[19],354,2025-11-14T19:45:00+00:00,0.31657448410987854,0.6768693327903748,0.3133240044116974,0.5405332446098328
0.46740925312042236,368,2025-11-14T23:15:00+00:00,365.0,2025-11-14T22:30:00+00:00,362,2025-11-14T21:45:00+00:00,4,372,2025-11-15T00:15:00+00:00,0.46740925312042236,2025-11-15T00:15:00+00:00,2025-11-15T00:30:00+00:00,b9f23bdb493a787b,7,7,ENS_USDT_SWAP,17,"[14, 15, 16, 17, 19]",356,2025-11-14T20:15:00+00:00,0.35024046897888184,0.759248673915863,0.29342761635780334,0.8930558562278748
0.3675377070903778,367,2025-11-14T23:00:00+00:00,363.5,2025-11-14T22:15:00+00:00,360,2025-11-14T21:15:00+00:00,5,372,2025-11-15T00:15:00+00:00,0.3675377070903778,2025-11-15T00:15:00+00:00,2025-11-15T00:15:00+00:00,e25b5314501238d1,8,2,ETC_USDT_SWAP,19,[19],354,2025-11-14T19:45:00+00:00,0.3482227027416229,0.7404204607009888,0.35002127289772034,0.7715153098106384
0.3691776990890503,367,2025-11-14T23:00:00+00:00,363.5,2025-11-14T22:15:00+00:00,360,2025-11-14T21:15:00+00:00,5,372,2025-11-15T00:15:00+00:00,0.3691776990890503,2025-11-15T00:15:00+00:00,2025-11-15T00:15:00+00:00,6ee93738045b789a,8,2,ETH_USDT_SWAP,19,"[17, 19]",354,2025-11-14T19:45:00+00:00,0.3494584858417511,0.74524986743927,0.3913664221763611,0.8281844258308411
0.5374892950057983,368,2025-11-14T23:15:00+00:00,365.0,2025-11-14T22:30:00+00:00,362,2025-11-14T21:45:00+00:00,4,372,2025-11-15T00:15:00+00:00,0.6468617916107178,2025-11-15T00:15:00+00:00,2025-11-15T00:30:00+00:00,6a064d33701d827f,7,11,FLOKI_USDT_SWAP,17,"[13, 14, 15, 16, 17, 18, 19]",356,2025-11-14T20:15:00+00:00,0.3524574339389801,0.7549506425857544,0.21443893015384674,0.9652344584465027
0.497494101524353,366,2025-11-14T22:45:00+00:00,363.0,2025-11-14T22:00:00+00:00,360,2025-11-14T21:15:00+00:00,6,372,2025-11-15T00:15:00+00:00,0.497494101524353,2025-11-15T00:15:00+00:00,2025-11-15T00:15:00+00:00,ce39a4926a8bf260,7,3,FLOW_USDT_SWAP,19,"[17, 19]",354,2025-11-14T19:45:00+00:00,0.3312568664550781,0.6817569732666016,0.30320149660110474,0.5337396860122681
0.43348443508148193,368,2025-11-14T23:15:00+00:00,365.0,2025-11-14T22:30:00+00:00,362,2025-11-14T21:45:00+00:00,4,372,2025-11-15T00:15:00+00:00,0.5604779720306396,2025-11-15T00:15:00+00:00,2025-11-15T00:30:00+00:00,3c106ada57eac1e5,7,10,GALA_USDT_SWAP,17,"[14, 15, 16, 17, 18, 19]",356,2025-11-14T20:15:00+00:00,0.35655781626701355,0.7638152837753296,0.25197833776474,0.8958303928375244
0.28909748792648315,366,2025-11-14T22:45:00+00:00,363.0,2025-11-14T22:00:00+00:00,360,2025-11-14T21:15:00+00:00,6,372,2025-11-15T00:15:00+00:00,0.28909748792648315,2025-11-15T00:15:00+00:00,2025-11-15T00:15:00+00:00,d921557855ea1b89,7,1,GAS_USDT_SWAP,19,[19],354,2025-11-14T19:45:00+00:00,0.3265371024608612,0.6792264580726624,0.29456859827041626,0.4849812984466553
0.6881373524665833,369,2025-11-14T23:30:00+00:00,367.5,2025-11-14T23:15:00+00:00,366,2025-11-14T22:45:00+00:00,3,372,2025-11-15T00:15:00+00:00,0.7890951633453369,2025-11-15T00:15:00+00:00,2025-11-15T01:00:00+00:00,50d5e18a494d23d4,4,16,INIT_USDT_SWAP,12,"[12, 13, 14, 15, 17, 18, 19]",361,2025-11-14T21:30:00+00:00,0.42882347106933594,0.747882068157196,0.28837600350379944,0.9227873682975769
0.8382369875907898,369,2025-11-14T23:30:00+00:00,367.5,2025-11-14T23:15:00+00:00,366,2025-11-14T22:45:00+00:00,3,372,2025-11-15T00:15:00+00:00,0.8382369875907898,2025-11-15T00:15:00+00:00,2025-11-15T01:45:00+00:00,c90ef043ca698c46,4,48,INJ_USDT_SWAP,12,"[12, 13, 14, 15, 16, 17, 18, 19]",361,2025-11-14T21:30:00+00:00,0.42786845564842224,0.7455682158470154,0.30145180225372314,0.9240069389343262
0.4527859091758728,369,2025-11-14T23:30:00+00:00,366.0,2025-11-14T22:45:00+00:00,363,2025-11-14T22:00:00+00:00,3,372,2025-11-15T00:15:00+00:00,0.4527859091758728,2025-11-15T00:15:00+00:00,2025-11-15T00:30:00+00:00,38ffd1b5646a8bba,7,6,IOST_USDT_SWAP,15,"[14, 15, 17, 18, 19]",358,2025-11-14T20:45:00+00:00,0.3472368121147156,0.8147457242012024,0.31796571612358093,0.8608397245407104
0.4385502338409424,368,2025-11-14T23:15:00+00:00,365.0,2025-11-14T22:30:00+00:00,362,2025-11-14T21:45:00+00:00,4,372,2025-11-15T00:15:00+00:00,0.5753088593482971,2025-11-15T00:15:00+00:00,2025-11-15T00:30:00+00:00,468929b4907373fe,7,7,IOTA_USDT_SWAP,17,"[15, 17, 18, 19]",356,2025-11-14T20:15:00+00:00,0.35361239314079285,0.758176326751709,0.17989413440227509,0.884023904800415
0.29390960931777954,368,2025-11-14T23:15:00+00:00,365.0,2025-11-14T22:30:00+00:00,362,2025-11-14T21:45:00+00:00,4,372,2025-11-15T00:15:00+00:00,0.29390960931777954,2025-11-15T00:15:00+00:00,2025-11-15T00:15:00+00:00,cf79c7b8c014fa6b,7,1,KAITO_USDT_SWAP,17,[17],356,2025-11-14T20:15:00+00:00,0.35510605573654175,0.7651649117469788,0.2703399956226349,0.8929179310798645
0.2850295901298523,368,2025-11-14T23:15:00+00:00,365.0,2025-11-14T22:30:00+00:00,362,2025-11-14T21:45:00+00:00,4,372,2025-11-15T00:15:00+00:00,0.2850295901298523,2025-11-15T00:15:00+00:00,2025-11-15T00:15:00+00:00,ab97498e79efb0c7,7,1,KGEN_USDT_SWAP,17,[17],356,2025-11-14T20:15:00+00:00,0.3583967983722687,0.752804696559906,0.21160820126533508,0.8120695352554321
0.2870384156703949,369,2025-11-14T23:30:00+00:00,366.0,2025-11-14T22:45:00+00:00,363,2025-11-14T22:00:00+00:00,3,372,2025-11-15T00:15:00+00:00,0.2870384156703949,2025-11-15T00:15:00+00:00,2025-11-15T00:15:00+00:00,ba99fc275987aeaa,7,3,LUNA_USDT_SWAP,15,"[15, 17, 18]",358,2025-11-14T20:45:00+00:00,0.3464580178260803,0.8120731711387634,0.2654203474521637,0.8345229625701904
0.35433095693588257,370,2025-11-14T23:45:00+00:00,367.5,2025-11-14T23:15:00+00:00,365,2025-11-14T22:30:00+00:00,2,372,2025-11-15T00:15:00+00:00,0.35433095693588257,2025-11-15T00:15:00+00:00,2025-11-15T00:45:00+00:00,1be7ec078d49c03d,6,3,MAGIC_USDT_SWAP,13,"[12, 13, 17]",360,2025-11-14T21:15:00+00:00,0.38365456461906433,0.8020063638687134,0.17863449454307556,0.775438666343689
0.42970991134643555,368,2025-11-14T23:15:00+00:00,365.0,2025-11-14T22:30:00+00:00,362,2025-11-14T21:45:00+00:00,4,372,2025-11-15T00:15:00+00:00,0.4745866656303406,2025-11-15T00:15:00+00:00,2025-11-15T00:30:00+00:00,680549dd3a7531a4,7,6,MANA_USDT_SWAP,17,"[14, 15, 16, 17, 18, 19]",356,2025-11-14T20:15:00+00:00,0.35091423988342285,0.7607040405273438,0.267960786819458,0.922779381275177
0.49998176097869873,369,2025-11-14T23:30:00+00:00,366.0,2025-11-14T22:45:00+00:00,363,2025-11-14T22:00:00+00:00,3,372,2025-11-15T00:15:00+00:00,0.5869457721710205,2025-11-15T00:15:00+00:00,2025-11-15T00:30:00+00:00,1755e248636c3222,7,10,MASK_USDT_SWAP,15,"[12, 13, 14, 15, 16, 17, 18, 19]",358,2025-11-14T20:45:00+00:00,0.35394325852394104,0.8078184127807617,0.24347291886806488,0.9571196436882019
0.38049647212028503,368,2025-11-14T23:15:00+00:00,365.0,2025-11-14T22:30:00+00:00,362,2025-11-14T21:45:00+00:00,4,372,2025-11-15T00:15:00+00:00,0.5810904502868652,2025-11-15T00:15:00+00:00,2025-11-15T00:30:00+00:00,9a1f189f2a026fcd,7,4,MOODENG_USDT_SWAP,17,"[17, 18, 19]",356,2025-11-14T20:15:00+00:00,0.35095658898353577,0.7617794275283813,0.29383015632629395,0.9040857553482056
0.2948482632637024,367,2025-11-14T23:00:00+00:00,364.0,2025-11-14T22:15:00+00:00,361,2025-11-14T21:30:00+00:00,5,372,2025-11-15T00:15:00+00:00,0.2948482632637024,2025-11-15T00:15:00+00:00,2025-11-15T00:15:00+00:00,4a3d2ccff4586931,7,2,MORPHO_USDT_SWAP,19,"[17, 19]",354,2025-11-14T19:45:00+00:00,0.3739458918571472,0.7362357378005981,0.5130192041397095,0.6486332416534424
0.5965490937232971,369,2025-11-14T23:30:00+00:00,366.0,2025-11-14T22:45:00+00:00,363,2025-11-14T22:00:00+00:00,3,372,2025-11-15T00:15:00+00:00,0.5965490937232971,2025-11-15T00:15:00+00:00,2025-11-15T02:30:00+00:00,ce76d56b0a0bdba9,7,20,MOVE_USDT_SWAP,15,"[12, 13, 14, 15, 16, 17, 18, 19]",358,2025-11-14T20:45:00+00:00,0.34961891174316406,0.8104586005210876,0.2364981323480606,0.9087622761726379
0.38095998764038086,368,2025-11-14T23:15:00+00:00,365.0,2025-11-14T22:30:00+00:00,362,2025-11-14T21:45:00+00:00,4,372,2025-11-15T00:15:00+00:00,0.38095998764038086,2025-11-15T00:15:00+00:00,2025-11-15T00:15:00+00:00,098d0d8eb2805751,7,3,NEO_USDT_SWAP,18,"[17, 18, 19]",355,2025-11-14T20:00:00+00:00,0.3998866081237793,0.7552050948143005,0.3176257610321045,0.8309012651443481
0.5057094693183899,369,2025-11-14T23:30:00+00:00,367.0,2025-11-14T23:00:00+00:00,365,2025-11-14T22:30:00+00:00,3,372,2025-11-15T00:15:00+00:00,0.5057094693183899,2025-11-15T00:15:00+00:00,2025-11-15T02:30:00+00:00,cba1003b47c71470,5,9,ONE_USDT_SWAP,13,"[13, 14, 15, 17, 18, 19]",360,2025-11-14T21:15:00+00:00,0.3903367519378662,0.7786060571670532,0.21421311795711517,0.8554143309593201
0.4322020709514618,368,2025-11-14T23:15:00+00:00,365.0,2025-11-14T22:30:00+00:00,362,2025-11-14T21:45:00+00:00,4,372,2025-11-15T00:15:00+00:00,0.4322020709514618,2025-11-15T00:15:00+00:00,2025-11-15T00:30:00+00:00,6695fc7b78fd5403,7,5,ONT_USDT_SWAP,17,"[15, 17, 19]",356,2025-11-14T20:15:00+00:00,0.35044506192207336,0.762867271900177,0.301069051027298,0.8570828437805176
0.5414718389511108,369,2025-11-14T23:30:00+00:00,367.0,2025-11-14T23:00:00+00:00,365,2025-11-14T22:30:00+00:00,3,372,2025-11-15T00:15:00+00:00,0.5414718389511108,2025-11-15T00:15:00+00:00,2025-11-15T02:15:00+00:00,9d94decc3e5e9fb7,5,11,OP_USDT_SWAP,13,"[13, 14, 15, 17, 18]",360,2025-11-14T21:15:00+00:00,0.38460540771484375,0.7742331624031067,0.18899600207805634,0.7692543268203735
0.6578630805015564,369,2025-11-14T23:30:00+00:00,367.0,2025-11-14T23:00:00+00:00,365,2025-11-14T22:30:00+00:00,3,372,2025-11-15T00:15:00+00:00,0.6578630805015564,2025-11-15T00:15:00+00:00,2025-11-15T01:00:00+00:00,98a9dda49d20a7f1,5,24,ORDI_USDT_SWAP,13,"[12, 13, 14, 15, 16, 17, 18, 19]",360,2025-11-14T21:15:00+00:00,0.3902007043361664,0.7771598100662231,0.11271987110376358,0.856584906578064
0.28629443049430847,368,2025-11-14T23:15:00+00:00,365.0,2025-11-14T22:30:00+00:00,362,2025-11-14T21:45:00+00:00,4,372,2025-11-15T00:15:00+00:00,0.28629443049430847,2025-11-15T00:15:00+00:00,2025-11-15T00:15:00+00:00,744fe2a279ba0d5f,7,1,PENGU_USDT_SWAP,17,[17],356,2025-11-14T20:15:00+00:00,0.351220965385437,0.7603087425231934,0.3157317042350769,0.9680927991867065
0.7624373435974121,369,2025-11-14T23:30:00+00:00,367.0,2025-11-14T23:00:00+00:00,365,2025-11-14T22:30:00+00:00,3,372,2025-11-15T00:15:00+00:00,0.7624373435974121,2025-11-15T00:15:00+00:00,2025-11-15T02:30:00+00:00,93a8ca2069e61a38,5,32,PEOPLE_USDT_SWAP,13,"[12, 13, 14, 15, 16, 17, 18, 19]",360,2025-11-14T21:15:00+00:00,0.39223191142082214,0.7707778811454773,0.21388132870197296,0.936549723148346
0.34537172317504883,366,2025-11-14T22:45:00+00:00,363.0,2025-11-14T22:00:00+00:00,360,2025-11-14T21:15:00+00:00,6,372,2025-11-15T00:15:00+00:00,0.34537172317504883,2025-11-15T00:15:00+00:00,2025-11-15T00:15:00+00:00,6740fab25ab98863,7,3,PI_USDT_SWAP,19,"[18, 19]",354,2025-11-14T19:45:00+00:00,0.3449370861053467,0.6774482131004333,0.36380860209465027,0.5096316933631897
0.32742905616760254,368,2025-11-14T23:15:00+00:00,365.0,2025-11-14T22:30:00+00:00,362,2025-11-14T21:45:00+00:00,4,372,2025-11-15T00:15:00+00:00,0.32742905616760254,2025-11-15T00:15:00+00:00,2025-11-15T00:30:00+00:00,f4fe4c4209d63122,7,3,RVN_USDT_SWAP,17,"[17, 19]",356,2025-11-14T20:15:00+00:00,0.3524472713470459,0.7645402550697327,0.3307647109031677,0.8626322150230408
0.6191594004631042,367,2025-11-14T23:00:00+00:00,363.5,2025-11-14T22:15:00+00:00,360,2025-11-14T21:15:00+00:00,5,372,2025-11-15T00:15:00+00:00,0.8872446417808533,2025-11-15T00:15:00+00:00,2025-11-15T00:45:00+00:00,ddb20411d113ba0e,8,28,SAHARA_USDT_SWAP,19,"[12, 13, 14, 15, 16, 17, 18, 19]",354,2025-11-14T19:45:00+00:00,0.3565356731414795,0.7403963208198547,0.4451793432235718,0.6599081754684448
0.4849797189235687,366,2025-11-14T22:45:00+00:00,363.0,2025-11-14T22:00:00+00:00,360,2025-11-14T21:15:00+00:00,6,372,2025-11-15T00:15:00+00:00,0.4849797189235687,2025-11-15T00:15:00+00:00,2025-11-15T00:15:00+00:00,2889dfbe8ea25bc5,7,2,SHIB_USDT_SWAP,19,"[17, 19]",354,2025-11-14T19:45:00+00:00,0.31583067774772644,0.6818490624427795,0.3526034653186798,0.5567692518234253
0.42691972851753235,368,2025-11-14T23:15:00+00:00,365.0,2025-11-14T22:30:00+00:00,362,2025-11-14T21:45:00+00:00,4,372,2025-11-15T00:15:00+00:00,0.42691972851753235,2025-11-15T00:15:00+00:00,2025-11-15T00:30:00+00:00,3319091f8126a2e4,7,6,SNX_USDT_SWAP,17,"[14, 15, 17, 18, 19]",356,2025-11-14T20:15:00+00:00,0.3551246225833893,0.7640180587768555,0.2622578740119934,0.8832475543022156
0.2721337080001831,368,2025-11-14T23:15:00+00:00,364.0,2025-11-14T22:15:00+00:00,360,2025-11-14T21:15:00+00:00,4,372,2025-11-15T00:15:00+00:00,0.2721337080001831,2025-11-15T00:15:00+00:00,2025-11-15T00:15:00+00:00,3af742cba5bad0d3,9,1,SOL_USDT_SWAP,19,[19],354,2025-11-14T19:45:00+00:00,0.3506830930709839,0.7458997368812561,0.3919973075389862,0.8763999938964844
0.5763971209526062,369,2025-11-14T23:30:00+00:00,366.0,2025-11-14T22:45:00+00:00,363,2025-11-14T22:00:00+00:00,3,372,2025-11-15T00:15:00+00:00,0.5763971209526062,2025-11-15T00:15:00+00:00,2025-11-15T00:30:00+00:00,dc07878469c90391,7,11,SUSHI_USDT_SWAP,15,"[13, 14, 15, 16, 17, 18, 19]",358,2025-11-14T20:45:00+00:00,0.35608670115470886,0.8104936480522156,0.1997615396976471,0.893970787525177
0.7532834410667419,369,2025-11-14T23:30:00+00:00,367.5,2025-11-14T23:15:00+00:00,366,2025-11-14T22:45:00+00:00,3,372,2025-11-15T00:15:00+00:00,0.9131590723991394,2025-11-15T00:15:00+00:00,2025-11-15T01:45:00+00:00,cb6630b41bc61c7f,4,38,SYRUP_USDT_SWAP,12,"[12, 13, 14, 15, 16, 17, 18, 19]",361,2025-11-14T21:30:00+00:00,0.4274519085884094,0.7500773668289185,0.3158069849014282,0.8581745028495789
0.47179311513900757,368,2025-11-14T23:15:00+00:00,365.0,2025-11-14T22:30:00+00:00,362,2025-11-14T21:45:00+00:00,4,372,2025-11-15T00:15:00+00:00,0.6046426892280579,2025-11-15T00:15:00+00:00,2025-11-15T00:30:00+00:00,a07ee0bca37cb35b,7,7,S_USDT_SWAP,17,"[14, 15, 16, 17, 18, 19]",356,2025-11-14T20:15:00+00:00,0.35492610931396484,0.762984037399292,0.2689506411552429,0.9305723905563354
0.7742336392402649,369,2025-11-14T23:30:00+00:00,367.0,2025-11-14T23:00:00+00:00,365,2025-11-14T22:30:00+00:00,3,372,2025-11-15T00:15:00+00:00,0.7742336392402649,2025-11-15T00:15:00+00:00,2025-11-15T03:00:00+00:00,6eb861aa6c12a785,5,37,THETA_USDT_SWAP,13,"[12, 13, 14, 15, 16, 17, 18, 19]",360,2025-11-14T21:15:00+00:00,0.39351221919059753,0.7745046019554138,0.22780415415763855,0.9356556534767151
0.5084631443023682,366,2025-11-14T22:45:00+00:00,363.0,2025-11-14T22:00:00+00:00,360,2025-11-14T21:15:00+00:00,6,372,2025-11-15T00:15:00+00:00,0.5084631443023682,2025-11-15T00:15:00+00:00,2025-11-15T00:30:00+00:00,ded54fe4b471e672,7,8,UMA_USDT_SWAP,19,"[15, 16, 17, 18, 19]",354,2025-11-14T19:45:00+00:00,0.3166438639163971,0.6818839311599731,0.3270569145679474,0.5787613987922668
0.3859735429286957,366,2025-11-14T22:45:00+00:00,363.0,2025-11-14T22:00:00+00:00,360,2025-11-14T21:15:00+00:00,6,372,2025-11-15T00:15:00+00:00,0.39868998527526855,2025-11-15T00:15:00+00:00,2025-11-15T00:30:00+00:00,9b289b857dd20d17,7,5,USELESS_USDT_SWAP,19,"[17, 18, 19]",354,2025-11-14T19:45:00+00:00,0.3604957163333893,0.6767597198486328,0.419830322265625,0.7659143805503845
0.5194059610366821,366,2025-11-14T22:45:00+00:00,363.0,2025-11-14T22:00:00+00:00,360,2025-11-14T21:15:00+00:00,6,372,2025-11-15T00:15:00+00:00,0.5194059610366821,2025-11-15T00:15:00+00:00,2025-11-15T00:15:00+00:00,8f7da8f358c6782d,7,1,WCT_USDT_SWAP,19,[19],354,2025-11-14T19:45:00+00:00,0.314016729593277,0.6801033020019531,0.3096524477005005,0.6081443428993225
0.354295939207077,368,2025-11-14T23:15:00+00:00,365.0,2025-11-14T22:30:00+00:00,362,2025-11-14T21:45:00+00:00,4,372,2025-11-15T00:15:00+00:00,0.354295939207077,2025-11-15T00:15:00+00:00,2025-11-15T00:15:00+00:00,c1cbeae175203c1c,7,1,XTZ_USDT_SWAP,18,[18],355,2025-11-14T20:00:00+00:00,0.4008753001689911,0.7553433775901794,0.3896980285644531,0.8637925386428833
0.5218388438224792,368,2025-11-14T23:15:00+00:00,365.0,2025-11-14T22:30:00+00:00,362,2025-11-14T21:45:00+00:00,4,372,2025-11-15T00:15:00+00:00,0.5488355159759521,2025-11-15T00:15:00+00:00,2025-11-15T00:30:00+00:00,d77f7549e8a85c76,7,9,YGG_USDT_SWAP,17,"[15, 16, 17, 18, 19]",356,2025-11-14T20:15:00+00:00,0.35066744685173035,0.7613562941551208,0.27431249618530273,0.9178696274757385
0.2572301924228668,368,2025-11-14T23:15:00+00:00,364.5,2025-11-14T22:15:00+00:00,361,2025-11-14T21:30:00+00:00,4,372,2025-11-15T00:15:00+00:00,0.2572301924228668,2025-11-15T00:15:00+00:00,2025-11-15T00:15:00+00:00,7c8c44d3d16e7cd4,8,1,ZIL_USDT_SWAP,18,[18],355,2025-11-14T20:00:00+00:00,0.3676418960094452,0.7651442885398865,0.2454395890235901,0.8662293553352356
0.36423808336257935,368,2025-11-14T23:15:00+00:00,364.5,2025-11-14T22:15:00+00:00,361,2025-11-14T21:30:00+00:00,5,373,2025-11-15T00:30:00+00:00,0.36423808336257935,2025-11-15T00:30:00+00:00,2025-11-15T00:30:00+00:00,3b71dc39a6a66836,8,1,CFX_USDT_SWAP,19,[19],355,2025-11-14T20:00:00+00:00,0.35265377163887024,0.7399062514305115,0.31246471405029297,0.9512916207313538
0.2654877007007599,371,2025-11-15T00:00:00+00:00,369.5,2025-11-14T23:45:00+00:00,368,2025-11-14T23:15:00+00:00,3,374,2025-11-15T00:45:00+00:00,0.2654877007007599,2025-11-15T00:45:00+00:00,2025-11-15T00:45:00+00:00,2f33fcd5f2432bd4,4,1,GLM_USDT_SWAP,12,[12],363,2025-11-14T22:00:00+00:00,0.4187844395637512,0.7598266005516052,0.3562004268169403,0.8771883845329285
0.5015614032745361,372,2025-11-15T00:15:00+00:00,369.5,2025-11-14T23:45:00+00:00,367,2025-11-14T23:00:00+00:00,2,374,2025-11-15T00:45:00+00:00,0.7871951460838318,2025-11-15T00:45:00+00:00,2025-11-15T01:45:00+00:00,986527db658e3ead,6,28,SAHARA_USDT_SWAP,13,"[12, 13, 14, 15, 16, 17, 18, 19]",362,2025-11-14T21:45:00+00:00,0.4014047682285309,0.8083730936050415,0.46499115228652954,0.6014844179153442
0.3968748450279236,373,2025-11-15T00:30:00+00:00,370.0,2025-11-14T23:45:00+00:00,367,2025-11-14T23:00:00+00:00,5,378,2025-11-15T01:45:00+00:00,0.3968748450279236,2025-11-15T01:45:00+00:00,2025-11-15T02:15:00+00:00,2a26ab50f078a541,7,2,TRX_USDT_SWAP,18,[18],361,2025-11-14T21:30:00+00:00,0.3350718319416046,0.7163869738578796,0.46805551648139954,0.5907135009765625
0.2731243073940277,376,2025-11-15T01:15:00+00:00,373.0,2025-11-15T00:30:00+00:00,370,2025-11-14T23:45:00+00:00,5,381,2025-11-15T02:30:00+00:00,0.2731243073940277,2025-11-15T02:30:00+00:00,2025-11-15T03:00:00+00:00,91d85fe05e990128,7,2,ONE_USDT_SWAP,19,[19],363,2025-11-14T22:00:00+00:00,0.38259249925613403,0.7376785278320312,0.28010496497154236,0.6054040193557739
0.27978572249412537,378,2025-11-15T01:45:00+00:00,374.0,2025-11-15T00:45:00+00:00,370,2025-11-14T23:45:00+00:00,3,381,2025-11-15T02:30:00+00:00,0.27978572249412537,2025-11-15T02:30:00+00:00,2025-11-15T03:00:00+00:00,256a1df51ee9e2d2,9,3,SNX_USDT_SWAP,17,"[17, 18, 19]",365,2025-11-14T22:30:00+00:00,0.3427828848361969,0.7761558890342712,0.1784897893667221,0.5782209038734436
0.6631655693054199,379,2025-11-15T02:00:00+00:00,377.5,2025-11-15T01:45:00+00:00,376,2025-11-15T01:15:00+00:00,3,382,2025-11-15T02:45:00+00:00,0.8894333839416504,2025-11-15T02:45:00+00:00,2025-11-15T04:45:00+00:00,434c4c8d8414c19c,4,44,JELLYJELLY_USDT_SWAP,12,"[12, 13, 14, 15, 16, 17, 18, 19]",371,2025-11-15T00:00:00+00:00,0.42969685792922974,0.7494959235191345,0.12496929615736008,0.6676530838012695
0.32293859124183655,377,2025-11-15T01:30:00+00:00,373.5,2025-11-15T00:45:00+00:00,370,2025-11-14T23:45:00+00:00,5,382,2025-11-15T02:45:00+00:00,0.4228571951389313,2025-11-15T02:45:00+00:00,2025-11-15T03:45:00+00:00,887e346390aee349,8,6,ORDI_USDT_SWAP,18,"[18, 19]",365,2025-11-14T22:30:00+00:00,0.31978175044059753,0.7198697924613953,0.13737209141254425,0.585263192653656
0.3619060218334198,376,2025-11-15T01:15:00+00:00,373.0,2025-11-15T00:30:00+00:00,370,2025-11-14T23:45:00+00:00,6,382,2025-11-15T02:45:00+00:00,0.3619060218334198,2025-11-15T02:45:00+00:00,2025-11-15T02:45:00+00:00,aa45c8ab79fec297,7,1,SUSHI_USDT_SWAP,19,[19],364,2025-11-14T22:15:00+00:00,0.3148542046546936,0.673056960105896,0.20451143383979797,0.6413193345069885
0.3061741292476654,380,2025-11-15T02:15:00+00:00,377.0,2025-11-15T01:30:00+00:00,374,2025-11-15T00:45:00+00:00,4,384,2025-11-15T03:15:00+00:00,0.3061741292476654,2025-11-15T03:15:00+00:00,2025-11-15T03:15:00+00:00,2176d33221ff50e4,7,2,AXS_USDT_SWAP,18,"[18, 19]",367,2025-11-14T23:00:00+00:00,0.38631972670555115,0.7725573778152466,0.18709874153137207,0.480547159910202
0.3969337046146393,379,2025-11-15T02:00:00+00:00,376.0,2025-11-15T01:15:00+00:00,373,2025-11-15T00:30:00+00:00,5,384,2025-11-15T03:15:00+00:00,0.3969337046146393,2025-11-15T03:15:00+00:00,2025-11-15T03:30:00+00:00,b07dc4e1dc878010,7,2,KGEN_USDT_SWAP,18,"[18, 19]",367,2025-11-14T23:00:00+00:00,0.33452022075653076,0.7250562310218811,0.19941945374011993,0.5128803253173828
0.43066543340682983,380,2025-11-15T02:15:00+00:00,377.0,2025-11-15T01:30:00+00:00,374,2025-11-15T00:45:00+00:00,4,384,2025-11-15T03:15:00+00:00,0.43066543340682983,2025-11-15T03:15:00+00:00,2025-11-15T03:30:00+00:00,015adf9f9bf3b661,7,4,NMR_USDT_SWAP,18,"[18, 19]",367,2025-11-14T23:00:00+00:00,0.40172281861305237,0.7766528725624084,0.23326562345027924,0.48910030722618103
0.2752950191497803,381,2025-11-15T02:30:00+00:00,378.0,2025-11-15T01:45:00+00:00,375,2025-11-15T01:00:00+00:00,5,386,2025-11-15T03:45:00+00:00,0.2752950191497803,2025-11-15T03:45:00+00:00,2025-11-15T03:45:00+00:00,cf714b19a80d59b5,7,1,AIXBT_USDT_SWAP,19,[19],368,2025-11-14T23:15:00+00:00,0.38844427466392517,0.7334502339363098,0.22314497828483582,0.507707953453064
0.48613524436950684,329,2025-11-15T03:00:00+00:00,326.0,2025-11-15T02:15:00+00:00,323,2025-11-15T01:30:00+00:00,5,334,2025-11-15T04:15:00+00:00,0.48613524436950684,2025-11-15T04:15:00+00:00,2025-11-15T05:00:00+00:00,f04d60df71b61359,7,16,ALLO_USDT_SWAP,19,"[14, 15, 16, 17, 18, 19]",316,2025-11-14T23:45:00+00:00,0.3685629665851593,0.7386937737464905,0.43775811791419983,0.7804691791534424
0.26148882508277893,384,2025-11-15T03:15:00+00:00,381.0,2025-11-15T02:30:00+00:00,378,2025-11-15T01:45:00+00:00,5,389,2025-11-15T04:30:00+00:00,0.3069530129432678,2025-11-15T04:30:00+00:00,2025-11-15T04:45:00+00:00,e8361916e818c157,7,2,SYRUP_USDT_SWAP,18,"[18, 19]",372,2025-11-15T00:15:00+00:00,0.33753201365470886,0.7183725237846375,0.2798066735267639,0.5478652715682983
0.25575897097587585,334,2025-11-15T04:15:00+00:00,332.0,2025-11-15T03:45:00+00:00,330,2025-11-15T03:15:00+00:00,3,337,2025-11-15T05:00:00+00:00,0.597869336605072,2025-11-15T05:00:00+00:00,2025-11-15T05:45:00+00:00,745819be96fc8022,5,10,ALLO_USDT_SWAP,13,"[13, 14, 15, 17, 18, 19]",325,2025-11-15T02:00:00+00:00,0.37976890802383423,0.7778880000114441,0.6190729737281799,0.9220733046531677
0.38210123777389526,388,2025-11-15T04:15:00+00:00,386.5,2025-11-15T03:45:00+00:00,385,2025-11-15T03:30:00+00:00,3,391,2025-11-15T05:00:00+00:00,0.6171075105667114,2025-11-15T05:00:00+00:00,2025-11-15T06:30:00+00:00,3cbf0459369f488f,4,21,KGEN_USDT_SWAP,12,"[12, 13, 14, 15, 16, 17, 19]",380,2025-11-15T02:15:00+00:00,0.42538580298423767,0.7554267048835754,0.38948842883110046,0.5942317843437195
0.2512816786766052,386,2025-11-15T03:45:00+00:00,383.0,2025-11-15T03:00:00+00:00,380,2025-11-15T02:15:00+00:00,6,392,2025-11-15T05:15:00+00:00,0.2512816786766052,2025-11-15T05:15:00+00:00,2025-11-15T05:15:00+00:00,d5d480be3cf5f735,7,2,CC_USDT_SWAP,18,"[18, 19]",375,2025-11-15T01:00:00+00:00,0.2735914885997772,0.6621886491775513,0.38063865900039673,0.8153886795043945
0.3126026690006256,395,2025-11-15T06:00:00+00:00,392.5,2025-11-15T05:15:00+00:00,390,2025-11-15T04:45:00+00:00,2,397,2025-11-15T06:30:00+00:00,0.6794969439506531,2025-11-15T06:30:00+00:00,2025-11-15T08:15:00+00:00,4f515b1ebaba8662,6,35,KGEN_USDT_SWAP,13,"[12, 13, 14, 15, 16, 17, 18, 19]",385,2025-11-15T03:30:00+00:00,0.3946419656276703,0.7900635600090027,0.509309709072113,0.6523236632347107
0.3611011505126953,397,2025-11-15T06:30:00+00:00,394.0,2025-11-15T05:45:00+00:00,391,2025-11-15T05:00:00+00:00,3,400,2025-11-15T07:15:00+00:00,0.8010601997375488,2025-11-15T07:15:00+00:00,2025-11-15T08:30:00+00:00,cb7247aa152a8ea3,7,28,MORPHO_USDT_SWAP,15,"[12, 13, 14, 15, 16, 17, 18, 19]",386,2025-11-15T03:45:00+00:00,0.34214821457862854,0.7964051961898804,0.43305671215057373,0.578349769115448
0.28132742643356323,399,2025-11-15T07:00:00+00:00,397.5,2025-11-15T06:45:00+00:00,396,2025-11-15T06:15:00+00:00,3,402,2025-11-15T07:45:00+00:00,0.5350747108459473,2025-11-15T07:45:00+00:00,2025-11-15T08:45:00+00:00,fc5b94d26768918c,4,9,LINEA_USDT_SWAP,12,"[12, 14, 17, 18, 19]",391,2025-11-15T05:00:00+00:00,0.42864736914634705,0.7473098635673523,0.39997315406799316,0.6016669273376465
0.30084747076034546,397,2025-11-15T06:30:00+00:00,394.0,2025-11-15T05:45:00+00:00,391,2025-11-15T05:00:00+00:00,5,402,2025-11-15T07:45:00+00:00,0.5427395105361938,2025-11-15T07:45:00+00:00,2025-11-15T08:15:00+00:00,a10bd25e1d2deab6,7,8,WLD_USDT_SWAP,18,"[13, 15, 16, 17, 18, 19]",385,2025-11-15T03:30:00+00:00,0.34202831983566284,0.7164356112480164,0.4294716417789459,0.5712769031524658
0.46448734402656555,400,2025-11-15T07:15:00+00:00,397.0,2025-11-15T06:30:00+00:00,394,2025-11-15T05:45:00+00:00,3,403,2025-11-15T08:00:00+00:00,0.8049566149711609,2025-11-15T08:00:00+00:00,2025-11-15T08:45:00+00:00,1f86c2de8526a818,7,36,AIXBT_USDT_SWAP,15,"[12, 13, 14, 15, 16, 17, 18, 19]",389,2025-11-15T04:30:00+00:00,0.3607073426246643,0.8064303398132324,0.3510860502719879,0.5127747058868408
0.3703872859477997,399,2025-11-15T07:00:00+00:00,396.0,2025-11-15T06:15:00+00:00,393,2025-11-15T05:30:00+00:00,4,403,2025-11-15T08:00:00+00:00,0.6315099596977234,2025-11-15T08:00:00+00:00,2025-11-15T08:45:00+00:00,3634aa408082cf59,7,20,GLM_USDT_SWAP,17,"[12, 13, 14, 15, 16, 17, 18, 19]",387,2025-11-15T04:00:00+00:00,0.35372066497802734,0.7694510817527771,0.4887339770793915,0.7084430456161499
0.27658089995384216,400,2025-11-15T07:15:00+00:00,397.0,2025-11-15T06:30:00+00:00,394,2025-11-15T05:45:00+00:00,3,403,2025-11-15T08:00:00+00:00,0.6931862235069275,2025-11-15T08:00:00+00:00,2025-11-15T09:00:00+00:00,9ddcf66c0bd98952,7,19,SAPIEN_USDT_SWAP,15,"[12, 13, 14, 15, 16, 17, 18, 19]",389,2025-11-15T04:30:00+00:00,0.3427136540412903,0.8054080009460449,0.3864622712135315,0.6182207465171814
0.3565855026245117,401,2025-11-15T07:30:00+00:00,399.0,2025-11-15T07:00:00+00:00,397,2025-11-15T06:30:00+00:00,3,404,2025-11-15T08:15:00+00:00,0.7217977643013,2025-11-15T08:15:00+00:00,2025-11-15T10:00:00+00:00,529b79c13e1b0c90,5,38,2Z_USDT_SWAP,13,"[12, 13, 14, 15, 16, 17, 18, 19]",392,2025-11-15T05:15:00+00:00,0.3919996917247772,0.7711018919944763,0.3414080739021301,0.5581725239753723
0.3020881712436676,401,2025-11-15T07:30:00+00:00,398.0,2025-11-15T06:45:00+00:00,395,2025-11-15T06:00:00+00:00,3,404,2025-11-15T08:15:00+00:00,0.6768149733543396,2025-11-15T08:15:00+00:00,2025-11-15T09:15:00+00:00,3f24874ce7b01d76,7,25,CELO_USDT_SWAP,15,"[12, 13, 14, 15, 16, 17, 18, 19]",390,2025-11-15T04:45:00+00:00,0.3426026403903961,0.8005682826042175,0.32110726833343506,0.478858083486557
0.2526010572910309,401,2025-11-15T07:30:00+00:00,398.0,2025-11-15T06:45:00+00:00,395,2025-11-15T06:00:00+00:00,3,404,2025-11-15T08:15:00+00:00,0.536249577999115,2025-11-15T08:15:00+00:00,2025-11-15T10:00:00+00:00,8825ace3f86efbd4,7,18,LINK_USDT_SWAP,15,"[12, 13, 14, 15, 16, 17, 18, 19]",390,2025-11-15T04:45:00+00:00,0.34205862879753113,0.8052812814712524,0.3262558877468109,0.5421614050865173
0.4509411156177521,401,2025-11-15T07:30:00+00:00,399.5,2025-11-15T07:15:00+00:00,398,2025-11-15T06:45:00+00:00,3,404,2025-11-15T08:15:00+00:00,0.7471957802772522,2025-11-15T08:15:00+00:00,2025-11-15T09:45:00+00:00,1e2250c587a8c582,4,42,MMT_USDT_SWAP,12,"[12, 13, 14, 15, 16, 17, 18, 19]",393,2025-11-15T05:30:00+00:00,0.4313693642616272,0.7397447824478149,0.35864371061325073,0.7215437293052673
0.4024350047111511,399,2025-11-15T07:00:00+00:00,396.0,2025-11-15T06:15:00+00:00,393,2025-11-15T05:30:00+00:00,5,404,2025-11-15T08:15:00+00:00,0.7504897117614746,2025-11-15T08:15:00+00:00,2025-11-15T08:30:00+00:00,1d17aa580fd6d3b3,7,15,SNX_USDT_SWAP,19,"[12, 13, 14, 15, 16, 17, 18, 19]",386,2025-11-15T03:45:00+00:00,0.36817100644111633,0.7379336953163147,0.2847200632095337,0.5378445386886597
0.39307260513305664,401,2025-11-15T07:30:00+00:00,399.0,2025-11-15T07:00:00+00:00,397,2025-11-15T06:30:00+00:00,3,404,2025-11-15T08:15:00+00:00,0.6047648787498474,2025-11-15T08:15:00+00:00,2025-11-15T09:00:00+00:00,2c4ad05b3412cae6,5,16,SYRUP_USDT_SWAP,13,"[12, 13, 14, 15, 16, 17, 18, 19]",392,2025-11-15T05:15:00+00:00,0.39060381054878235,0.7843055129051208,0.27057769894599915,0.6257719993591309
0.6408876776695251,401,2025-11-15T07:30:00+00:00,399.5,2025-11-15T07:15:00+00:00,398,2025-11-15T06:45:00+00:00,3,404,2025-11-15T08:15:00+00:00,0.8389513492584229,2025-11-15T08:15:00+00:00,2025-11-15T09:30:00+00:00,ce5bb7137948aecb,4,41,USELESS_USDT_SWAP,12,"[12, 13, 14, 15, 16, 17, 18, 19]",393,2025-11-15T05:30:00+00:00,0.4238203465938568,0.7500441670417786,0.3176547586917877,0.6100813746452332
0.26071733236312866,401,2025-11-15T07:30:00+00:00,399.5,2025-11-15T07:15:00+00:00,398,2025-11-15T06:45:00+00:00,3,404,2025-11-15T08:15:00+00:00,0.5598554015159607,2025-11-15T08:15:00+00:00,2025-11-15T10:00:00+00:00,19f34eaf6ecb11ee,4,20,WLD_USDT_SWAP,12,"[12, 13, 14, 15, 16, 17, 18, 19]",393,2025-11-15T05:30:00+00:00,0.4257073402404785,0.7446905970573425,0.39172592759132385,0.5938414335250854
0.430629163980484,402,2025-11-15T07:45:00+00:00,399.5,2025-11-15T07:15:00+00:00,397,2025-11-15T06:30:00+00:00,3,405,2025-11-15T08:30:00+00:00,0.8103759288787842,2025-11-15T08:30:00+00:00,2025-11-15T09:30:00+00:00,9b6a9369a8a668aa,6,42,ACH_USDT_SWAP,14,"[12, 13, 14, 15, 16, 17, 18, 19]",392,2025-11-15T05:15:00+00:00,0.35319042205810547,0.7857764959335327,0.3305402100086212,0.5044461488723755
0.3292558491230011,400,2025-11-15T07:15:00+00:00,397.0,2025-11-15T06:30:00+00:00,394,2025-11-15T05:45:00+00:00,5,405,2025-11-15T08:30:00+00:00,0.8366486430168152,2025-11-15T08:30:00+00:00,2025-11-15T08:45:00+00:00,8e3b587c8ea8c794,7,12,AEVO_USDT_SWAP,19,"[12, 13, 14, 15, 16, 17, 18, 19]",387,2025-11-15T04:00:00+00:00,0.367413729429245,0.738089382648468,0.27420610189437866,0.48494285345077515
0.3406473398208618,402,2025-11-15T07:45:00+00:00,399.5,2025-11-15T07:15:00+00:00,397,2025-11-15T06:30:00+00:00,3,405,2025-11-15T08:30:00+00:00,0.5244848132133484,2025-11-15T08:30:00+00:00,2025-11-15T09:45:00+00:00,25e3bdfd6ad08f9a,6,15,BRETT_USDT_SWAP,14,"[12, 13, 14, 15, 17, 18, 19]",392,2025-11-15T05:15:00+00:00,0.35852980613708496,0.7869041562080383,0.2424585074186325,0.5741112232208252
0.266064316034317,400,2025-11-15T07:15:00+00:00,397.0,2025-11-15T06:30:00+00:00,394,2025-11-15T05:45:00+00:00,5,405,2025-11-15T08:30:00+00:00,0.6802793741226196,2025-11-15T08:30:00+00:00,2025-11-15T08:45:00+00:00,7f30832f1f0c7abb,7,3,FARTCOIN_USDT_SWAP,19,"[12, 13, 19]",387,2025-11-15T04:00:00+00:00,0.37683579325675964,0.7350642085075378,0.25143906474113464,0.47674360871315
0.5268583297729492,401,2025-11-15T07:30:00+00:00,398.0,2025-11-15T06:45:00+00:00,395,2025-11-15T06:00:00+00:00,4,405,2025-11-15T08:30:00+00:00,0.8640298843383789,2025-11-15T08:30:00+00:00,2025-11-15T09:15:00+00:00,fe05147d8c4e5696,7,30,KGEN_USDT_SWAP,16,"[12, 13, 14, 15, 16, 17, 18, 19]",390,2025-11-15T04:45:00+00:00,0.32007548213005066,0.7447721362113953,0.48671025037765503,0.5885357856750488
0.5171082019805908,401,2025-11-15T07:30:00+00:00,398.0,2025-11-15T06:45:00+00:00,395,2025-11-15T06:00:00+00:00,4,405,2025-11-15T08:30:00+00:00,0.8888429403305054,2025-11-15T08:30:00+00:00,2025-11-15T09:00:00+00:00,dddcdbf93209713b,7,29,MASK_USDT_SWAP,17,"[12, 13, 14, 15, 16, 17, 18, 19]",389,2025-11-15T04:30:00+00:00,0.3593415915966034,0.7651681303977966,0.31290024518966675,0.48184090852737427
0.5184683203697205,400,2025-11-15T07:15:00+00:00,396.5,2025-11-15T06:15:00+00:00,393,2025-11-15T05:30:00+00:00,5,405,2025-11-15T08:30:00+00:00,0.7076444625854492,2025-11-15T08:30:00+00:00,2025-11-15T09:00:00+00:00,781f03f7124f6bd6,8,21,MOODENG_USDT_SWAP,19,"[12, 13, 14, 15, 16, 17, 18, 19]",387,2025-11-15T04:00:00+00:00,0.3629244565963745,0.7381771206855774,0.2682034373283386,0.44844725728034973
0.7184034585952759,402,2025-11-15T07:45:00+00:00,399.5,2025-11-15T07:15:00+00:00,397,2025-11-15T06:30:00+00:00,3,405,2025-11-15T08:30:00+00:00,0.8235693573951721,2025-11-15T08:30:00+00:00,2025-11-15T09:45:00+00:00,b829f152425193bf,6,60,MORPHO_USDT_SWAP,14,"[12, 13, 14, 15, 16, 17, 18, 19]",392,2025-11-15T05:15:00+00:00,0.3499903678894043,0.7879921197891235,0.3870873749256134,0.559573233127594
0.5244787931442261,402,2025-11-15T07:45:00+00:00,400.5,2025-11-15T07:15:00+00:00,399,2025-11-15T07:00:00+00:00,3,405,2025-11-15T08:30:00+00:00,0.9156167507171631,2025-11-15T08:30:00+00:00,2025-11-15T10:00:00+00:00,beb19f4881ecb538,4,58,ONE_USDT_SWAP,12,"[12, 13, 14, 15, 16, 17, 18, 19]",394,2025-11-15T05:45:00+00:00,0.42258912324905396,0.754443883895874,0.3702158033847809,0.5103270411491394
0.2900652289390564,403,2025-11-15T08:00:00+00:00,400.5,2025-11-15T07:15:00+00:00,398,2025-11-15T06:45:00+00:00,2,405,2025-11-15T08:30:00+00:00,0.46522268652915955,2025-11-15T08:30:00+00:00,2025-11-15T09:30:00+00:00,3b6dbb07882ccd60,6,14,TRUST_USDT_SWAP,13,"[13, 14, 15, 17, 18, 19]",393,2025-11-15T05:30:00+00:00,0.3891388773918152,0.796360194683075,0.38222411274909973,0.5778560638427734
0.44087839126586914,403,2025-11-15T08:00:00+00:00,401.5,2025-11-15T07:45:00+00:00,400,2025-11-15T07:15:00+00:00,3,406,2025-11-15T08:45:00+00:00,0.4830096960067749,2025-11-15T08:45:00+00:00,2025-11-15T09:30:00+00:00,53966f8a9d953653,4,6,ADA_USDT_SWAP,12,"[12, 13, 17, 18, 19]",395,2025-11-15T06:00:00+00:00,0.42874136567115784,0.7488346099853516,0.3258306086063385,0.5412238240242004
0.5869343876838684,403,2025-11-15T08:00:00+00:00,401.5,2025-11-15T07:45:00+00:00,400,2025-11-15T07:15:00+00:00,3,406,2025-11-15T08:45:00+00:00,0.8764166831970215,2025-11-15T08:45:00+00:00,2025-11-15T10:15:00+00:00,48f318050b07ff24,4,46,APT_USDT_SWAP,12,"[12, 13, 14, 15, 16, 17, 18, 19]",395,2025-11-15T06:00:00+00:00,0.42225590348243713,0.7521218657493591,0.4098794162273407,0.5982064008712769
0.304355651140213,403,2025-11-15T08:00:00+00:00,401.5,2025-11-15T07:45:00+00:00,400,2025-11-15T07:15:00+00:00,3,406,2025-11-15T08:45:00+00:00,0.409932941198349,2025-11-15T08:45:00+00:00,2025-11-15T09:00:00+00:00,9526bc4ed1de2bb1,4,6,ARKM_USDT_SWAP,12,"[12, 14, 15, 17]",395,2025-11-15T06:00:00+00:00,0.4216160774230957,0.7564314007759094,0.4033059775829315,0.579071044921875
0.7437206506729126,403,2025-11-15T08:00:00+00:00,401.5,2025-11-15T07:45:00+00:00,400,2025-11-15T07:15:00+00:00,3,406,2025-11-15T08:45:00+00:00,0.800803542137146,2025-11-15T08:45:00+00:00,2025-11-15T10:30:00+00:00,c8773a834ca1f176,4,54,BAND_USDT_SWAP,12,"[12, 13, 14, 15, 16, 17, 18, 19]",395,2025-11-15T06:00:00+00:00,0.42258334159851074,0.7538567781448364,0.30902987718582153,0.499720960855484
0.7023468017578125,403,2025-11-15T08:00:00+00:00,401.5,2025-11-15T07:45:00+00:00,400,2025-11-15T07:15:00+00:00,3,406,2025-11-15T08:45:00+00:00,0.8316388726234436,2025-11-15T08:45:00+00:00,2025-11-15T10:15:00+00:00,84c6d77eed5a45a3,4,45,COMP_USDT_SWAP,12,"[12, 13, 14, 15, 16, 17, 18, 19]",395,2025-11-15T06:00:00+00:00,0.4217267632484436,0.7528788447380066,0.3699003756046295,0.5423961281776428
0.4058918058872223,403,2025-11-15T08:00:00+00:00,400.0,2025-11-15T07:15:00+00:00,397,2025-11-15T06:30:00+00:00,3,406,2025-11-15T08:45:00+00:00,0.601096510887146,2025-11-15T08:45:00+00:00,2025-11-15T10:30:00+00:00,4da39794dffbcf37,7,21,CRO_USDT_SWAP,15,"[12, 13, 14, 15, 16, 17, 18, 19]",392,2025-11-15T05:15:00+00:00,0.34521254897117615,0.8046751022338867,0.3583264648914337,0.5154025554656982
0.6389332413673401,403,2025-11-15T08:00:00+00:00,401.5,2025-11-15T07:45:00+00:00,400,2025-11-15T07:15:00+00:00,3,406,2025-11-15T08:45:00+00:00,0.6389332413673401,2025-11-15T08:45:00+00:00,2025-11-15T10:00:00+00:00,7736de55d63836b8,4,11,DOOD_USDT_SWAP,12,"[12, 13, 14, 15, 17, 18, 19]",395,2025-11-15T06:00:00+00:00,0.4266940653324127,0.7501994967460632,0.2862008810043335,0.5453956127166748
0.34478461742401123,401,2025-11-15T07:30:00+00:00,398.0,2025-11-15T06:45:00+00:00,395,2025-11-15T06:00:00+00:00,5,406,2025-11-15T08:45:00+00:00,0.34478461742401123,2025-11-15T08:45:00+00:00,2025-11-15T08:45:00+00:00,19350f197775d2f1,7,2,ETHFI_USDT_SWAP,19,"[18, 19]",388,2025-11-15T04:15:00+00:00,0.36376598477363586,0.739700973033905,0.2695353031158447,0.5578917264938354
0.30814510583877563,402,2025-11-15T07:45:00+00:00,399.0,2025-11-15T07:00:00+00:00,396,2025-11-15T06:15:00+00:00,4,406,2025-11-15T08:45:00+00:00,0.3954508304595947,2025-11-15T08:45:00+00:00,2025-11-15T09:00:00+00:00,c94f5d895e41d0fc,7,4,ETH_USDT_SWAP,18,"[15, 18, 19]",389,2025-11-15T04:30:00+00:00,0.3941513001918793,0.7749878168106079,0.4072608947753906,0.5071918368339539
0.3328276574611664,403,2025-11-15T08:00:00+00:00,401.5,2025-11-15T07:45:00+00:00,400,2025-11-15T07:15:00+00:00,3,406,2025-11-15T08:45:00+00:00,0.6421357989311218,2025-11-15T08:45:00+00:00,2025-11-15T10:00:00+00:00,e2adffeae0df6c41,4,30,GLM_USDT_SWAP,12,"[12, 13, 14, 15, 16, 17, 18, 19]",395,2025-11-15T06:00:00+00:00,0.4345923960208893,0.752068281173706,0.3996039032936096,0.6548163890838623
0.28344443440437317,402,2025-11-15T07:45:00+00:00,399.0,2025-11-15T07:00:00+00:00,396,2025-11-15T06:15:00+00:00,4,406,2025-11-15T08:45:00+00:00,0.30915558338165283,2025-11-15T08:45:00+00:00,2025-11-15T09:15:00+00:00,b27871449662bec4,7,5,GMX_USDT_SWAP,17,"[15, 17, 18, 19]",390,2025-11-15T04:45:00+00:00,0.3583974838256836,0.7691341042518616,0.3206561207771301,0.5154282450675964
0.6658604145050049,403,2025-11-15T08:00:00+00:00,401.5,2025-11-15T07:45:00+00:00,400,2025-11-15T07:15:00+00:00,3,406,2025-11-15T08:45:00+00:00,0.8458747267723083,2025-11-15T08:45:00+00:00,2025-11-15T10:30:00+00:00,6450f4cae5a8c631,4,49,KAITO_USDT_SWAP,12,"[12, 13, 14, 15, 16, 17, 18, 19]",395,2025-11-15T06:00:00+00:00,0.42298293113708496,0.7543696761131287,0.28456756472587585,0.4729609191417694
0.5632923245429993,403,2025-11-15T08:00:00+00:00,400.0,2025-11-15T07:15:00+00:00,397,2025-11-15T06:30:00+00:00,3,406,2025-11-15T08:45:00+00:00,0.6884722709655762,2025-11-15T08:45:00+00:00,2025-11-15T09:30:00+00:00,20ba5b9da382b31f,7,31,KMNO_USDT_SWAP,15,"[12, 13, 14, 15, 16, 17, 18, 19]",392,2025-11-15T05:15:00+00:00,0.34253230690956116,0.8040337562561035,0.2889153063297272,0.526840090751648
0.3317653238773346,403,2025-11-15T08:00:00+00:00,401.5,2025-11-15T07:45:00+00:00,400,2025-11-15T07:15:00+00:00,3,406,2025-11-15T08:45:00+00:00,0.8130049705505371,2025-11-15T08:45:00+00:00,2025-11-15T10:15:00+00:00,92bc16489af6c434,4,31,MAGIC_USDT_SWAP,12,"[12, 13, 14, 15, 17, 18, 19]",395,2025-11-15T06:00:00+00:00,0.4265446662902832,0.7520406246185303,0.2821122705936432,0.5784239768981934
0.4177258312702179,403,2025-11-15T08:00:00+00:00,401.5,2025-11-15T07:45:00+00:00,400,2025-11-15T07:15:00+00:00,3,406,2025-11-15T08:45:00+00:00,0.6158076524734497,2025-11-15T08:45:00+00:00,2025-11-15T10:30:00+00:00,7d899f62a60e90d9,4,23,MANA_USDT_SWAP,12,"[12, 13, 14, 15, 16, 17, 18, 19]",395,2025-11-15T06:00:00+00:00,0.4241600036621094,0.7528156638145447,0.36967816948890686,0.5294011831283569
0.43114185333251953,403,2025-11-15T08:00:00+00:00,401.5,2025-11-15T07:45:00+00:00,400,2025-11-15T07:15:00+00:00,3,406,2025-11-15T08:45:00+00:00,0.5056958794593811,2025-11-15T08:45:00+00:00,2025-11-15T10:15:00+00:00,d1d18fb77de75796,4,8,METIS_USDT_SWAP,12,"[12, 13, 14, 15]",395,2025-11-15T06:00:00+00:00,0.42911386489868164,0.7499287724494934,0.34071797132492065,0.5400257110595703
0.4266311526298523,403,2025-11-15T08:00:00+00:00,401.5,2025-11-15T07:45:00+00:00,400,2025-11-15T07:15:00+00:00,3,406,2025-11-15T08:45:00+00:00,0.7983138561248779,2025-11-15T08:45:00+00:00,2025-11-15T10:30:00+00:00,60790527d42b10cb,4,48,MOVE_USDT_SWAP,12,"[12, 13, 14, 15, 16, 17, 18, 19]",395,2025-11-15T06:00:00+00:00,0.4255440831184387,0.7556130886077881,0.30483996868133545,0.46986162662506104
0.5222066640853882,403,2025-11-15T08:00:00+00:00,401.5,2025-11-15T07:45:00+00:00,400,2025-11-15T07:15:00+00:00,3,406,2025-11-15T08:45:00+00:00,0.5222066640853882,2025-11-15T08:45:00+00:00,2025-11-15T09:15:00+00:00,3b8e0f8a471851ef,4,6,NEIRO_USDT_SWAP,12,"[12, 13, 15, 18]",395,2025-11-15T06:00:00+00:00,0.4279177188873291,0.75222247838974,0.3265559673309326,0.5701805353164673
0.2613936960697174,401,2025-11-15T07:30:00+00:00,398.0,2025-11-15T06:45:00+00:00,395,2025-11-15T06:00:00+00:00,5,406,2025-11-15T08:45:00+00:00,0.2613936960697174,2025-11-15T08:45:00+00:00,2025-11-15T08:45:00+00:00,abfa0bdf058a23d5,7,2,NMR_USDT_SWAP,19,"[18, 19]",388,2025-11-15T04:15:00+00:00,0.36805030703544617,0.7383727431297302,0.3534097373485565,0.576280951499939
0.2740591764450073,403,2025-11-15T08:00:00+00:00,400.0,2025-11-15T07:15:00+00:00,397,2025-11-15T06:30:00+00:00,3,406,2025-11-15T08:45:00+00:00,0.2912178933620453,2025-11-15T08:45:00+00:00,2025-11-15T09:15:00+00:00,7d4f237bdc2e89fc,7,4,ONDO_USDT_SWAP,15,"[15, 18, 19]",392,2025-11-15T05:15:00+00:00,0.34261032938957214,0.803515613079071,0.38865622878074646,0.5773420333862305
0.6092640161514282,403,2025-11-15T08:00:00+00:00,400.0,2025-11-15T07:15:00+00:00,397,2025-11-15T06:30:00+00:00,3,406,2025-11-15T08:45:00+00:00,0.7636135816574097,2025-11-15T08:45:00+00:00,2025-11-15T09:30:00+00:00,6b6457d89dfe559f,7,28,PUMP_USDT_SWAP,15,"[12, 13, 14, 15, 16, 17, 18, 19]",392,2025-11-15T05:15:00+00:00,0.3432583510875702,0.8108837008476257,0.1473194807767868,0.41875433921813965
0.6828794479370117,401,2025-11-15T07:30:00+00:00,397.5,2025-11-15T06:45:00+00:00,394,2025-11-15T05:45:00+00:00,5,406,2025-11-15T08:45:00+00:00,0.6828794479370117,2025-11-15T08:45:00+00:00,2025-11-15T09:00:00+00:00,d576024c6723bbbc,8,15,RSR_USDT_SWAP,19,"[12, 13, 14, 15, 16, 17, 18, 19]",388,2025-11-15T04:15:00+00:00,0.3613027036190033,0.7396239638328552,0.252731591463089,0.47535330057144165
0.6295315027236938,403,2025-11-15T08:00:00+00:00,400.0,2025-11-15T07:15:00+00:00,397,2025-11-15T06:30:00+00:00,3,406,2025-11-15T08:45:00+00:00,0.7040318846702576,2025-11-15T08:45:00+00:00,2025-11-15T09:45:00+00:00,cb6a9bd372f714a5,7,38,SIGN_USDT_SWAP,15,"[12, 13, 14, 15, 16, 17, 18, 19]",392,2025-11-15T05:15:00+00:00,0.3439187705516815,0.804548442363739,0.309947669506073,0.5464967489242554
0.8668375611305237,403,2025-11-15T08:00:00+00:00,401.5,2025-11-15T07:45:00+00:00,400,2025-11-15T07:15:00+00:00,3,406,2025-11-15T08:45:00+00:00,0.8668375611305237,2025-11-15T08:45:00+00:00,2025-11-15T10:30:00+00:00,9d2955e930f775bd,4,67,SNX_USDT_SWAP,12,"[12, 13, 14, 15, 16, 17, 18, 19]",395,2025-11-15T06:00:00+00:00,0.424022912979126,0.7529846429824829,0.34052708745002747,0.5391398668289185
0.5832865834236145,403,2025-11-15T08:00:00+00:00,401.5,2025-11-15T07:45:00+00:00,400,2025-11-15T07:15:00+00:00,3,406,2025-11-15T08:45:00+00:00,0.5882711410522461,2025-11-15T08:45:00+00:00,2025-11-15T10:30:00+00:00,516f9d5c03f1ab01,4,33,STX_USDT_SWAP,12,"[12, 13, 14, 15, 16, 17, 18, 19]",395,2025-11-15T06:00:00+00:00,0.42095500230789185,0.7541790008544922,0.3397711515426636,0.5314518213272095
0.48927807807922363,403,2025-11-15T08:00:00+00:00,400.0,2025-11-15T07:15:00+00:00,397,2025-11-15T06:30:00+00:00,3,406,2025-11-15T08:45:00+00:00,0.48927807807922363,2025-11-15T08:45:00+00:00,2025-11-15T09:30:00+00:00,f58756060280f8e3,7,15,SUI_USDT_SWAP,15,"[12, 13, 14, 15, 16, 17, 18, 19]",392,2025-11-15T05:15:00+00:00,0.34268081188201904,0.8073452115058899,0.29373955726623535,0.539932370185852
0.402490496635437,402,2025-11-15T07:45:00+00:00,399.0,2025-11-15T07:00:00+00:00,396,2025-11-15T06:15:00+00:00,4,406,2025-11-15T08:45:00+00:00,0.8700215816497803,2025-11-15T08:45:00+00:00,2025-11-15T09:15:00+00:00,db86088f14353e37,7,23,S_USDT_SWAP,17,"[12, 13, 14, 15, 16, 17, 18, 19]",390,2025-11-15T04:45:00+00:00,0.3612160384654999,0.7640740275382996,0.26030233502388,0.47588348388671875
0.41684430837631226,403,2025-11-15T08:00:00+00:00,401.5,2025-11-15T07:45:00+00:00,400,2025-11-15T07:15:00+00:00,3,406,2025-11-15T08:45:00+00:00,0.41684430837631226,2025-11-15T08:45:00+00:00,2025-11-15T09:30:00+00:00,e3f41c8de879dc89,4,10,TIA_USDT_SWAP,12,"[12, 13, 14, 15, 17, 18, 19]",395,2025-11-15T06:00:00+00:00,0.427459716796875,0.7513026595115662,0.34656691551208496,0.5801853537559509
0.49585938453674316,403,2025-11-15T08:00:00+00:00,401.5,2025-11-15T07:45:00+00:00,400,2025-11-15T07:15:00+00:00,3,406,2025-11-15T08:45:00+00:00,0.49585938453674316,2025-11-15T08:45:00+00:00,2025-11-15T10:00:00+00:00,a3d047d9820636c4,4,19,W_USDT_SWAP,12,"[12, 13, 14, 15, 17, 18, 19]",395,2025-11-15T06:00:00+00:00,0.4247511029243469,0.745289146900177,0.3313938081264496,0.5407617092132568
0.6515406370162964,403,2025-11-15T08:00:00+00:00,400.0,2025-11-15T07:15:00+00:00,397,2025-11-15T06:30:00+00:00,3,406,2025-11-15T08:45:00+00:00,0.7388050556182861,2025-11-15T08:45:00+00:00,2025-11-15T09:30:00+00:00,dc87614dce1f2ff5,7,39,XLM_USDT_SWAP,15,"[12, 13, 14, 15, 16, 17, 18, 19]",392,2025-11-15T05:15:00+00:00,0.3432762324810028,0.8037222027778625,0.3539818227291107,0.4902399182319641
0.4365670084953308,403,2025-11-15T08:00:00+00:00,400.0,2025-11-15T07:15:00+00:00,397,2025-11-15T06:30:00+00:00,3,406,2025-11-15T08:45:00+00:00,0.636138916015625,2025-11-15T08:45:00+00:00,2025-11-15T10:15:00+00:00,ad7de819c3f4bec0,7,39,XRP_USDT_SWAP,15,"[12, 13, 14, 15, 16, 17, 18, 19]",392,2025-11-15T05:15:00+00:00,0.3426901698112488,0.8044673204421997,0.36727282404899597,0.4889778792858124
0.4463483393192291,403,2025-11-15T08:00:00+00:00,401.5,2025-11-15T07:45:00+00:00,400,2025-11-15T07:15:00+00:00,3,406,2025-11-15T08:45:00+00:00,0.6180586814880371,2025-11-15T08:45:00+00:00,2025-11-15T10:00:00+00:00,f6deeb809cb48f8d,4,9,YGG_USDT_SWAP,12,"[12, 13, 14]",395,2025-11-15T06:00:00+00:00,0.43480873107910156,0.7478153109550476,0.31674274802207947,0.5381065011024475
0.5854420065879822,401,2025-11-15T07:30:00+00:00,398.0,2025-11-15T06:45:00+00:00,395,2025-11-15T06:00:00+00:00,5,406,2025-11-15T08:45:00+00:00,0.7135356664657593,2025-11-15T08:45:00+00:00,2025-11-15T09:00:00+00:00,660fe52c6e1c1e12,7,20,ZRO_USDT_SWAP,19,"[12, 13, 14, 15, 16, 17, 18, 19]",388,2025-11-15T04:15:00+00:00,0.37928125262260437,0.7344412803649902,0.26589837670326233,0.4589415490627289
0.8849913477897644,404,2025-11-15T08:15:00+00:00,402.5,2025-11-15T07:45:00+00:00,401,2025-11-15T07:30:00+00:00,3,407,2025-11-15T09:00:00+00:00,0.9125082492828369,2025-11-15T09:00:00+00:00,2025-11-15T10:30:00+00:00,64fadc8d900d8fe1,4,57,AEVO_USDT_SWAP,12,"[12, 13, 14, 15, 16, 17, 18, 19]",396,2025-11-15T06:15:00+00:00,0.42205482721328735,0.7556250691413879,0.3850373923778534,0.5933834314346313
0.835460901260376,404,2025-11-15T08:15:00+00:00,402.5,2025-11-15T07:45:00+00:00,401,2025-11-15T07:30:00+00:00,3,407,2025-11-15T09:00:00+00:00,0.835460901260376,2025-11-15T09:00:00+00:00,2025-11-15T10:45:00+00:00,41dfe7cccdd12c2a,4,40,AIXBT_USDT_SWAP,12,"[12, 13, 14, 15, 16, 17, 18, 19]",396,2025-11-15T06:15:00+00:00,0.4240194261074066,0.7496102452278137,0.29508036375045776,0.5546351075172424
0.41868773102760315,404,2025-11-15T08:15:00+00:00,402.5,2025-11-15T07:45:00+00:00,401,2025-11-15T07:30:00+00:00,3,407,2025-11-15T09:00:00+00:00,0.7037910223007202,2025-11-15T09:00:00+00:00,2025-11-15T10:45:00+00:00,59ddf710cc12c933,4,32,A_USDT_SWAP,12,"[12, 13, 14, 15, 16, 17, 18, 19]",396,2025-11-15T06:15:00+00:00,0.4279235005378723,0.7478267550468445,0.33800578117370605,0.5179896354675293
0.3597490191459656,404,2025-11-15T08:15:00+00:00,402.5,2025-11-15T07:45:00+00:00,401,2025-11-15T07:30:00+00:00,3,407,2025-11-15T09:00:00+00:00,0.6046590805053711,2025-11-15T09:00:00+00:00,2025-11-15T10:30:00+00:00,6368111864663747,4,14,BONK_USDT_SWAP,12,"[12, 13, 14, 15, 16, 17, 19]",396,2025-11-15T06:15:00+00:00,0.43193694949150085,0.7468114495277405,0.377204567193985,0.6221010684967041
0.49143731594085693,404,2025-11-15T08:15:00+00:00,402.5,2025-11-15T07:45:00+00:00,401,2025-11-15T07:30:00+00:00,3,407,2025-11-15T09:00:00+00:00,0.49143731594085693,2025-11-15T09:00:00+00:00,2025-11-15T09:30:00+00:00,4195cab36a583b21,4,3,CORE_USDT_SWAP,12,"[12, 19]",396,2025-11-15T06:15:00+00:00,0.4233463406562805,0.7490432858467102,0.34587496519088745,0.600084662437439
0.32062214612960815,404,2025-11-15T08:15:00+00:00,402.0,2025-11-15T07:45:00+00:00,400,2025-11-15T07:15:00+00:00,3,407,2025-11-15T09:00:00+00:00,0.36462607979774475,2025-11-15T09:00:00+00:00,2025-11-15T09:45:00+00:00,412cee3d4814e179,5,9,DYDX_USDT_SWAP,13,"[12, 13, 14, 17, 19]",395,2025-11-15T06:00:00+00:00,0.39108970761299133,0.7730203866958618,0.2731776833534241,0.6896399259567261
0.5412383675575256,404,2025-11-15T08:15:00+00:00,402.5,2025-11-15T07:45:00+00:00,401,2025-11-15T07:30:00+00:00,3,407,2025-11-15T09:00:00+00:00,0.8017767071723938,2025-11-15T09:00:00+00:00,2025-11-15T10:30:00+00:00,46a28a09280bd5c1,4,20,ENJ_USDT_SWAP,12,"[12, 13, 14, 15, 16, 19]",396,2025-11-15T06:15:00+00:00,0.4246954023838043,0.751222550868988,0.34689030051231384,0.6001702547073364
0.25149255990982056,404,2025-11-15T08:15:00+00:00,402.5,2025-11-15T07:45:00+00:00,401,2025-11-15T07:30:00+00:00,3,407,2025-11-15T09:00:00+00:00,0.6453725695610046,2025-11-15T09:00:00+00:00,2025-11-15T10:30:00+00:00,f252b5eb2e2a7124,4,10,ENS_USDT_SWAP,12,"[12, 13, 14, 15, 17, 19]",396,2025-11-15T06:15:00+00:00,0.424842894077301,0.7475321888923645,0.3490450382232666,0.5424327254295349
0.4687362611293793,404,2025-11-15T08:15:00+00:00,402.5,2025-11-15T07:45:00+00:00,401,2025-11-15T07:30:00+00:00,3,407,2025-11-15T09:00:00+00:00,0.5480759143829346,2025-11-15T09:00:00+00:00,2025-11-15T10:15:00+00:00,a032a99e8e7f93b4,4,21,FARTCOIN_USDT_SWAP,12,"[12, 13, 14, 15, 16, 17, 18, 19]",396,2025-11-15T06:15:00+00:00,0.4234705865383148,0.7475695610046387,0.2699410617351532,0.6888129115104675
0.2559596002101898,404,2025-11-15T08:15:00+00:00,401.0,2025-11-15T07:30:00+00:00,398,2025-11-15T06:45:00+00:00,3,407,2025-11-15T09:00:00+00:00,0.2559596002101898,2025-11-15T09:00:00+00:00,2025-11-15T09:00:00+00:00,cd4c760aa4abb9b6,7,1,GRT_USDT_SWAP,14,[14],394,2025-11-15T05:45:00+00:00,0.34521228075027466,0.7863571047782898,0.2668567895889282,0.6452499628067017
0.4920017421245575,404,2025-11-15T08:15:00+00:00,402.5,2025-11-15T07:45:00+00:00,401,2025-11-15T07:30:00+00:00,3,407,2025-11-15T09:00:00+00:00,0.4920017421245575,2025-11-15T09:00:00+00:00,2025-11-15T09:45:00+00:00,9ed862d17754c612,4,7,JUP_USDT_SWAP,12,"[12, 13, 14, 17, 19]",396,2025-11-15T06:15:00+00:00,0.4256494641304016,0.7509042620658875,0.34128567576408386,0.6005831956863403
0.3813408613204956,404,2025-11-15T08:15:00+00:00,402.5,2025-11-15T07:45:00+00:00,401,2025-11-15T07:30:00+00:00,3,407,2025-11-15T09:00:00+00:00,0.7423084378242493,2025-11-15T09:00:00+00:00,2025-11-15T10:45:00+00:00,91811b42a92b47c8,4,24,LAYER_USDT_SWAP,12,"[12, 13, 14, 15, 16, 17, 18, 19]",396,2025-11-15T06:15:00+00:00,0.42239266633987427,0.7533990740776062,0.3695266544818878,0.5613310933113098
0.5154552459716797,404,2025-11-15T08:15:00+00:00,402.5,2025-11-15T07:45:00+00:00,401,2025-11-15T07:30:00+00:00,3,407,2025-11-15T09:00:00+00:00,0.7400231957435608,2025-11-15T09:00:00+00:00,2025-11-15T10:15:00+00:00,c2b5456fb2214629,4,31,MOODENG_USDT_SWAP,12,"[12, 13, 14, 15, 16, 17, 18, 19]",396,2025-11-15T06:15:00+00:00,0.4257751405239105,0.751269519329071,0.3147585093975067,0.6222172379493713
0.37421464920043945,404,2025-11-15T08:15:00+00:00,402.5,2025-11-15T07:45:00+00:00,401,2025-11-15T07:30:00+00:00,3,407,2025-11-15T09:00:00+00:00,0.37421464920043945,2025-11-15T09:00:00+00:00,2025-11-15T09:15:00+00:00,536d0b99185c986a,4,3,MUBARAK_USDT_SWAP,12,"[12, 13]",396,2025-11-15T06:15:00+00:00,0.425621896982193,0.7510408163070679,0.35487431287765503,0.5816394686698914
0.2952461838722229,403,2025-11-15T08:00:00+00:00,400.0,2025-11-15T07:15:00+00:00,397,2025-11-15T06:30:00+00:00,4,407,2025-11-15T09:00:00+00:00,0.48110049962997437,2025-11-15T09:00:00+00:00,2025-11-15T10:30:00+00:00,9358a98ee138217f,7,5,SAND_USDT_SWAP,17,"[12, 17, 19]",391,2025-11-15T05:00:00+00:00,0.3612264394760132,0.7622233629226685,0.2934219539165497,0.5565772652626038
0.3629978895187378,404,2025-11-15T08:15:00+00:00,402.5,2025-11-15T07:45:00+00:00,401,2025-11-15T07:30:00+00:00,3,407,2025-11-15T09:00:00+00:00,0.696150004863739,2025-11-15T09:00:00+00:00,2025-11-15T10:30:00+00:00,6eecc467da5bb6b6,4,16,THETA_USDT_SWAP,12,"[12, 13, 14, 15, 16, 17, 18, 19]",396,2025-11-15T06:15:00+00:00,0.42463183403015137,0.7532391548156738,0.3429882526397705,0.6166581511497498
0.5589310526847839,404,2025-11-15T08:15:00+00:00,401.0,2025-11-15T07:30:00+00:00,398,2025-11-15T06:45:00+00:00,3,407,2025-11-15T09:00:00+00:00,0.8224639296531677,2025-11-15T09:00:00+00:00,2025-11-15T10:15:00+00:00,189ac6d2010a62d9,7,46,TRX_USDT_SWAP,15,"[12, 13, 14, 15, 16, 17, 18, 19]",393,2025-11-15T05:30:00+00:00,0.34238916635513306,0.8041491508483887,0.41514351963996887,0.5027562379837036
0.3566838502883911,404,2025-11-15T08:15:00+00:00,402.5,2025-11-15T07:45:00+00:00,401,2025-11-15T07:30:00+00:00,3,407,2025-11-15T09:00:00+00:00,0.3566838502883911,2025-11-15T09:00:00+00:00,2025-11-15T09:00:00+00:00,406f199c147abd9c,4,1,TURBO_USDT_SWAP,12,[12],396,2025-11-15T06:15:00+00:00,0.4260702133178711,0.7516879439353943,0.3291826546192169,0.6528653502464294
0.4463222920894623,403,2025-11-15T08:00:00+00:00,400.0,2025-11-15T07:15:00+00:00,397,2025-11-15T06:30:00+00:00,4,407,2025-11-15T09:00:00+00:00,0.4463222920894623,2025-11-15T09:00:00+00:00,2025-11-15T10:00:00+00:00,bf6bbbbb873b1bf1,7,7,YFI_USDT_SWAP,17,"[15, 16, 17, 18, 19]",391,2025-11-15T05:00:00+00:00,0.36178237199783325,0.7682960629463196,0.38400325179100037,0.500625729560852
0.2995695471763611,404,2025-11-15T08:15:00+00:00,401.0,2025-11-15T07:30:00+00:00,398,2025-11-15T06:45:00+00:00,3,407,2025-11-15T09:00:00+00:00,0.35166290402412415,2025-11-15T09:00:00+00:00,2025-11-15T09:30:00+00:00,049e65859012da95,7,6,ZBT_USDT_SWAP,15,"[15, 17, 18, 19]",393,2025-11-15T05:30:00+00:00,0.3523637354373932,0.8009166717529297,0.25536778569221497,0.6499515771865845
0.490911066532135,405,2025-11-15T08:30:00+00:00,403.5,2025-11-15T08:15:00+00:00,402,2025-11-15T07:45:00+00:00,3,408,2025-11-15T09:15:00+00:00,0.7085608243942261,2025-11-15T09:15:00+00:00,2025-11-15T10:45:00+00:00,6a2dbcf4d87e2fb2,4,26,APE_USDT_SWAP,12,"[12, 13, 14, 15, 16, 17, 18, 19]",397,2025-11-15T06:30:00+00:00,0.41904473304748535,0.7511065602302551,0.44736334681510925,0.6256458163261414
0.3539264500141144,405,2025-11-15T08:30:00+00:00,403.5,2025-11-15T08:15:00+00:00,402,2025-11-15T07:45:00+00:00,3,408,2025-11-15T09:15:00+00:00,0.7332649230957031,2025-11-15T09:15:00+00:00,2025-11-15T11:15:00+00:00,63faf2a6a5a336c5,4,16,CELO_USDT_SWAP,12,"[12, 13, 14, 15, 16, 17, 18, 19]",397,2025-11-15T06:30:00+00:00,0.4241402745246887,0.7505738139152527,0.33114853501319885,0.6767913699150085
0.3048882782459259,405,2025-11-15T08:30:00+00:00,403.5,2025-11-15T08:15:00+00:00,402,2025-11-15T07:45:00+00:00,3,408,2025-11-15T09:15:00+00:00,0.3048882782459259,2025-11-15T09:15:00+00:00,2025-11-15T11:00:00+00:00,afe969cd4fe88de0,4,2,CFX_USDT_SWAP,12,"[12, 16]",397,2025-11-15T06:30:00+00:00,0.420428603887558,0.7516993880271912,0.42023733258247375,0.5946082472801208
0.5895636081695557,405,2025-11-15T08:30:00+00:00,403.5,2025-11-15T08:15:00+00:00,402,2025-11-15T07:45:00+00:00,3,408,2025-11-15T09:15:00+00:00,0.5895636081695557,2025-11-15T09:15:00+00:00,2025-11-15T11:15:00+00:00,ed80cb42069e45c6,4,17,FLOKI_USDT_SWAP,12,"[12, 13, 14, 15, 16, 17, 18, 19]",397,2025-11-15T06:30:00+00:00,0.4208240211009979,0.7507810592651367,0.46481621265411377,0.6747371554374695
0.545945405960083,405,2025-11-15T08:30:00+00:00,403.5,2025-11-15T08:15:00+00:00,402,2025-11-15T07:45:00+00:00,3,408,2025-11-15T09:15:00+00:00,0.6256630420684814,2025-11-15T09:15:00+00:00,2025-11-15T11:15:00+00:00,d1f7ac072122289f,4,35,KGEN_USDT_SWAP,12,"[12, 13, 14, 15, 16, 17, 18, 19]",397,2025-11-15T06:30:00+00:00,0.42817822098731995,0.7456055879592896,0.3785085380077362,0.6233059763908386
0.8906415700912476,405,2025-11-15T08:30:00+00:00,403.5,2025-11-15T08:15:00+00:00,402,2025-11-15T07:45:00+00:00,3,408,2025-11-15T09:15:00+00:00,0.8906415700912476,2025-11-15T09:15:00+00:00,2025-11-15T11:15:00+00:00,61f204ce5c8e144c,4,54,MASK_USDT_SWAP,12,"[12, 13, 14, 15, 16, 17, 18, 19]",397,2025-11-15T06:30:00+00:00,0.42427635192871094,0.7535890340805054,0.40415191650390625,0.6463712453842163
0.45218390226364136,405,2025-11-15T08:30:00+00:00,403.0,2025-11-15T08:00:00+00:00,401,2025-11-15T07:30:00+00:00,3,408,2025-11-15T09:15:00+00:00,0.5854895710945129,2025-11-15T09:15:00+00:00,2025-11-15T11:15:00+00:00,1fabfd6cd9b07009,5,20,RSR_USDT_SWAP,13,"[12, 13, 14, 15, 17, 18, 19]",396,2025-11-15T06:15:00+00:00,0.39170965552330017,0.7720950245857239,0.3327654302120209,0.676090657711029
0.845220685005188,405,2025-11-15T08:30:00+00:00,403.5,2025-11-15T08:15:00+00:00,402,2025-11-15T07:45:00+00:00,3,408,2025-11-15T09:15:00+00:00,0.8700688481330872,2025-11-15T09:15:00+00:00,2025-11-15T10:45:00+00:00,418d6d6a16297ba7,4,43,ZRO_USDT_SWAP,12,"[12, 13, 14, 15, 16, 17, 18, 19]",397,2025-11-15T06:30:00+00:00,0.4247758388519287,0.7538022398948669,0.4101872444152832,0.6505072712898254
0.28298667073249817,406,2025-11-15T08:45:00+00:00,404.5,2025-11-15T08:15:00+00:00,403,2025-11-15T08:00:00+00:00,3,409,2025-11-15T09:30:00+00:00,0.35614386200904846,2025-11-15T09:30:00+00:00,2025-11-15T11:15:00+00:00,108ffa2c7ffb785a,4,4,AXS_USDT_SWAP,12,"[12, 13, 18]",398,2025-11-15T06:45:00+00:00,0.42455601692199707,0.74868243932724,0.3707728683948517,0.8166067600250244
0.4126628041267395,406,2025-11-15T08:45:00+00:00,404.5,2025-11-15T08:15:00+00:00,403,2025-11-15T08:00:00+00:00,3,409,2025-11-15T09:30:00+00:00,0.4811852276325226,2025-11-15T09:30:00+00:00,2025-11-15T09:45:00+00:00,d6c334d4ab31280e,4,2,GIGGLE_USDT_SWAP,12,"[12, 13]",398,2025-11-15T06:45:00+00:00,0.4222016930580139,0.7553002834320068,0.45393696427345276,0.7458600997924805
0.2980400621891022,406,2025-11-15T08:45:00+00:00,404.5,2025-11-15T08:15:00+00:00,403,2025-11-15T08:00:00+00:00,3,409,2025-11-15T09:30:00+00:00,0.5095667839050293,2025-11-15T09:30:00+00:00,2025-11-15T11:15:00+00:00,ee64b63bcf72f168,4,5,SHIB_USDT_SWAP,12,"[12, 18, 19]",398,2025-11-15T06:45:00+00:00,0.42416754364967346,0.7477292418479919,0.4334331452846527,0.6509644985198975
0.8637491464614868,406,2025-11-15T08:45:00+00:00,404.5,2025-11-15T08:15:00+00:00,403,2025-11-15T08:00:00+00:00,3,409,2025-11-15T09:30:00+00:00,0.8637491464614868,2025-11-15T09:30:00+00:00,2025-11-15T11:30:00+00:00,950c14665b2825df,4,48,S_USDT_SWAP,12,"[12, 13, 14, 15, 16, 17, 18, 19]",398,2025-11-15T06:45:00+00:00,0.42833849787712097,0.7504624724388123,0.3974435031414032,0.7106890678405762
0.37230023741722107,406,2025-11-15T08:45:00+00:00,404.5,2025-11-15T08:15:00+00:00,403,2025-11-15T08:00:00+00:00,3,409,2025-11-15T09:30:00+00:00,0.7013893127441406,2025-11-15T09:30:00+00:00,2025-11-15T11:30:00+00:00,64fb1ffcacaccb46,4,18,TRUMP_USDT_SWAP,12,"[12, 15, 16, 17, 18, 19]",398,2025-11-15T06:45:00+00:00,0.4278700053691864,0.7506381273269653,0.4064497947692871,0.6248142719268799
0.7477708458900452,407,2025-11-15T09:00:00+00:00,405.0,2025-11-15T08:30:00+00:00,403,2025-11-15T08:00:00+00:00,3,410,2025-11-15T09:45:00+00:00,0.8135958909988403,2025-11-15T09:45:00+00:00,2025-11-15T11:30:00+00:00,737bc2dc14705e81,5,43,ACH_USDT_SWAP,13,"[12, 13, 14, 15, 16, 17, 18, 19]",398,2025-11-15T06:45:00+00:00,0.39111921191215515,0.7723600268363953,0.3979834318161011,0.7174211740493774
0.40169069170951843,407,2025-11-15T09:00:00+00:00,405.5,2025-11-15T08:45:00+00:00,404,2025-11-15T08:15:00+00:00,3,410,2025-11-15T09:45:00+00:00,0.518307626247406,2025-11-15T09:45:00+00:00,2025-11-15T10:30:00+00:00,d0a2baed2af25f31,4,12,KMNO_USDT_SWAP,12,"[12, 13, 14, 15, 17, 18, 19]",399,2025-11-15T07:00:00+00:00,0.42696449160575867,0.7499117851257324,0.41870635747909546,0.6912978291511536
0.28096234798431396,407,2025-11-15T09:00:00+00:00,405.0,2025-11-15T08:30:00+00:00,403,2025-11-15T08:00:00+00:00,3,410,2025-11-15T09:45:00+00:00,0.5757951140403748,2025-11-15T09:45:00+00:00,2025-11-15T10:15:00+00:00,1c1df57741da577c,5,4,MMT_USDT_SWAP,13,"[13, 17, 19]",398,2025-11-15T06:45:00+00:00,0.3889380991458893,0.7839862704277039,0.46291497349739075,0.9322091937065125
0.34938085079193115,407,2025-11-15T09:00:00+00:00,405.0,2025-11-15T08:30:00+00:00,403,2025-11-15T08:00:00+00:00,3,410,2025-11-15T09:45:00+00:00,0.6316666603088379,2025-11-15T09:45:00+00:00,2025-11-15T11:00:00+00:00,9eb93012b175b826,5,28,MORPHO_USDT_SWAP,13,"[12, 13, 14, 15, 16, 17, 18, 19]",398,2025-11-15T06:45:00+00:00,0.39985227584838867,0.7742080688476562,0.4840475916862488,0.5950911045074463
0.8950825333595276,407,2025-11-15T09:00:00+00:00,405.5,2025-11-15T08:45:00+00:00,404,2025-11-15T08:15:00+00:00,3,410,2025-11-15T09:45:00+00:00,0.8950825333595276,2025-11-15T09:45:00+00:00,2025-11-15T11:15:00+00:00,38ba7235adc943c9,4,43,PUMP_USDT_SWAP,12,"[12, 13, 14, 15, 16, 17, 18, 19]",399,2025-11-15T07:00:00+00:00,0.4265042245388031,0.7502990961074829,0.3068222403526306,0.8377977609634399
0.4820496737957001,407,2025-11-15T09:00:00+00:00,405.5,2025-11-15T08:45:00+00:00,404,2025-11-15T08:15:00+00:00,3,410,2025-11-15T09:45:00+00:00,0.8027402758598328,2025-11-15T09:45:00+00:00,2025-11-15T11:30:00+00:00,9d086c1912285b45,4,66,SIGN_USDT_SWAP,12,"[12, 13, 14, 15, 16, 17, 18, 19]",399,2025-11-15T07:00:00+00:00,0.43190985918045044,0.7485725283622742,0.4855199456214905,0.6546788811683655
0.767751157283783,407,2025-11-15T09:00:00+00:00,405.5,2025-11-15T08:45:00+00:00,404,2025-11-15T08:15:00+00:00,3,410,2025-11-15T09:45:00+00:00,0.767751157283783,2025-11-15T09:45:00+00:00,2025-11-15T11:45:00+00:00,6a9425ae9bbaa905,4,38,USELESS_USDT_SWAP,12,"[12, 13, 14, 15, 16, 17, 18, 19]",399,2025-11-15T07:00:00+00:00,0.42650309205055237,0.7484368681907654,0.3596104085445404,0.892033040523529
0.6385443210601807,407,2025-11-15T09:00:00+00:00,405.5,2025-11-15T08:45:00+00:00,404,2025-11-15T08:15:00+00:00,3,410,2025-11-15T09:45:00+00:00,0.6673191785812378,2025-11-15T09:45:00+00:00,2025-11-15T11:45:00+00:00,4ade7ce0c7e8cc16,4,44,XLM_USDT_SWAP,12,"[12, 13, 14, 15, 16, 17, 18, 19]",399,2025-11-15T07:00:00+00:00,0.42770203948020935,0.7479223012924194,0.4548660218715668,0.6731001138687134
0.3809450566768646,408,2025-11-15T09:15:00+00:00,406.0,2025-11-15T08:45:00+00:00,404,2025-11-15T08:15:00+00:00,3,411,2025-11-15T10:00:00+00:00,0.8200492262840271,2025-11-15T10:00:00+00:00,2025-11-15T11:45:00+00:00,4d511567ff6db156,5,50,ONE_USDT_SWAP,13,"[12, 13, 14, 15, 16, 17, 18, 19]",399,2025-11-15T07:00:00+00:00,0.390128493309021,0.7704486846923828,0.4337039589881897,0.704959511756897
0.2602563202381134,408,2025-11-15T09:15:00+00:00,405.5,2025-11-15T08:45:00+00:00,403,2025-11-15T08:00:00+00:00,3,411,2025-11-15T10:00:00+00:00,0.5716904997825623,2025-11-15T10:00:00+00:00,2025-11-15T11:45:00+00:00,e651464b04acc7d4,6,38,YFI_USDT_SWAP,14,"[12, 13, 14, 15, 16, 17, 18, 19]",398,2025-11-15T06:45:00+00:00,0.3554622530937195,0.7877699732780457,0.41665369272232056,0.583942711353302
0.5279228687286377,410,2025-11-15T09:45:00+00:00,407.5,2025-11-15T09:15:00+00:00,405,2025-11-15T08:30:00+00:00,2,412,2025-11-15T10:15:00+00:00,0.8523390889167786,2025-11-15T10:15:00+00:00,2025-11-15T12:00:00+00:00,19b7859b5b09f81f,6,45,APT_USDT_SWAP,13,"[12, 13, 14, 15, 16, 17, 18, 19]",400,2025-11-15T07:15:00+00:00,0.3893260657787323,0.7922065258026123,0.4936327636241913,0.6607694029808044
0.38686853647232056,410,2025-11-15T09:45:00+00:00,407.5,2025-11-15T09:15:00+00:00,405,2025-11-15T08:30:00+00:00,2,412,2025-11-15T10:15:00+00:00,0.7792289853096008,2025-11-15T10:15:00+00:00,2025-11-15T12:00:00+00:00,8c171cf83ca344b7,6,52,COMP_USDT_SWAP,13,"[12, 13, 14, 15, 16, 17, 18, 19]",400,2025-11-15T07:15:00+00:00,0.39186426997184753,0.8158439993858337,0.494796484708786,0.6882231831550598
0.2608852982521057,408,2025-11-15T09:15:00+00:00,405.0,2025-11-15T08:30:00+00:00,402,2025-11-15T07:45:00+00:00,4,412,2025-11-15T10:15:00+00:00,0.2608852982521057,2025-11-15T10:15:00+00:00,2025-11-15T10:15:00+00:00,d35f9a4816ca5253,7,1,LINK_USDT_SWAP,17,[17],396,2025-11-15T06:15:00+00:00,0.36236903071403503,0.7652704119682312,0.4621606171131134,0.7332950830459595
0.3700774312019348,410,2025-11-15T09:45:00+00:00,407.5,2025-11-15T09:15:00+00:00,405,2025-11-15T08:30:00+00:00,2,412,2025-11-15T10:15:00+00:00,0.8810290694236755,2025-11-15T10:15:00+00:00,2025-11-15T12:00:00+00:00,3d98123f85a19c8d,6,51,MAGIC_USDT_SWAP,13,"[12, 13, 14, 15, 16, 17, 18, 19]",400,2025-11-15T07:15:00+00:00,0.3876187205314636,0.834729790687561,0.4882740080356598,0.730753481388092
0.5708545446395874,409,2025-11-15T09:30:00+00:00,406.5,2025-11-15T08:45:00+00:00,404,2025-11-15T08:15:00+00:00,3,412,2025-11-15T10:15:00+00:00,0.798212468624115,2025-11-15T10:15:00+00:00,2025-11-15T11:30:00+00:00,36840b7ebe89d0a5,6,49,TRX_USDT_SWAP,14,"[12, 13, 14, 15, 16, 17, 18, 19]",399,2025-11-15T07:00:00+00:00,0.3536430299282074,0.7901380062103271,0.4397951364517212,0.5634844303131104
0.30661725997924805,408,2025-11-15T09:15:00+00:00,405.0,2025-11-15T08:30:00+00:00,402,2025-11-15T07:45:00+00:00,4,412,2025-11-15T10:15:00+00:00,0.30661725997924805,2025-11-15T10:15:00+00:00,2025-11-15T11:15:00+00:00,c3679671ed3a52bc,7,2,WLD_USDT_SWAP,17,"[17, 19]",396,2025-11-15T06:15:00+00:00,0.36175355315208435,0.7656955122947693,0.4578220546245575,0.7767667770385742
0.28594252467155457,409,2025-11-15T09:30:00+00:00,406.0,2025-11-15T08:45:00+00:00,403,2025-11-15T08:00:00+00:00,3,412,2025-11-15T10:15:00+00:00,0.6019402742385864,2025-11-15T10:15:00+00:00,2025-11-15T11:15:00+00:00,075b7cebbe87d093,7,11,XRP_USDT_SWAP,15,"[15, 16, 17, 18, 19]",398,2025-11-15T06:45:00+00:00,0.342218279838562,0.8040310144424438,0.3863163888454437,0.6859058141708374
0.30887314677238464,410,2025-11-15T09:45:00+00:00,408.0,2025-11-15T09:15:00+00:00,406,2025-11-15T08:45:00+00:00,3,413,2025-11-15T10:30:00+00:00,0.8305379152297974,2025-11-15T10:30:00+00:00,2025-11-15T12:00:00+00:00,712304e7c6a9d754,5,42,AEVO_USDT_SWAP,13,"[12, 13, 14, 15, 16, 17, 18, 19]",401,2025-11-15T07:30:00+00:00,0.3972276747226715,0.7784848213195801,0.44938457012176514,0.6655539274215698
0.5505646467208862,410,2025-11-15T09:45:00+00:00,407.0,2025-11-15T09:00:00+00:00,404,2025-11-15T08:15:00+00:00,3,413,2025-11-15T10:30:00+00:00,0.7244461178779602,2025-11-15T10:30:00+00:00,2025-11-15T12:00:00+00:00,3b31c481786c3dc5,7,32,BAND_USDT_SWAP,15,"[12, 13, 14, 15, 16, 17, 18, 19]",399,2025-11-15T07:00:00+00:00,0.3448956310749054,0.8035051226615906,0.3935665786266327,0.7545991539955139
0.29607751965522766,410,2025-11-15T09:45:00+00:00,408.0,2025-11-15T09:15:00+00:00,406,2025-11-15T08:45:00+00:00,3,413,2025-11-15T10:30:00+00:00,0.3819187581539154,2025-11-15T10:30:00+00:00,2025-11-15T11:15:00+00:00,1f73ab5f2f2fdace,5,11,DOOD_USDT_SWAP,13,"[12, 13, 14, 16, 17, 18, 19]",401,2025-11-15T07:30:00+00:00,0.38419395685195923,0.776236355304718,0.5524215698242188,0.9134296774864197
0.4178968071937561,410,2025-11-15T09:45:00+00:00,408.0,2025-11-15T09:15:00+00:00,406,2025-11-15T08:45:00+00:00,3,413,2025-11-15T10:30:00+00:00,0.727629542350769,2025-11-15T10:30:00+00:00,2025-11-15T11:45:00+00:00,01e578985ba5d46f,5,26,ENJ_USDT_SWAP,13,"[12, 13, 14, 15, 16, 17, 18, 19]",401,2025-11-15T07:30:00+00:00,0.40271613001823425,0.7688660025596619,0.5125903487205505,0.7239222526550293
0.32107797265052795,410,2025-11-15T09:45:00+00:00,408.0,2025-11-15T09:15:00+00:00,406,2025-11-15T08:45:00+00:00,3,413,2025-11-15T10:30:00+00:00,0.7964258193969727,2025-11-15T10:30:00+00:00,2025-11-15T12:00:00+00:00,0ced713c632ef7ab,5,53,ENS_USDT_SWAP,13,"[12, 13, 14, 15, 16, 17, 18, 19]",401,2025-11-15T07:30:00+00:00,0.4000875651836395,0.7785035371780396,0.46732282638549805,0.673081636428833
0.3554602265357971,410,2025-11-15T09:45:00+00:00,407.0,2025-11-15T09:00:00+00:00,404,2025-11-15T08:15:00+00:00,3,413,2025-11-15T10:30:00+00:00,0.39235976338386536,2025-11-15T10:30:00+00:00,2025-11-15T11:15:00+00:00,12d4967559e6a202,7,11,IOTA_USDT_SWAP,15,"[14, 15, 16, 17, 18, 19]",399,2025-11-15T07:00:00+00:00,0.34319278597831726,0.8050621151924133,0.4811262786388397,0.7011339664459229
0.2640533745288849,410,2025-11-15T09:45:00+00:00,408.0,2025-11-15T09:15:00+00:00,406,2025-11-15T08:45:00+00:00,3,413,2025-11-15T10:30:00+00:00,0.4353038966655731,2025-11-15T10:30:00+00:00,2025-11-15T12:00:00+00:00,ad668e52d935274f,5,14,KAITO_USDT_SWAP,12,"[12, 13, 14, 15, 16, 17, 18, 19]",402,2025-11-15T07:45:00+00:00,0.3569801449775696,0.7457653284072876,0.518661618232727,0.7084466218948364
0.3531440496444702,410,2025-11-15T09:45:00+00:00,407.0,2025-11-15T09:00:00+00:00,404,2025-11-15T08:15:00+00:00,3,413,2025-11-15T10:30:00+00:00,0.7635787129402161,2025-11-15T10:30:00+00:00,2025-11-15T11:45:00+00:00,a1b31d58823526f2,7,35,MANA_USDT_SWAP,15,"[12, 13, 14, 15, 16, 17, 18, 19]",399,2025-11-15T07:00:00+00:00,0.34363728761672974,0.809319794178009,0.4396812617778778,0.7007492780685425
0.4500530958175659,410,2025-11-15T09:45:00+00:00,407.0,2025-11-15T09:00:00+00:00,404,2025-11-15T08:15:00+00:00,3,413,2025-11-15T10:30:00+00:00,0.5528430342674255,2025-11-15T10:30:00+00:00,2025-11-15T12:00:00+00:00,6277f95d6b95fc9e,7,17,METIS_USDT_SWAP,15,"[12, 14, 15, 16, 17, 18, 19]",399,2025-11-15T07:00:00+00:00,0.35085752606391907,0.8088188171386719,0.41790786385536194,0.716724157333374
0.5317068696022034,410,2025-11-15T09:45:00+00:00,407.0,2025-11-15T09:00:00+00:00,404,2025-11-15T08:15:00+00:00,3,413,2025-11-15T10:30:00+00:00,0.8262104988098145,2025-11-15T10:30:00+00:00,2025-11-15T12:00:00+00:00,dba763ab04254cdf,7,45,MOVE_USDT_SWAP,15,"[12, 13, 14, 15, 16, 17, 18, 19]",399,2025-11-15T07:00:00+00:00,0.34311580657958984,0.8034310340881348,0.39034971594810486,0.7245203852653503
0.3991241455078125,410,2025-11-15T09:45:00+00:00,407.0,2025-11-15T09:00:00+00:00,404,2025-11-15T08:15:00+00:00,3,413,2025-11-15T10:30:00+00:00,0.5209134817123413,2025-11-15T10:30:00+00:00,2025-11-15T11:15:00+00:00,1cedbd783eeae41b,7,13,SNX_USDT_SWAP,15,"[14, 15, 16, 17, 18, 19]",399,2025-11-15T07:00:00+00:00,0.3447740375995636,0.80267733335495,0.46932604908943176,0.744572103023529
0.40651682019233704,410,2025-11-15T09:45:00+00:00,408.5,2025-11-15T09:15:00+00:00,407,2025-11-15T09:00:00+00:00,3,413,2025-11-15T10:30:00+00:00,0.6133149862289429,2025-11-15T10:30:00+00:00,2025-11-15T12:00:00+00:00,f3b9fa7bba0a8918,4,23,SUSHI_USDT_SWAP,12,"[12, 13, 14, 15, 16, 17, 18, 19]",402,2025-11-15T07:45:00+00:00,0.42581605911254883,0.7517135143280029,0.40088021755218506,0.650846004486084
0.3240101933479309,411,2025-11-15T10:00:00+00:00,408.0,2025-11-15T09:15:00+00:00,405,2025-11-15T08:30:00+00:00,3,414,2025-11-15T10:45:00+00:00,0.642189621925354,2025-11-15T10:45:00+00:00,2025-11-15T11:45:00+00:00,36ea94a311a542bb,7,13,AIXBT_USDT_SWAP,15,"[15, 16, 17, 18, 19]",400,2025-11-15T07:15:00+00:00,0.3433581292629242,0.801692008972168,0.49136877059936523,0.7887333035469055
0.6654869914054871,411,2025-11-15T10:00:00+00:00,409.5,2025-11-15T09:45:00+00:00,408,2025-11-15T09:15:00+00:00,3,414,2025-11-15T10:45:00+00:00,0.8096200227737427,2025-11-15T10:45:00+00:00,2025-11-15T12:00:00+00:00,a4bc4d991a622cc5,4,51,APE_USDT_SWAP,12,"[12, 13, 14, 15, 16, 17, 18, 19]",403,2025-11-15T08:00:00+00:00,0.42496928572654724,0.7501859068870544,0.46196991205215454,0.6514135599136353
0.29463329911231995,411,2025-11-15T10:00:00+00:00,409.0,2025-11-15T09:30:00+00:00,407,2025-11-15T09:00:00+00:00,3,414,2025-11-15T10:45:00+00:00,0.4146428108215332,2025-11-15T10:45:00+00:00,2025-11-15T11:45:00+00:00,63ab3e7650e33d61,5,5,AVNT_USDT_SWAP,13,"[13, 14, 15]",402,2025-11-15T07:45:00+00:00,0.386627197265625,0.7755868434906006,0.46033915877342224,0.8574440479278564
0.6224557161331177,411,2025-11-15T10:00:00+00:00,408.0,2025-11-15T09:15:00+00:00,405,2025-11-15T08:30:00+00:00,3,414,2025-11-15T10:45:00+00:00,0.694105863571167,2025-11-15T10:45:00+00:00,2025-11-15T12:00:00+00:00,d1b5ae59d1e0a812,7,22,A_USDT_SWAP,15,"[12, 14, 15, 16, 17, 18, 19]",400,2025-11-15T07:15:00+00:00,0.3423987925052643,0.8043908476829529,0.4684765636920929,0.709263026714325
0.32917287945747375,411,2025-11-15T10:00:00+00:00,408.0,2025-11-15T09:15:00+00:00,405,2025-11-15T08:30:00+00:00,3,414,2025-11-15T10:45:00+00:00,0.424323707818985,2025-11-15T10:45:00+00:00,2025-11-15T12:00:00+00:00,e887ae55609543d1,7,11,BONK_USDT_SWAP,15,"[15, 16, 17, 18, 19]",400,2025-11-15T07:15:00+00:00,0.3444444239139557,0.8071261644363403,0.48891735076904297,0.7186349630355835
0.40813979506492615,411,2025-11-15T10:00:00+00:00,408.0,2025-11-15T09:15:00+00:00,405,2025-11-15T08:30:00+00:00,3,414,2025-11-15T10:45:00+00:00,0.5324849486351013,2025-11-15T10:45:00+00:00,2025-11-15T12:00:00+00:00,41b93620bfe85f6f,7,11,CORE_USDT_SWAP,15,"[15, 16, 17, 18, 19]",400,2025-11-15T07:15:00+00:00,0.3426528871059418,0.8034157156944275,0.46876972913742065,0.7320928573608398
0.41430845856666565,411,2025-11-15T10:00:00+00:00,408.0,2025-11-15T09:15:00+00:00,405,2025-11-15T08:30:00+00:00,3,414,2025-11-15T10:45:00+00:00,0.706608772277832,2025-11-15T10:45:00+00:00,2025-11-15T11:45:00+00:00,35dfce58f5a6cae3,7,17,HMSTR_USDT_SWAP,16,"[13, 15, 16, 17, 18, 19]",399,2025-11-15T07:00:00+00:00,0.3773948848247528,0.8103434443473816,0.4587257504463196,0.7181645631790161
0.5351879596710205,411,2025-11-15T10:00:00+00:00,408.0,2025-11-15T09:15:00+00:00,405,2025-11-15T08:30:00+00:00,3,414,2025-11-15T10:45:00+00:00,0.7144678831100464,2025-11-15T10:45:00+00:00,2025-11-15T12:00:00+00:00,d3a377f244ee3a55,7,24,LAYER_USDT_SWAP,15,"[13, 14, 15, 16, 17, 18, 19]",400,2025-11-15T07:15:00+00:00,0.3424617648124695,0.8071364760398865,0.4870356023311615,0.6872780323028564
0.31715646386146545,411,2025-11-15T10:00:00+00:00,408.0,2025-11-15T09:15:00+00:00,405,2025-11-15T08:30:00+00:00,3,414,2025-11-15T10:45:00+00:00,0.5308220386505127,2025-11-15T10:45:00+00:00,2025-11-15T12:00:00+00:00,6de0801f3cf29a47,7,19,LINEA_USDT_SWAP,15,"[15, 16, 17, 18, 19]",400,2025-11-15T07:15:00+00:00,0.34213101863861084,0.8062101602554321,0.6592912077903748,0.8927521705627441
0.2629200220108032,411,2025-11-15T10:00:00+00:00,408.0,2025-11-15T09:15:00+00:00,405,2025-11-15T08:30:00+00:00,3,414,2025-11-15T10:45:00+00:00,0.2629200220108032,2025-11-15T10:45:00+00:00,2025-11-15T10:45:00+00:00,3d2c0d1108098a2d,7,1,MEW_USDT_SWAP,15,[15],400,2025-11-15T07:15:00+00:00,0.34303978085517883,0.8032731413841248,0.519260048866272,0.7401829361915588
0.39065179228782654,411,2025-11-15T10:00:00+00:00,408.0,2025-11-15T09:15:00+00:00,405,2025-11-15T08:30:00+00:00,3,414,2025-11-15T10:45:00+00:00,0.8072057962417603,2025-11-15T10:45:00+00:00,2025-11-15T12:00:00+00:00,40c5aef947f5ea74,7,17,MOODENG_USDT_SWAP,15,"[15, 16, 17, 18, 19]",400,2025-11-15T07:15:00+00:00,0.34237584471702576,0.8078985214233398,0.5274674296379089,0.7694040536880493
0.3405541479587555,410,2025-11-15T09:45:00+00:00,407.0,2025-11-15T09:00:00+00:00,404,2025-11-15T08:15:00+00:00,4,414,2025-11-15T10:45:00+00:00,0.5416340231895447,2025-11-15T10:45:00+00:00,2025-11-15T11:45:00+00:00,a075fcbea0baf2a2,7,13,SPK_USDT_SWAP,17,"[12, 15, 16, 17, 18, 19]",398,2025-11-15T06:45:00+00:00,0.35439440608024597,0.764423668384552,0.4944188892841339,0.6987218260765076
0.3311549127101898,411,2025-11-15T10:00:00+00:00,408.0,2025-11-15T09:15:00+00:00,405,2025-11-15T08:30:00+00:00,3,414,2025-11-15T10:45:00+00:00,0.7027029991149902,2025-11-15T10:45:00+00:00,2025-11-15T11:15:00+00:00,88845f4d5b6db05a,7,7,STX_USDT_SWAP,16,"[16, 17, 18, 19]",399,2025-11-15T07:00:00+00:00,0.37719789147377014,0.8167387843132019,0.5280110239982605,0.7724177241325378
0.7520662546157837,411,2025-11-15T10:00:00+00:00,409.5,2025-11-15T09:45:00+00:00,408,2025-11-15T09:15:00+00:00,3,414,2025-11-15T10:45:00+00:00,0.806890070438385,2025-11-15T10:45:00+00:00,2025-11-15T12:00:00+00:00,3ecf3460ed796f4e,4,48,THETA_USDT_SWAP,12,"[12, 13, 14, 15, 16, 17, 18, 19]",403,2025-11-15T08:00:00+00:00,0.4246020019054413,0.7527181506156921,0.4361313581466675,0.6386777758598328
0.3472026586532593,411,2025-11-15T10:00:00+00:00,408.0,2025-11-15T09:15:00+00:00,405,2025-11-15T08:30:00+00:00,3,414,2025-11-15T10:45:00+00:00,0.5141089558601379,2025-11-15T10:45:00+00:00,2025-11-15T12:00:00+00:00,b10a7edc03f656b1,7,25,TURBO_USDT_SWAP,15,"[12, 14, 15, 16, 17, 18, 19]",400,2025-11-15T07:15:00+00:00,0.3438940644264221,0.8080875277519226,0.5131788849830627,0.7556581497192383
0.2725052535533905,410,2025-11-15T09:45:00+00:00,407.0,2025-11-15T09:00:00+00:00,404,2025-11-15T08:15:00+00:00,4,414,2025-11-15T10:45:00+00:00,0.5360669493675232,2025-11-15T10:45:00+00:00,2025-11-15T11:30:00+00:00,1ca02287c3384b77,7,9,W_USDT_SWAP,17,"[16, 17, 18, 19]",398,2025-11-15T06:45:00+00:00,0.35566407442092896,0.7680028676986694,0.5128951668739319,0.7682345509529114
0.2824816107749939,410,2025-11-15T09:45:00+00:00,407.0,2025-11-15T09:00:00+00:00,404,2025-11-15T08:15:00+00:00,4,414,2025-11-15T10:45:00+00:00,0.37058088183403015,2025-11-15T10:45:00+00:00,2025-11-15T11:15:00+00:00,3d1188b719d7c7fc,7,7,YGG_USDT_SWAP,17,"[12, 13, 14, 17, 18]",398,2025-11-15T06:45:00+00:00,0.35413095355033875,0.7736913561820984,0.45235946774482727,0.7689343094825745
0.40295377373695374,411,2025-11-15T10:00:00+00:00,408.0,2025-11-15T09:15:00+00:00,405,2025-11-15T08:30:00+00:00,3,414,2025-11-15T10:45:00+00:00,0.48390012979507446,2025-11-15T10:45:00+00:00,2025-11-15T12:00:00+00:00,05b5ac13a2ad0ec8,7,14,ZIL_USDT_SWAP,15,"[14, 15, 17, 18, 19]",400,2025-11-15T07:15:00+00:00,0.3434172570705414,0.8033587336540222,0.5092486143112183,0.7247011661529541
0.4654093086719513,411,2025-11-15T10:00:00+00:00,409.5,2025-11-15T09:45:00+00:00,408,2025-11-15T09:15:00+00:00,3,414,2025-11-15T10:45:00+00:00,0.8561955690383911,2025-11-15T10:45:00+00:00,2025-11-15T12:00:00+00:00,00307d7b63ae5493,4,34,ZRO_USDT_SWAP,12,"[12, 13, 14, 15, 16, 17, 18, 19]",403,2025-11-15T08:00:00+00:00,0.42600613832473755,0.7516059279441833,0.4865367114543915,0.670352041721344
0.32384446263313293,410,2025-11-15T09:45:00+00:00,407.0,2025-11-15T09:00:00+00:00,404,2025-11-15T08:15:00+00:00,5,415,2025-11-15T11:00:00+00:00,0.32384446263313293,2025-11-15T11:00:00+00:00,2025-11-15T11:00:00+00:00,7f1ca26d79831f1c,7,2,CRO_USDT_SWAP,19,"[18, 19]",397,2025-11-15T06:30:00+00:00,0.367338627576828,0.7388463020324707,0.47452300786972046,0.713057279586792
0.3352756202220917,411,2025-11-15T10:00:00+00:00,408.0,2025-11-15T09:15:00+00:00,405,2025-11-15T08:30:00+00:00,4,415,2025-11-15T11:00:00+00:00,0.5118170380592346,2025-11-15T11:00:00+00:00,2025-11-15T12:00:00+00:00,2f4099489b78617d,7,8,EGLD_USDT_SWAP,17,"[14, 15, 16, 17, 18]",399,2025-11-15T07:00:00+00:00,0.3540166914463043,0.7714319229125977,0.4731484353542328,0.7357434034347534
0.3591270446777344,410,2025-11-15T09:45:00+00:00,407.0,2025-11-15T09:00:00+00:00,404,2025-11-15T08:15:00+00:00,5,415,2025-11-15T11:00:00+00:00,0.40609419345855713,2025-11-15T11:00:00+00:00,2025-11-15T11:15:00+00:00,d6553ce0dce77ee6,7,6,MERL_USDT_SWAP,19,"[12, 17, 18, 19]",397,2025-11-15T06:30:00+00:00,0.3677787780761719,0.7362130880355835,0.425407350063324,0.5459762215614319
0.4551154673099518,411,2025-11-15T10:00:00+00:00,408.0,2025-11-15T09:15:00+00:00,405,2025-11-15T08:30:00+00:00,4,415,2025-11-15T11:00:00+00:00,0.7380478382110596,2025-11-15T11:00:00+00:00,2025-11-15T11:15:00+00:00,b41d4614efd31114,7,4,NEIRO_USDT_SWAP,17,"[16, 17, 18, 19]",399,2025-11-15T07:00:00+00:00,0.3542705476284027,0.768436849117279,0.4808995723724365,0.7452698349952698
0.27654948830604553,410,2025-11-15T09:45:00+00:00,407.0,2025-11-15T09:00:00+00:00,404,2025-11-15T08:15:00+00:00,5,415,2025-11-15T11:00:00+00:00,0.27654948830604553,2025-11-15T11:00:00+00:00,2025-11-15T11:00:00+00:00,bd4f121290c3c663,7,1,QTUM_USDT_SWAP,18,[18],398,2025-11-15T06:45:00+00:00,0.33575400710105896,0.7160529494285583,0.49501416087150574,0.6852161288261414
0.2746550440788269,411,2025-11-15T10:00:00+00:00,408.0,2025-11-15T09:15:00+00:00,405,2025-11-15T08:30:00+00:00,4,415,2025-11-15T11:00:00+00:00,0.2746550440788269,2025-11-15T11:00:00+00:00,2025-11-15T11:00:00+00:00,16e27b835aef7fbe,7,2,SAND_USDT_SWAP,16,"[16, 18]",400,2025-11-15T07:15:00+00:00,0.31489628553390503,0.7486159205436707,0.44309744238853455,0.6632046103477478
0.2511335015296936,411,2025-11-15T10:00:00+00:00,408.0,2025-11-15T09:15:00+00:00,405,2025-11-15T08:30:00+00:00,5,416,2025-11-15T11:15:00+00:00,0.348906010389328,2025-11-15T11:15:00+00:00,2025-11-15T12:00:00+00:00,233529c74b7c1554,7,6,AUCTION_USDT_SWAP,18,"[15, 17, 18, 19]",399,2025-11-15T07:00:00+00:00,0.33803871273994446,0.7146735191345215,0.4844280779361725,0.6767275333404541
0.34857192635536194,411,2025-11-15T10:00:00+00:00,408.0,2025-11-15T09:15:00+00:00,405,2025-11-15T08:30:00+00:00,5,416,2025-11-15T11:15:00+00:00,0.34857192635536194,2025-11-15T11:15:00+00:00,2025-11-15T12:00:00+00:00,473c71b2f8471e2d,7,2,FLOW_USDT_SWAP,19,"[15, 19]",398,2025-11-15T06:45:00+00:00,0.37329331040382385,0.7373259663581848,0.5169150233268738,0.6808127164840698
0.26513898372650146,412,2025-11-15T10:15:00+00:00,409.0,2025-11-15T09:30:00+00:00,406,2025-11-15T08:45:00+00:00,4,416,2025-11-15T11:15:00+00:00,0.30279722809791565,2025-11-15T11:15:00+00:00,2025-11-15T11:30:00+00:00,3ab6247a265faed3,7,3,MASK_USDT_SWAP,17,"[17, 18, 19]",400,2025-11-15T07:15:00+00:00,0.3540017604827881,0.7649260759353638,0.5033738613128662,0.7045605182647705
0.36233624815940857,414,2025-11-15T10:45:00+00:00,411.5,2025-11-15T10:15:00+00:00,409,2025-11-15T09:30:00+00:00,2,416,2025-11-15T11:15:00+00:00,0.46529871225357056,2025-11-15T11:15:00+00:00,2025-11-15T12:00:00+00:00,bf11fb0ba14ca4e2,6,24,PUMP_USDT_SWAP,13,"[12, 13, 14, 15, 16, 17, 18, 19]",404,2025-11-15T08:15:00+00:00,0.390104204416275,0.8124667406082153,0.47992268204689026,0.738353967666626
0.3884645104408264,411,2025-11-15T10:00:00+00:00,408.0,2025-11-15T09:15:00+00:00,405,2025-11-15T08:30:00+00:00,5,416,2025-11-15T11:15:00+00:00,0.6118997931480408,2025-11-15T11:15:00+00:00,2025-11-15T11:45:00+00:00,55ecac1804cfb5b5,7,15,SAHARA_USDT_SWAP,19,"[13, 14, 15, 16, 17, 18, 19]",398,2025-11-15T06:45:00+00:00,0.36990609765052795,0.7380930781364441,0.5112554430961609,0.6054994463920593
0.25616252422332764,411,2025-11-15T10:00:00+00:00,408.0,2025-11-15T09:15:00+00:00,405,2025-11-15T08:30:00+00:00,5,416,2025-11-15T11:15:00+00:00,0.25616252422332764,2025-11-15T11:15:00+00:00,2025-11-15T11:15:00+00:00,edaf4d8a95ceba49,7,1,SUI_USDT_SWAP,18,[18],399,2025-11-15T07:00:00+00:00,0.33555254340171814,0.7223736047744751,0.495315819978714,0.7720458507537842
0.3616876006126404,412,2025-11-15T10:15:00+00:00,409.0,2025-11-15T09:30:00+00:00,406,2025-11-15T08:45:00+00:00,5,417,2025-11-15T11:30:00+00:00,0.468288391828537,2025-11-15T11:30:00+00:00,2025-11-15T11:45:00+00:00,660634aa32fea8ae,7,2,CELO_USDT_SWAP,19,[19],399,2025-11-15T07:00:00+00:00,0.37553974986076355,0.7259998321533203,0.5408725142478943,0.7725116014480591
0.39105716347694397,414,2025-11-15T10:45:00+00:00,411.0,2025-11-15T10:00:00+00:00,408,2025-11-15T09:15:00+00:00,3,417,2025-11-15T11:30:00+00:00,0.6707082390785217,2025-11-15T11:30:00+00:00,2025-11-15T12:00:00+00:00,cd6c7639df0ecf77,7,20,SIGN_USDT_SWAP,15,"[14, 15, 16, 17, 18, 19]",403,2025-11-15T08:00:00+00:00,0.34224069118499756,0.8074766397476196,0.46890199184417725,0.6304634809494019
0.3712295889854431,413,2025-11-15T10:30:00+00:00,410.0,2025-11-15T09:45:00+00:00,407,2025-11-15T09:00:00+00:00,4,417,2025-11-15T11:30:00+00:00,0.7709544897079468,2025-11-15T11:30:00+00:00,2025-11-15T12:00:00+00:00,e0cc2fac90634e05,7,14,TRUMP_USDT_SWAP,17,"[13, 14, 15, 16, 17, 18, 19]",401,2025-11-15T07:30:00+00:00,0.3576461374759674,0.76020747423172,0.386307954788208,0.610282301902771
0.3480674624443054,414,2025-11-15T10:45:00+00:00,410.5,2025-11-15T09:45:00+00:00,407,2025-11-15T09:00:00+00:00,4,418,2025-11-15T11:45:00+00:00,0.3576483726501465,2025-11-15T11:45:00+00:00,2025-11-15T12:00:00+00:00,f47649495bc6e7f5,8,3,AXS_USDT_SWAP,19,"[15, 19]",400,2025-11-15T07:15:00+00:00,0.3672218322753906,0.7482563257217407,0.5302091836929321,0.7441785931587219
0.25998836755752563,415,2025-11-15T11:00:00+00:00,412.5,2025-11-15T10:15:00+00:00,410,2025-11-15T09:45:00+00:00,3,418,2025-11-15T11:45:00+00:00,0.4832618534564972,2025-11-15T11:45:00+00:00,2025-11-15T12:00:00+00:00,40dcbd4705026c68,6,6,IOTA_USDT_SWAP,14,"[14, 15, 16, 17, 19]",405,2025-11-15T08:30:00+00:00,0.3546956777572632,0.7874682545661926,0.48645707964897156,0.6247058510780334
0.27727094292640686,415,2025-11-15T11:00:00+00:00,412.5,2025-11-15T10:15:00+00:00,410,2025-11-15T09:45:00+00:00,3,418,2025-11-15T11:45:00+00:00,0.5080463886260986,2025-11-15T11:45:00+00:00,2025-11-15T12:00:00+00:00,9cbb601fa4c9435b,6,9,MANA_USDT_SWAP,14,"[13, 14, 15, 16, 17, 18, 19]",405,2025-11-15T08:30:00+00:00,0.3506961762905121,0.7886767387390137,0.4524863362312317,0.594732403755188
0.28360435366630554,415,2025-11-15T11:00:00+00:00,413.5,2025-11-15T10:45:00+00:00,412,2025-11-15T10:15:00+00:00,3,418,2025-11-15T11:45:00+00:00,0.7626211643218994,2025-11-15T11:45:00+00:00,2025-11-15T12:00:00+00:00,a36d5038adbe1370,4,8,SAHARA_USDT_SWAP,12,"[12, 14, 15, 16, 17, 18, 19]",407,2025-11-15T09:00:00+00:00,0.43214932084083557,0.7493449449539185,0.4853210747241974,0.5747963190078735
0.2662948668003082,413,2025-11-15T10:30:00+00:00,410.0,2025-11-15T09:45:00+00:00,407,2025-11-15T09:00:00+00:00,5,418,2025-11-15T11:45:00+00:00,0.4552331268787384,2025-11-15T11:45:00+00:00,2025-11-15T12:00:00+00:00,646ad79e8d73c0f8,7,7,SHIB_USDT_SWAP,19,"[14, 15, 17, 18, 19]",400,2025-11-15T07:15:00+00:00,0.3686821162700653,0.7370179891586304,0.47230449318885803,0.596637487411499
0.32539188861846924,413,2025-11-15T10:30:00+00:00,410.0,2025-11-15T09:45:00+00:00,407,2025-11-15T09:00:00+00:00,5,418,2025-11-15T11:45:00+00:00,0.32539188861846924,2025-11-15T11:45:00+00:00,2025-11-15T11:45:00+00:00,886ab4bbedccaa90,7,1,S_USDT_SWAP,19,[19],400,2025-11-15T07:15:00+00:00,0.3796860873699188,0.7330451011657715,0.4862569570541382,0.707974374294281
0.4366837441921234,415,2025-11-15T11:00:00+00:00,412.0,2025-11-15T10:15:00+00:00,409,2025-11-15T09:30:00+00:00,3,418,2025-11-15T11:45:00+00:00,0.4366837441921234,2025-11-15T11:45:00+00:00,2025-11-15T12:00:00+00:00,3ae240370587bafc,7,6,TRX_USDT_SWAP,14,"[14, 16, 17, 18, 19]",405,2025-11-15T08:30:00+00:00,0.3478626012802124,0.7907136678695679,0.4844701886177063,0.5780946612358093
0.2961185574531555,416,2025-11-15T11:15:00+00:00,413.0,2025-11-15T10:30:00+00:00,410,2025-11-15T09:45:00+00:00,3,419,2025-11-15T12:00:00+00:00,0.2961185574531555,2025-11-15T12:00:00+00:00,2025-11-15T12:00:00+00:00,8b29d8fd754ca103,7,1,ANIME_USDT_SWAP,15,[15],405,2025-11-15T08:30:00+00:00,0.3418881297111511,0.8003120422363281,0.415020227432251,0.563223123550415
0.25244009494781494,416,2025-11-15T11:15:00+00:00,414.0,2025-11-15T10:45:00+00:00,412,2025-11-15T10:15:00+00:00,3,419,2025-11-15T12:00:00+00:00,0.25244009494781494,2025-11-15T12:00:00+00:00,2025-11-15T12:00:00+00:00,708d3d68084ddf61,5,1,CFX_USDT_SWAP,13,[13],407,2025-11-15T09:00:00+00:00,0.3871897757053375,0.7673436999320984,0.46566638350486755,0.6107777953147888
0.2778654992580414,415,2025-11-15T11:00:00+00:00,412.0,2025-11-15T10:15:00+00:00,409,2025-11-15T09:30:00+00:00,4,419,2025-11-15T12:00:00+00:00,0.2778654992580414,2025-11-15T12:00:00+00:00,2025-11-15T12:00:00+00:00,50ec77e0a2758bae,7,1,FLOKI_USDT_SWAP,16,[16],404,2025-11-15T08:15:00+00:00,0.31620556116104126,0.7482553124427795,0.43884292244911194,0.5957377552986145
0.2643899917602539,416,2025-11-15T11:15:00+00:00,413.5,2025-11-15T10:45:00+00:00,411,2025-11-15T10:00:00+00:00,3,419,2025-11-15T12:00:00+00:00,0.2643899917602539,2025-11-15T12:00:00+00:00,2025-11-15T12:00:00+00:00,c10a05a2fc2ecd5e,6,1,FLOW_USDT_SWAP,14,[14],406,2025-11-15T08:45:00+00:00,0.3517984449863434,0.7866406440734863,0.46068766713142395,0.5758342742919922
0.273212730884552,416,2025-11-15T11:15:00+00:00,414.0,2025-11-15T10:45:00+00:00,412,2025-11-15T10:15:00+00:00,3,419,2025-11-15T12:00:00+00:00,0.273212730884552,2025-11-15T12:00:00+00:00,2025-11-15T12:00:00+00:00,e01634f8d51aaff5,5,1,LAYER_USDT_SWAP,13,[13],407,2025-11-15T09:00:00+00:00,0.3963339924812317,0.7796449065208435,0.44998669624328613,0.6046661734580994
0.2923072874546051,416,2025-11-15T11:15:00+00:00,413.0,2025-11-15T10:30:00+00:00,410,2025-11-15T09:45:00+00:00,3,419,2025-11-15T12:00:00+00:00,0.2923072874546051,2025-11-15T12:00:00+00:00,2025-11-15T12:00:00+00:00,a5e39f6f6a33c0ee,7,1,LUNA_USDT_SWAP,15,[15],405,2025-11-15T08:30:00+00:00,0.3422833979129791,0.8041960000991821,0.42012229561805725,0.6029607653617859
0.3865867853164673,416,2025-11-15T11:15:00+00:00,413.0,2025-11-15T10:30:00+00:00,410,2025-11-15T09:45:00+00:00,3,419,2025-11-15T12:00:00+00:00,0.3865867853164673,2025-11-15T12:00:00+00:00,2025-11-15T12:00:00+00:00,a58aee765b7d5c62,7,3,METIS_USDT_SWAP,15,"[13, 15, 17]",405,2025-11-15T08:30:00+00:00,0.34233275055885315,0.8049647212028503,0.3754425644874573,0.6644152998924255
0.4853411912918091,416,2025-11-15T11:15:00+00:00,414.5,2025-11-15T10:45:00+00:00,413,2025-11-15T10:30:00+00:00,3,419,2025-11-15T12:00:00+00:00,0.4853411912918091,2025-11-15T12:00:00+00:00,2025-11-15T12:00:00+00:00,75140f129201bb2d,4,4,PEOPLE_USDT_SWAP,12,"[12, 13, 14, 15]",408,2025-11-15T09:15:00+00:00,0.4203188419342041,0.7583534121513367,0.40773606300354004,0.54352867603302
0.44463351368904114,414,2025-11-15T10:45:00+00:00,411.0,2025-11-15T10:00:00+00:00,408,2025-11-15T09:15:00+00:00,5,419,2025-11-15T12:00:00+00:00,0.44463351368904114,2025-11-15T12:00:00+00:00,2025-11-15T12:00:00+00:00,fc726a3adf445da8,7,5,PNUT_USDT_SWAP,19,"[13, 15, 16, 18, 19]",401,2025-11-15T07:30:00+00:00,0.37565097212791443,0.7374862432479858,0.4547681212425232,0.6550719141960144
0.37830284237861633,416,2025-11-15T11:15:00+00:00,413.0,2025-11-15T10:30:00+00:00,410,2025-11-15T09:45:00+00:00,3,419,2025-11-15T12:00:00+00:00,0.37830284237861633,2025-11-15T12:00:00+00:00,2025-11-15T12:00:00+00:00,ca9e1accbfb45b49,7,2,QTUM_USDT_SWAP,15,"[15, 18]",405,2025-11-15T08:30:00+00:00,0.34227481484413147,0.8064374923706055,0.4592086672782898,0.59929358959198
0.33534151315689087,415,2025-11-15T11:00:00+00:00,412.0,2025-11-15T10:15:00+00:00,409,2025-11-15T09:30:00+00:00,4,419,2025-11-15T12:00:00+00:00,0.33534151315689087,2025-11-15T12:00:00+00:00,2025-11-15T12:00:00+00:00,91734d7df9b5d265,7,4,SOL_USDT_SWAP,16,"[14, 15, 16, 17]",404,2025-11-15T08:15:00+00:00,0.3183225691318512,0.7463192343711853,0.4666224420070648,0.5882301330566406
0.5828207731246948,416,2025-11-15T11:15:00+00:00,413.0,2025-11-15T10:30:00+00:00,410,2025-11-15T09:45:00+00:00,3,419,2025-11-15T12:00:00+00:00,0.5828207731246948,2025-11-15T12:00:00+00:00,2025-11-15T12:00:00+00:00,a2ea9d215478a7c0,7,5,SPK_USDT_SWAP,15,"[13, 15, 16, 17, 18]",405,2025-11-15T08:30:00+00:00,0.343240350484848,0.8041961789131165,0.4089672565460205,0.5724846720695496
0.27723413705825806,416,2025-11-15T11:15:00+00:00,414.0,2025-11-15T10:45:00+00:00,412,2025-11-15T10:15:00+00:00,3,419,2025-11-15T12:00:00+00:00,0.27723413705825806,2025-11-15T12:00:00+00:00,2025-11-15T12:00:00+00:00,11eea2c2054406bd,5,1,SUSHI_USDT_SWAP,13,[13],407,2025-11-15T09:00:00+00:00,0.3976036012172699,0.7767677307128906,0.5157608985900879,0.6486220955848694
0.4497138261795044,416,2025-11-15T11:15:00+00:00,413.0,2025-11-15T10:30:00+00:00,410,2025-11-15T09:45:00+00:00,3,419,2025-11-15T12:00:00+00:00,0.4497138261795044,2025-11-15T12:00:00+00:00,2025-11-15T12:00:00+00:00,8f84a23d0b1f2fdd,7,4,UMA_USDT_SWAP,15,"[12, 13, 15, 16]",405,2025-11-15T08:30:00+00:00,0.3427424132823944,0.8034843802452087,0.40936726331710815,0.5375158190727234
0.3644697666168213,414,2025-11-15T10:45:00+00:00,411.0,2025-11-15T10:00:00+00:00,408,2025-11-15T09:15:00+00:00,5,419,2025-11-15T12:00:00+00:00,0.3644697666168213,2025-11-15T12:00:00+00:00,2025-11-15T12:00:00+00:00,1528115549158ca8,7,1,XLM_USDT_SWAP,19,[19],401,2025-11-15T07:30:00+00:00,0.38063713908195496,0.7332415580749512,0.4955192506313324,0.6345087885856628
0.35499733686447144,416,2025-11-15T11:15:00+00:00,413.0,2025-11-15T10:30:00+00:00,410,2025-11-15T09:45:00+00:00,3,419,2025-11-15T12:00:00+00:00,0.35499733686447144,2025-11-15T12:00:00+00:00,2025-11-15T12:00:00+00:00,7f5839ba92c3dd39,7,1,YGG_USDT_SWAP,15,[15],405,2025-11-15T08:30:00+00:00,0.3422093093395233,0.8023578524589539,0.4166765511035919,0.5928524136543274
0.35734957456588745,416,2025-11-15T11:15:00+00:00,413.5,2025-11-15T10:45:00+00:00,411,2025-11-15T10:00:00+00:00,3,419,2025-11-15T12:00:00+00:00,0.35734957456588745,2025-11-15T12:00:00+00:00,2025-11-15T12:00:00+00:00,70dfdee95e24a903,6,3,ZIL_USDT_SWAP,14,"[12, 14, 16]",406,2025-11-15T08:45:00+00:00,0.3531206250190735,0.7866342663764954,0.5196962356567383,0.6564866900444031
