sample_id,target,event_id,positive_event_id,source_group,source_task_id,calibration_task_id,sample_kind,tip_offset,reason,label_provenance,anchor_time,input_start_time,input_end_time,image_rel,image_sha256
eth3m_20260315T123600Z_review_tip_offset_-1_t041_c27,,,p001,calibration_p001_t041,41,27,review_tip_offset_-1,-1,tip_geometry_offset_is_not_owner_confirmed_current_tip_label,withheld_from_train_val_geometry_offset_not_lifetime,2026-03-15T12:36:00+00:00,2026-03-15T02:39:00+00:00,2026-03-15T12:36:00+00:00,weak_or_review/review_tip_offset_-1/eth3m_20260315T123600Z_review_tip_offset_-1_t041_c27.png,0c1beebd2817334b7096e89903c9da58aad8ff8a24a9fb98fa07dd532cff2e94
eth3m_20260315T124200Z_review_tip_offset_+1_t041_c27,,,p001,calibration_p001_t041,41,27,review_tip_offset_+1,1,tip_geometry_offset_is_not_owner_confirmed_current_tip_label,withheld_from_train_val_geometry_offset_not_lifetime,2026-03-15T12:42:00+00:00,2026-03-15T02:45:00+00:00,2026-03-15T12:42:00+00:00,weak_or_review/review_tip_offset_+1/eth3m_20260315T124200Z_review_tip_offset_+1_t041_c27.png,1e75ca1466df1e2a459bc6f07a855b983240eb2e0b58bd134cba47865e2febb0
eth3m_20260315T124500Z_review_tip_offset_+2_t041_c27,,,p001,calibration_p001_t041,41,27,review_tip_offset_+2,2,tip_geometry_offset_is_not_owner_confirmed_current_tip_label,withheld_from_train_val_geometry_offset_not_lifetime,2026-03-15T12:45:00+00:00,2026-03-15T02:48:00+00:00,2026-03-15T12:45:00+00:00,weak_or_review/review_tip_offset_+2/eth3m_20260315T124500Z_review_tip_offset_+2_t041_c27.png,658db1be98cdb632d1b173803ea9f9774d02ebfd8649bef7d46e448f8818d4fb
eth3m_20260315T124800Z_review_tip_offset_+3_t041_c27,,,p001,calibration_p001_t041,41,27,review_tip_offset_+3,3,tip_geometry_offset_is_not_owner_confirmed_current_tip_label,withheld_from_train_val_geometry_offset_not_lifetime,2026-03-15T12:48:00+00:00,2026-03-15T02:51:00+00:00,2026-03-15T12:48:00+00:00,weak_or_review/review_tip_offset_+3/eth3m_20260315T124800Z_review_tip_offset_+3_t041_c27.png,79366b445a9b68ab83c4242f0af3209425fdc382acaefedc6f136a16370af218
eth3m_20260315T130900Z_review_original_v10_time_t041_c27,,,p001,calibration_p001_t041,41,27,review_original_v10_time,10,original_v10_time_is_not_owner_confirmed_current_tip_label,withheld_from_train_val_original_v10_not_current_T_confirmation,2026-03-15T13:09:00+00:00,2026-03-15T03:12:00+00:00,2026-03-15T13:09:00+00:00,weak_or_review/review_original_v10_time/eth3m_20260315T130900Z_review_original_v10_time_t041_c27.png,9d84578387a33a810b50608b59f79b1e9a3082e797269527c451969fe1ebeab3
eth3m_20260318T110000Z_review_tip_offset_-1_t104_c05,,,p002,calibration_p002_t104,104,5,review_tip_offset_-1,-1,tip_geometry_offset_is_not_owner_confirmed_current_tip_label,withheld_from_train_val_geometry_offset_not_lifetime,2026-03-18T11:00:00+00:00,2026-03-18T01:03:00+00:00,2026-03-18T11:00:00+00:00,weak_or_review/review_tip_offset_-1/eth3m_20260318T110000Z_review_tip_offset_-1_t104_c05.png,a032cf5c82ebba50c3a0ef7f110f30d81b2f812cffbd845b7e1c92384e43e20d
eth3m_20260318T110600Z_review_tip_offset_+1_t104_c05,,,p002,calibration_p002_t104,104,5,review_tip_offset_+1,1,tip_geometry_offset_is_not_owner_confirmed_current_tip_label,withheld_from_train_val_geometry_offset_not_lifetime,2026-03-18T11:06:00+00:00,2026-03-18T01:09:00+00:00,2026-03-18T11:06:00+00:00,weak_or_review/review_tip_offset_+1/eth3m_20260318T110600Z_review_tip_offset_+1_t104_c05.png,00ba8585009e774556b0d2c663832b990307afa58904c670a21a6695208e7f2a
eth3m_20260318T110900Z_review_tip_offset_+2_t104_c05,,,p002,calibration_p002_t104,104,5,review_tip_offset_+2,2,tip_geometry_offset_is_not_owner_confirmed_current_tip_label,withheld_from_train_val_geometry_offset_not_lifetime,2026-03-18T11:09:00+00:00,2026-03-18T01:12:00+00:00,2026-03-18T11:09:00+00:00,weak_or_review/review_tip_offset_+2/eth3m_20260318T110900Z_review_tip_offset_+2_t104_c05.png,ad196d54a966fcd8d5df2502af0be0e1b1668d9aa10357a855fa57fae4249bed
eth3m_20260318T111200Z_review_tip_offset_+3_t104_c05,,,p002,calibration_p002_t104,104,5,review_tip_offset_+3,3,tip_geometry_offset_is_not_owner_confirmed_current_tip_label,withheld_from_train_val_geometry_offset_not_lifetime,2026-03-18T11:12:00+00:00,2026-03-18T01:15:00+00:00,2026-03-18T11:12:00+00:00,weak_or_review/review_tip_offset_+3/eth3m_20260318T111200Z_review_tip_offset_+3_t104_c05.png,73c09a23f23dfcdaf75ad8355a767987deacc35b2cec0beec87f137f5f7aad75
eth3m_20260318T113900Z_review_original_v10_time_t104_c05,,,p002,calibration_p002_t104,104,5,review_original_v10_time,12,original_v10_time_is_not_owner_confirmed_current_tip_label,withheld_from_train_val_original_v10_not_current_T_confirmation,2026-03-18T11:39:00+00:00,2026-03-18T01:42:00+00:00,2026-03-18T11:39:00+00:00,weak_or_review/review_original_v10_time/eth3m_20260318T113900Z_review_original_v10_time_t104_c05.png,52a113b6eaef5bc88f63fa2fa3eaa05286f6e469a7ba7496bf0b67e17955be82
eth3m_20260319T120900Z_review_tip_offset_-1_t042_c03,,,p003,calibration_p003_t042,42,3,review_tip_offset_-1,-1,tip_geometry_offset_is_not_owner_confirmed_current_tip_label,withheld_from_train_val_geometry_offset_not_lifetime,2026-03-19T12:09:00+00:00,2026-03-19T02:12:00+00:00,2026-03-19T12:09:00+00:00,weak_or_review/review_tip_offset_-1/eth3m_20260319T120900Z_review_tip_offset_-1_t042_c03.png,978bcaeec93beba69a57c792badc49f79a0602206c60a560f3ffed3626931906
eth3m_20260319T121500Z_review_tip_offset_+1_t042_c03,,,p003,calibration_p003_t042,42,3,review_tip_offset_+1,1,tip_geometry_offset_is_not_owner_confirmed_current_tip_label,withheld_from_train_val_geometry_offset_not_lifetime,2026-03-19T12:15:00+00:00,2026-03-19T02:18:00+00:00,2026-03-19T12:15:00+00:00,weak_or_review/review_tip_offset_+1/eth3m_20260319T121500Z_review_tip_offset_+1_t042_c03.png,86c3125603be2fd68c4d7fd3e488adb9736912e04cca6cc3f1ab8f3fe1c314f7
eth3m_20260319T121800Z_review_tip_offset_+2_t042_c03,,,p003,calibration_p003_t042,42,3,review_tip_offset_+2,2,tip_geometry_offset_is_not_owner_confirmed_current_tip_label,withheld_from_train_val_geometry_offset_not_lifetime,2026-03-19T12:18:00+00:00,2026-03-19T02:21:00+00:00,2026-03-19T12:18:00+00:00,weak_or_review/review_tip_offset_+2/eth3m_20260319T121800Z_review_tip_offset_+2_t042_c03.png,43a434b62dbd3f3225128d36cba617e7e8793f087fa60fed75ab030cc8a87cee
eth3m_20260319T122100Z_review_tip_offset_+3_t042_c03,,,p003,calibration_p003_t042,42,3,review_tip_offset_+3,3,tip_geometry_offset_is_not_owner_confirmed_current_tip_label,withheld_from_train_val_geometry_offset_not_lifetime,2026-03-19T12:21:00+00:00,2026-03-19T02:24:00+00:00,2026-03-19T12:21:00+00:00,weak_or_review/review_tip_offset_+3/eth3m_20260319T122100Z_review_tip_offset_+3_t042_c03.png,57ee1dbb14268e23a172eb4f318d2d13018019dc4507d30158263bfc4fc55edd
eth3m_20260319T124800Z_review_original_v10_time_t042_c03,,,p003,calibration_p003_t042,42,3,review_original_v10_time,12,original_v10_time_is_not_owner_confirmed_current_tip_label,withheld_from_train_val_original_v10_not_current_T_confirmation,2026-03-19T12:48:00+00:00,2026-03-19T02:51:00+00:00,2026-03-19T12:48:00+00:00,weak_or_review/review_original_v10_time/eth3m_20260319T124800Z_review_original_v10_time_t042_c03.png,4d3cead03f9f3fb8231889ae4c53ea586164ecb3331356fa9cfbb2936fe1dc2c
eth3m_20260320T021200Z_review_tip_offset_-1_t096_c17,,,p004,calibration_p004_t096,96,17,review_tip_offset_-1,-1,tip_geometry_offset_is_not_owner_confirmed_current_tip_label,withheld_from_train_val_geometry_offset_not_lifetime,2026-03-20T02:12:00+00:00,2026-03-19T16:15:00+00:00,2026-03-20T02:12:00+00:00,weak_or_review/review_tip_offset_-1/eth3m_20260320T021200Z_review_tip_offset_-1_t096_c17.png,6d5140de2c63aee550fd6503b286d214f3a3173d550a8e7b518c68bc522c7c56
eth3m_20260320T021800Z_review_tip_offset_+1_t096_c17,,,p004,calibration_p004_t096,96,17,review_tip_offset_+1,1,tip_geometry_offset_is_not_owner_confirmed_current_tip_label,withheld_from_train_val_geometry_offset_not_lifetime,2026-03-20T02:18:00+00:00,2026-03-19T16:21:00+00:00,2026-03-20T02:18:00+00:00,weak_or_review/review_tip_offset_+1/eth3m_20260320T021800Z_review_tip_offset_+1_t096_c17.png,47b83762f44aaffc37464d62c4e7ec316eba1fc678e350c3f6dfff7a2089c13a
eth3m_20260320T022100Z_review_tip_offset_+2_t096_c17,,,p004,calibration_p004_t096,96,17,review_tip_offset_+2,2,tip_geometry_offset_is_not_owner_confirmed_current_tip_label,withheld_from_train_val_geometry_offset_not_lifetime,2026-03-20T02:21:00+00:00,2026-03-19T16:24:00+00:00,2026-03-20T02:21:00+00:00,weak_or_review/review_tip_offset_+2/eth3m_20260320T022100Z_review_tip_offset_+2_t096_c17.png,727987977494e4804259eb37059940a6ef9ca6b91008e6d7f4b50a8985cc0a12
eth3m_20260320T022400Z_review_tip_offset_+3_t096_c17,,,p004,calibration_p004_t096,96,17,review_tip_offset_+3,3,tip_geometry_offset_is_not_owner_confirmed_current_tip_label,withheld_from_train_val_geometry_offset_not_lifetime,2026-03-20T02:24:00+00:00,2026-03-19T16:27:00+00:00,2026-03-20T02:24:00+00:00,weak_or_review/review_tip_offset_+3/eth3m_20260320T022400Z_review_tip_offset_+3_t096_c17.png,d0b554adde7559cc50176f93d0d7d23bf5684eac2e8b4106b27c307d1513c8b4
eth3m_20260320T023300Z_review_original_v10_time_t096_c17,,,p004,calibration_p004_t096,96,17,review_original_v10_time,6,original_v10_time_is_not_owner_confirmed_current_tip_label,withheld_from_train_val_original_v10_not_current_T_confirmation,2026-03-20T02:33:00+00:00,2026-03-19T16:36:00+00:00,2026-03-20T02:33:00+00:00,weak_or_review/review_original_v10_time/eth3m_20260320T023300Z_review_original_v10_time_t096_c17.png,7418c24a06ea2d08f57a22256a517433ec5611101a2ba44508da2ee2eec7c2a6
eth3m_20260321T231800Z_review_tip_offset_-1_t085_c07,,,p005,calibration_p005_t085,85,7,review_tip_offset_-1,-1,tip_geometry_offset_is_not_owner_confirmed_current_tip_label,withheld_from_train_val_geometry_offset_not_lifetime,2026-03-21T23:18:00+00:00,2026-03-21T13:21:00+00:00,2026-03-21T23:18:00+00:00,weak_or_review/review_tip_offset_-1/eth3m_20260321T231800Z_review_tip_offset_-1_t085_c07.png,75770d01640d02ff79d402b1fd56589c72174662b4abb263b01d52c2f3ca597c
eth3m_20260321T232400Z_review_tip_offset_+1_t085_c07,,,p005,calibration_p005_t085,85,7,review_tip_offset_+1,1,tip_geometry_offset_is_not_owner_confirmed_current_tip_label,withheld_from_train_val_geometry_offset_not_lifetime,2026-03-21T23:24:00+00:00,2026-03-21T13:27:00+00:00,2026-03-21T23:24:00+00:00,weak_or_review/review_tip_offset_+1/eth3m_20260321T232400Z_review_tip_offset_+1_t085_c07.png,5982dd02f7f45b3e3f78a6c500d26b22bb650c4bdb660020174b8f3db62820ab
eth3m_20260321T232700Z_review_tip_offset_+2_t085_c07,,,p005,calibration_p005_t085,85,7,review_tip_offset_+2,2,tip_geometry_offset_is_not_owner_confirmed_current_tip_label,withheld_from_train_val_geometry_offset_not_lifetime,2026-03-21T23:27:00+00:00,2026-03-21T13:30:00+00:00,2026-03-21T23:27:00+00:00,weak_or_review/review_tip_offset_+2/eth3m_20260321T232700Z_review_tip_offset_+2_t085_c07.png,f4187805e1b8f759a8cae753d2fd566105523cf93ca9450335504a5b2339e474
eth3m_20260321T233000Z_review_tip_offset_+3_t085_c07,,,p005,calibration_p005_t085,85,7,review_tip_offset_+3,3,tip_geometry_offset_is_not_owner_confirmed_current_tip_label,withheld_from_train_val_geometry_offset_not_lifetime,2026-03-21T23:30:00+00:00,2026-03-21T13:33:00+00:00,2026-03-21T23:30:00+00:00,weak_or_review/review_tip_offset_+3/eth3m_20260321T233000Z_review_tip_offset_+3_t085_c07.png,67c54b895b851c8f4b57bc828d5e8815b6192d1fbcf4013a39e842d6bbd6a8c7
eth3m_20260322T000000Z_review_original_v10_time_t085_c07,,,p005,calibration_p005_t085,85,7,review_original_v10_time,13,original_v10_time_is_not_owner_confirmed_current_tip_label,withheld_from_train_val_original_v10_not_current_T_confirmation,2026-03-22T00:00:00+00:00,2026-03-21T14:03:00+00:00,2026-03-22T00:00:00+00:00,weak_or_review/review_original_v10_time/eth3m_20260322T000000Z_review_original_v10_time_t085_c07.png,bbffb4aabd8c5f56842ef0c7406efd2422353ea8e3f58097603729bd97982b64
eth3m_20260322T180000Z_review_tip_offset_-1_t141_c06,,,p006,calibration_p006_t141,141,6,review_tip_offset_-1,-1,tip_geometry_offset_is_not_owner_confirmed_current_tip_label,withheld_from_train_val_geometry_offset_not_lifetime,2026-03-22T18:00:00+00:00,2026-03-22T08:03:00+00:00,2026-03-22T18:00:00+00:00,weak_or_review/review_tip_offset_-1/eth3m_20260322T180000Z_review_tip_offset_-1_t141_c06.png,438cd29d66191d58b3aa0348d4243a1e8c4aa593376a7cd3f1eeb2eb3c2124bd
eth3m_20260322T180600Z_review_tip_offset_+1_t141_c06,,,p006,calibration_p006_t141,141,6,review_tip_offset_+1,1,tip_geometry_offset_is_not_owner_confirmed_current_tip_label,withheld_from_train_val_geometry_offset_not_lifetime,2026-03-22T18:06:00+00:00,2026-03-22T08:09:00+00:00,2026-03-22T18:06:00+00:00,weak_or_review/review_tip_offset_+1/eth3m_20260322T180600Z_review_tip_offset_+1_t141_c06.png,4fc00700d2bbe1ec17fd5a6d4dc6e70437c4ed5c3e7e8e40761a82456ad5d055
eth3m_20260322T180900Z_review_tip_offset_+2_t141_c06,,,p006,calibration_p006_t141,141,6,review_tip_offset_+2,2,tip_geometry_offset_is_not_owner_confirmed_current_tip_label,withheld_from_train_val_geometry_offset_not_lifetime,2026-03-22T18:09:00+00:00,2026-03-22T08:12:00+00:00,2026-03-22T18:09:00+00:00,weak_or_review/review_tip_offset_+2/eth3m_20260322T180900Z_review_tip_offset_+2_t141_c06.png,db3b9c1848a756337280ce07db1f5c6c47f5f1b8dbc23cfdb1655173d6f674e8
eth3m_20260322T181200Z_review_tip_offset_+3_t141_c06,,,p006,calibration_p006_t141,141,6,review_tip_offset_+3,3,tip_geometry_offset_is_not_owner_confirmed_current_tip_label,withheld_from_train_val_geometry_offset_not_lifetime,2026-03-22T18:12:00+00:00,2026-03-22T08:15:00+00:00,2026-03-22T18:12:00+00:00,weak_or_review/review_tip_offset_+3/eth3m_20260322T181200Z_review_tip_offset_+3_t141_c06.png,c092d3d427e8bdde5b6b257a3ea3d376d3c73b05320aa726a2f8fdf476c11241
eth3m_20260322T183900Z_review_original_v10_time_t141_c06,,,p006,calibration_p006_t141,141,6,review_original_v10_time,12,original_v10_time_is_not_owner_confirmed_current_tip_label,withheld_from_train_val_original_v10_not_current_T_confirmation,2026-03-22T18:39:00+00:00,2026-03-22T08:42:00+00:00,2026-03-22T18:39:00+00:00,weak_or_review/review_original_v10_time/eth3m_20260322T183900Z_review_original_v10_time_t141_c06.png,143d6dcb4b50bf32fd616d941e479c87fc414fee3bc16c22a53be329ece1d1be
eth3m_20260323T061800Z_review_tip_offset_-1_t151_c13,,,p007,calibration_p007_t151,151,13,review_tip_offset_-1,-1,tip_geometry_offset_is_not_owner_confirmed_current_tip_label,withheld_from_train_val_geometry_offset_not_lifetime,2026-03-23T06:18:00+00:00,2026-03-22T20:21:00+00:00,2026-03-23T06:18:00+00:00,weak_or_review/review_tip_offset_-1/eth3m_20260323T061800Z_review_tip_offset_-1_t151_c13.png,e40fc21c2ae5c3e37d398fdd4e16c83f4a2ff80ab146daff8984c3a3e40d6819
eth3m_20260323T062400Z_review_tip_offset_+1_t151_c13,,,p007,calibration_p007_t151,151,13,review_tip_offset_+1,1,tip_geometry_offset_is_not_owner_confirmed_current_tip_label,withheld_from_train_val_geometry_offset_not_lifetime,2026-03-23T06:24:00+00:00,2026-03-22T20:27:00+00:00,2026-03-23T06:24:00+00:00,weak_or_review/review_tip_offset_+1/eth3m_20260323T062400Z_review_tip_offset_+1_t151_c13.png,870e0ee85b8c335d7506cfd6deaea74f0f4f604df75d275e3bd89e743f65584b
eth3m_20260323T062700Z_review_tip_offset_+2_t151_c13,,,p007,calibration_p007_t151,151,13,review_tip_offset_+2,2,tip_geometry_offset_is_not_owner_confirmed_current_tip_label,withheld_from_train_val_geometry_offset_not_lifetime,2026-03-23T06:27:00+00:00,2026-03-22T20:30:00+00:00,2026-03-23T06:27:00+00:00,weak_or_review/review_tip_offset_+2/eth3m_20260323T062700Z_review_tip_offset_+2_t151_c13.png,bea14160f9450b36c36e2218d79b43745c816bd4821690ed8545c6fb3c10ef87
eth3m_20260323T063000Z_review_tip_offset_+3_t151_c13,,,p007,calibration_p007_t151,151,13,review_tip_offset_+3,3,tip_geometry_offset_is_not_owner_confirmed_current_tip_label,withheld_from_train_val_geometry_offset_not_lifetime,2026-03-23T06:30:00+00:00,2026-03-22T20:33:00+00:00,2026-03-23T06:30:00+00:00,weak_or_review/review_tip_offset_+3/eth3m_20260323T063000Z_review_tip_offset_+3_t151_c13.png,ef9cfd42a6118b3a6b2ee57709ee5ec9b37c66546b875b81d6ef8e1c409bb99a
eth3m_20260323T063600Z_review_original_v10_time_t151_c13,,,p007,calibration_p007_t151,151,13,review_original_v10_time,5,original_v10_time_is_not_owner_confirmed_current_tip_label,withheld_from_train_val_original_v10_not_current_T_confirmation,2026-03-23T06:36:00+00:00,2026-03-22T20:39:00+00:00,2026-03-23T06:36:00+00:00,weak_or_review/review_original_v10_time/eth3m_20260323T063600Z_review_original_v10_time_t151_c13.png,ca008ff99143edce1a6f4774bac1375b89e65cb749cbdbc5d269e184ef10327a
eth3m_20260325T143900Z_review_tip_offset_-1_t127_c12,,,p008,calibration_p008_t127,127,12,review_tip_offset_-1,-1,tip_geometry_offset_is_not_owner_confirmed_current_tip_label,withheld_from_train_val_geometry_offset_not_lifetime,2026-03-25T14:39:00+00:00,2026-03-25T04:42:00+00:00,2026-03-25T14:39:00+00:00,weak_or_review/review_tip_offset_-1/eth3m_20260325T143900Z_review_tip_offset_-1_t127_c12.png,9ba7f8a87eaf487ebdda2db8ff44eaffe78bef21c953e5adef9b3840a99f7e7e
eth3m_20260325T144500Z_review_tip_offset_+1_t127_c12,,,p008,calibration_p008_t127,127,12,review_tip_offset_+1,1,tip_geometry_offset_is_not_owner_confirmed_current_tip_label,withheld_from_train_val_geometry_offset_not_lifetime,2026-03-25T14:45:00+00:00,2026-03-25T04:48:00+00:00,2026-03-25T14:45:00+00:00,weak_or_review/review_tip_offset_+1/eth3m_20260325T144500Z_review_tip_offset_+1_t127_c12.png,090bca0575a1d4487922f4f5b9d9e34faaf0a49278c0e7bc49398d3859756017
eth3m_20260325T144800Z_review_tip_offset_+2_t127_c12,,,p008,calibration_p008_t127,127,12,review_tip_offset_+2,2,tip_geometry_offset_is_not_owner_confirmed_current_tip_label,withheld_from_train_val_geometry_offset_not_lifetime,2026-03-25T14:48:00+00:00,2026-03-25T04:51:00+00:00,2026-03-25T14:48:00+00:00,weak_or_review/review_tip_offset_+2/eth3m_20260325T144800Z_review_tip_offset_+2_t127_c12.png,5e5f5b1574fbae5eb96e1680cd028c654710c70831f41fbb6262b2cdbf7b4d68
eth3m_20260325T145100Z_review_tip_offset_+3_t127_c12,,,p008,calibration_p008_t127,127,12,review_tip_offset_+3,3,tip_geometry_offset_is_not_owner_confirmed_current_tip_label,withheld_from_train_val_geometry_offset_not_lifetime,2026-03-25T14:51:00+00:00,2026-03-25T04:54:00+00:00,2026-03-25T14:51:00+00:00,weak_or_review/review_tip_offset_+3/eth3m_20260325T145100Z_review_tip_offset_+3_t127_c12.png,13048759e8675743dd13168adc545b52e68793d5734a96c3dd0ebd1d85af6d87
eth3m_20260325T151800Z_review_original_v10_time_t127_c12,,,p008,calibration_p008_t127,127,12,review_original_v10_time,12,original_v10_time_is_not_owner_confirmed_current_tip_label,withheld_from_train_val_original_v10_not_current_T_confirmation,2026-03-25T15:18:00+00:00,2026-03-25T05:21:00+00:00,2026-03-25T15:18:00+00:00,weak_or_review/review_original_v10_time/eth3m_20260325T151800Z_review_original_v10_time_t127_c12.png,0d0d41f96c7a33e1b9bde85d9e5f281d7b2e33e89daa25f9aba5974da62fb6f7
eth3m_20260327T101200Z_review_tip_offset_-1_t171_c08,,,p009,calibration_p009_t171,171,8,review_tip_offset_-1,-1,tip_geometry_offset_is_not_owner_confirmed_current_tip_label,withheld_from_train_val_geometry_offset_not_lifetime,2026-03-27T10:12:00+00:00,2026-03-27T00:15:00+00:00,2026-03-27T10:12:00+00:00,weak_or_review/review_tip_offset_-1/eth3m_20260327T101200Z_review_tip_offset_-1_t171_c08.png,27fd8fcd807bd6bb33feb181540d3dfb78113921ab85c5889a814194f82776bb
eth3m_20260327T101800Z_review_tip_offset_+1_t171_c08,,,p009,calibration_p009_t171,171,8,review_tip_offset_+1,1,tip_geometry_offset_is_not_owner_confirmed_current_tip_label,withheld_from_train_val_geometry_offset_not_lifetime,2026-03-27T10:18:00+00:00,2026-03-27T00:21:00+00:00,2026-03-27T10:18:00+00:00,weak_or_review/review_tip_offset_+1/eth3m_20260327T101800Z_review_tip_offset_+1_t171_c08.png,f5d131fddc35b596422c3b5fe0c1e862eac4d24d1c686305113623a4de176944
eth3m_20260327T102100Z_review_tip_offset_+2_t171_c08,,,p009,calibration_p009_t171,171,8,review_tip_offset_+2,2,tip_geometry_offset_is_not_owner_confirmed_current_tip_label,withheld_from_train_val_geometry_offset_not_lifetime,2026-03-27T10:21:00+00:00,2026-03-27T00:24:00+00:00,2026-03-27T10:21:00+00:00,weak_or_review/review_tip_offset_+2/eth3m_20260327T102100Z_review_tip_offset_+2_t171_c08.png,1a4ad226327eaf21f0bb942e0a136d0491d0581366f929a29956b6f350de4360
eth3m_20260327T102400Z_review_tip_offset_+3_t171_c08,,,p009,calibration_p009_t171,171,8,review_tip_offset_+3,3,tip_geometry_offset_is_not_owner_confirmed_current_tip_label,withheld_from_train_val_geometry_offset_not_lifetime,2026-03-27T10:24:00+00:00,2026-03-27T00:27:00+00:00,2026-03-27T10:24:00+00:00,weak_or_review/review_tip_offset_+3/eth3m_20260327T102400Z_review_tip_offset_+3_t171_c08.png,6cf75ee044d4a92fbec185834aea9be59503d76d0d3c07e5bd848335f5a4c80e
eth3m_20260327T104500Z_review_original_v10_time_t171_c08,,,p009,calibration_p009_t171,171,8,review_original_v10_time,10,original_v10_time_is_not_owner_confirmed_current_tip_label,withheld_from_train_val_original_v10_not_current_T_confirmation,2026-03-27T10:45:00+00:00,2026-03-27T00:48:00+00:00,2026-03-27T10:45:00+00:00,weak_or_review/review_original_v10_time/eth3m_20260327T104500Z_review_original_v10_time_t171_c08.png,e6b5f4482f77ab73513d5c12b5c740155403f91d767a750d64654a209bf44e00
eth3m_20260329T123300Z_review_tip_offset_-1_t168_c20,,,p010,calibration_p010_t168,168,20,review_tip_offset_-1,-1,tip_geometry_offset_is_not_owner_confirmed_current_tip_label,withheld_from_train_val_geometry_offset_not_lifetime,2026-03-29T12:33:00+00:00,2026-03-29T02:36:00+00:00,2026-03-29T12:33:00+00:00,weak_or_review/review_tip_offset_-1/eth3m_20260329T123300Z_review_tip_offset_-1_t168_c20.png,f804c0e2b1cfe3a2178377edd56d2ddf162248460b5bf66e19f6ca622e350925
eth3m_20260329T123900Z_review_tip_offset_+1_t168_c20,,,p010,calibration_p010_t168,168,20,review_tip_offset_+1,1,tip_geometry_offset_is_not_owner_confirmed_current_tip_label,withheld_from_train_val_geometry_offset_not_lifetime,2026-03-29T12:39:00+00:00,2026-03-29T02:42:00+00:00,2026-03-29T12:39:00+00:00,weak_or_review/review_tip_offset_+1/eth3m_20260329T123900Z_review_tip_offset_+1_t168_c20.png,3082af2a4d3a90ffd13fcdeb6edffd8dc0ec57cc61351246c8adde5cf074bb08
eth3m_20260329T124200Z_review_tip_offset_+2_t168_c20,,,p010,calibration_p010_t168,168,20,review_tip_offset_+2,2,tip_geometry_offset_is_not_owner_confirmed_current_tip_label,withheld_from_train_val_geometry_offset_not_lifetime,2026-03-29T12:42:00+00:00,2026-03-29T02:45:00+00:00,2026-03-29T12:42:00+00:00,weak_or_review/review_tip_offset_+2/eth3m_20260329T124200Z_review_tip_offset_+2_t168_c20.png,51b7cb0e36f0336c58da52acf078890c8731c38077bf1799b57fb32d745a4e98
eth3m_20260329T124500Z_review_tip_offset_+3_t168_c20,,,p010,calibration_p010_t168,168,20,review_tip_offset_+3,3,tip_geometry_offset_is_not_owner_confirmed_current_tip_label,withheld_from_train_val_geometry_offset_not_lifetime,2026-03-29T12:45:00+00:00,2026-03-29T02:48:00+00:00,2026-03-29T12:45:00+00:00,weak_or_review/review_tip_offset_+3/eth3m_20260329T124500Z_review_tip_offset_+3_t168_c20.png,4387022669ba0c7fd53a27d5bad069e4903008d14e3cf4441e1eb340b62d444a
eth3m_20260329T131200Z_review_original_v10_time_t168_c20,,,p010,calibration_p010_t168,168,20,review_original_v10_time,12,original_v10_time_is_not_owner_confirmed_current_tip_label,withheld_from_train_val_original_v10_not_current_T_confirmation,2026-03-29T13:12:00+00:00,2026-03-29T03:15:00+00:00,2026-03-29T13:12:00+00:00,weak_or_review/review_original_v10_time/eth3m_20260329T131200Z_review_original_v10_time_t168_c20.png,c0a69dad02698b6ce83f47bdc9bed6d2d4f1cb06180c57f2a81be5e0402858e5
eth3m_20260329T215700Z_review_tip_offset_-1_t055_c16,,,p011,calibration_p011_t055,55,16,review_tip_offset_-1,-1,tip_geometry_offset_is_not_owner_confirmed_current_tip_label,withheld_from_train_val_geometry_offset_not_lifetime,2026-03-29T21:57:00+00:00,2026-03-29T12:00:00+00:00,2026-03-29T21:57:00+00:00,weak_or_review/review_tip_offset_-1/eth3m_20260329T215700Z_review_tip_offset_-1_t055_c16.png,7869598976ed8c513ca855d3ddded2b294833bdb351214d136a0cf0ca1e6e534
eth3m_20260329T220300Z_review_tip_offset_+1_t055_c16,,,p011,calibration_p011_t055,55,16,review_tip_offset_+1,1,tip_geometry_offset_is_not_owner_confirmed_current_tip_label,withheld_from_train_val_geometry_offset_not_lifetime,2026-03-29T22:03:00+00:00,2026-03-29T12:06:00+00:00,2026-03-29T22:03:00+00:00,weak_or_review/review_tip_offset_+1/eth3m_20260329T220300Z_review_tip_offset_+1_t055_c16.png,dc7dccc9517351ef105f61f24058b0b276c2181d54ab8df23da1fd391872b26a
eth3m_20260329T220600Z_review_tip_offset_+2_t055_c16,,,p011,calibration_p011_t055,55,16,review_tip_offset_+2,2,tip_geometry_offset_is_not_owner_confirmed_current_tip_label,withheld_from_train_val_geometry_offset_not_lifetime,2026-03-29T22:06:00+00:00,2026-03-29T12:09:00+00:00,2026-03-29T22:06:00+00:00,weak_or_review/review_tip_offset_+2/eth3m_20260329T220600Z_review_tip_offset_+2_t055_c16.png,1d4cb084ba06b97034372ffbcfebecbf20fbe70d3e9d82b4c1f12d12fc7fff1d
eth3m_20260329T220900Z_review_original_v10_time_t055_c16,,,p011,calibration_p011_t055,55,16,review_original_v10_time,3,original_v10_time_is_not_owner_confirmed_current_tip_label,withheld_from_train_val_original_v10_not_current_T_confirmation,2026-03-29T22:09:00+00:00,2026-03-29T12:12:00+00:00,2026-03-29T22:09:00+00:00,weak_or_review/review_original_v10_time/eth3m_20260329T220900Z_review_original_v10_time_t055_c16.png,91c60d994e9a542a6183f0618c2ef539214cc88072477148ad982c803af3d442
eth3m_20260329T220900Z_review_tip_offset_+3_t055_c16,,,p011,calibration_p011_t055,55,16,review_tip_offset_+3,3,tip_geometry_offset_is_not_owner_confirmed_current_tip_label,withheld_from_train_val_geometry_offset_not_lifetime,2026-03-29T22:09:00+00:00,2026-03-29T12:12:00+00:00,2026-03-29T22:09:00+00:00,weak_or_review/review_tip_offset_+3/eth3m_20260329T220900Z_review_tip_offset_+3_t055_c16.png,91c60d994e9a542a6183f0618c2ef539214cc88072477148ad982c803af3d442
eth3m_20260330T170000Z_review_tip_offset_-1_t047_c21,,,p012,calibration_p012_t047,47,21,review_tip_offset_-1,-1,tip_geometry_offset_is_not_owner_confirmed_current_tip_label,withheld_from_train_val_geometry_offset_not_lifetime,2026-03-30T17:00:00+00:00,2026-03-30T07:03:00+00:00,2026-03-30T17:00:00+00:00,weak_or_review/review_tip_offset_-1/eth3m_20260330T170000Z_review_tip_offset_-1_t047_c21.png,2e961da9ad97d480b344d4b57ae49bdcd75371c8a2eed2d8f565b90b1497863a
eth3m_20260330T170600Z_review_tip_offset_+1_t047_c21,,,p012,calibration_p012_t047,47,21,review_tip_offset_+1,1,tip_geometry_offset_is_not_owner_confirmed_current_tip_label,withheld_from_train_val_geometry_offset_not_lifetime,2026-03-30T17:06:00+00:00,2026-03-30T07:09:00+00:00,2026-03-30T17:06:00+00:00,weak_or_review/review_tip_offset_+1/eth3m_20260330T170600Z_review_tip_offset_+1_t047_c21.png,bffd010b02f18bbbf771a8d083ff222d31df0a3b9897b6b051b76aa0ed4d3ec4
eth3m_20260330T170900Z_review_tip_offset_+2_t047_c21,,,p012,calibration_p012_t047,47,21,review_tip_offset_+2,2,tip_geometry_offset_is_not_owner_confirmed_current_tip_label,withheld_from_train_val_geometry_offset_not_lifetime,2026-03-30T17:09:00+00:00,2026-03-30T07:12:00+00:00,2026-03-30T17:09:00+00:00,weak_or_review/review_tip_offset_+2/eth3m_20260330T170900Z_review_tip_offset_+2_t047_c21.png,85342746856bd01cd526847305585b87004175cf49de6c1be7a1ce0517cbffd4
eth3m_20260330T171200Z_review_tip_offset_+3_t047_c21,,,p012,calibration_p012_t047,47,21,review_tip_offset_+3,3,tip_geometry_offset_is_not_owner_confirmed_current_tip_label,withheld_from_train_val_geometry_offset_not_lifetime,2026-03-30T17:12:00+00:00,2026-03-30T07:15:00+00:00,2026-03-30T17:12:00+00:00,weak_or_review/review_tip_offset_+3/eth3m_20260330T171200Z_review_tip_offset_+3_t047_c21.png,2cabcbf0e566ff1a0aa85fef7872626f03d953d86a146b6239fc375c85bc0bb1
eth3m_20260330T173600Z_review_original_v10_time_t047_c21,,,p012,calibration_p012_t047,47,21,review_original_v10_time,11,original_v10_time_is_not_owner_confirmed_current_tip_label,withheld_from_train_val_original_v10_not_current_T_confirmation,2026-03-30T17:36:00+00:00,2026-03-30T07:39:00+00:00,2026-03-30T17:36:00+00:00,weak_or_review/review_original_v10_time/eth3m_20260330T173600Z_review_original_v10_time_t047_c21.png,bb35d2ca38b998cadc095a1a246c73d65aeaec1872f99f8df83cf2696c182670
eth3m_20260331T082400Z_review_tip_offset_-1_t130_c24,,,p013,calibration_p013_t130,130,24,review_tip_offset_-1,-1,tip_geometry_offset_is_not_owner_confirmed_current_tip_label,withheld_from_train_val_geometry_offset_not_lifetime,2026-03-31T08:24:00+00:00,2026-03-30T22:27:00+00:00,2026-03-31T08:24:00+00:00,weak_or_review/review_tip_offset_-1/eth3m_20260331T082400Z_review_tip_offset_-1_t130_c24.png,ece4337c33867c256dd510e0322eb9dc5349f552e3533f9113c506f443736b12
eth3m_20260331T083000Z_review_tip_offset_+1_t130_c24,,,p013,calibration_p013_t130,130,24,review_tip_offset_+1,1,tip_geometry_offset_is_not_owner_confirmed_current_tip_label,withheld_from_train_val_geometry_offset_not_lifetime,2026-03-31T08:30:00+00:00,2026-03-30T22:33:00+00:00,2026-03-31T08:30:00+00:00,weak_or_review/review_tip_offset_+1/eth3m_20260331T083000Z_review_tip_offset_+1_t130_c24.png,d7b9bac17e91f78d606f1efdbca9718b617bba27db5156d9a93670c40a5f053a
eth3m_20260331T083300Z_review_tip_offset_+2_t130_c24,,,p013,calibration_p013_t130,130,24,review_tip_offset_+2,2,tip_geometry_offset_is_not_owner_confirmed_current_tip_label,withheld_from_train_val_geometry_offset_not_lifetime,2026-03-31T08:33:00+00:00,2026-03-30T22:36:00+00:00,2026-03-31T08:33:00+00:00,weak_or_review/review_tip_offset_+2/eth3m_20260331T083300Z_review_tip_offset_+2_t130_c24.png,ae49778d5f714abedb91f5bacd5d32b6c11428a1fc4b9e12a37b91461984280b
eth3m_20260331T083600Z_review_tip_offset_+3_t130_c24,,,p013,calibration_p013_t130,130,24,review_tip_offset_+3,3,tip_geometry_offset_is_not_owner_confirmed_current_tip_label,withheld_from_train_val_geometry_offset_not_lifetime,2026-03-31T08:36:00+00:00,2026-03-30T22:39:00+00:00,2026-03-31T08:36:00+00:00,weak_or_review/review_tip_offset_+3/eth3m_20260331T083600Z_review_tip_offset_+3_t130_c24.png,ca1c0f4e6603f85074c3e2fc529c5b315963204956cf508cb330e253e712ac23
eth3m_20260331T084200Z_review_original_v10_time_t130_c24,,,p013,calibration_p013_t130,130,24,review_original_v10_time,5,original_v10_time_is_not_owner_confirmed_current_tip_label,withheld_from_train_val_original_v10_not_current_T_confirmation,2026-03-31T08:42:00+00:00,2026-03-30T22:45:00+00:00,2026-03-31T08:42:00+00:00,weak_or_review/review_original_v10_time/eth3m_20260331T084200Z_review_original_v10_time_t130_c24.png,d041ecd4e4f5e8dfc3d84f14eafec750355ec7b92e73343116d8f1df28649331
eth3m_20260403T122700Z_review_tip_offset_-1_t132_c28,,,p014,calibration_p014_t132,132,28,review_tip_offset_-1,-1,tip_geometry_offset_is_not_owner_confirmed_current_tip_label,withheld_from_train_val_geometry_offset_not_lifetime,2026-04-03T12:27:00+00:00,2026-04-03T02:30:00+00:00,2026-04-03T12:27:00+00:00,weak_or_review/review_tip_offset_-1/eth3m_20260403T122700Z_review_tip_offset_-1_t132_c28.png,08f98b2776cbbfc3b7d7c324250c8bc04a1817f70a00edaffeca34b94660ef0f
eth3m_20260403T123300Z_review_tip_offset_+1_t132_c28,,,p014,calibration_p014_t132,132,28,review_tip_offset_+1,1,tip_geometry_offset_is_not_owner_confirmed_current_tip_label,withheld_from_train_val_geometry_offset_not_lifetime,2026-04-03T12:33:00+00:00,2026-04-03T02:36:00+00:00,2026-04-03T12:33:00+00:00,weak_or_review/review_tip_offset_+1/eth3m_20260403T123300Z_review_tip_offset_+1_t132_c28.png,3ca4b4413e3176ed931b1c4ba097134411304afb0997fddd96e22802fb0ac13c
eth3m_20260403T123600Z_review_tip_offset_+2_t132_c28,,,p014,calibration_p014_t132,132,28,review_tip_offset_+2,2,tip_geometry_offset_is_not_owner_confirmed_current_tip_label,withheld_from_train_val_geometry_offset_not_lifetime,2026-04-03T12:36:00+00:00,2026-04-03T02:39:00+00:00,2026-04-03T12:36:00+00:00,weak_or_review/review_tip_offset_+2/eth3m_20260403T123600Z_review_tip_offset_+2_t132_c28.png,61eab3f6b416f067572bcf4104350ec855386edd2433af81a652c056149b74a5
eth3m_20260403T123900Z_review_tip_offset_+3_t132_c28,,,p014,calibration_p014_t132,132,28,review_tip_offset_+3,3,tip_geometry_offset_is_not_owner_confirmed_current_tip_label,withheld_from_train_val_geometry_offset_not_lifetime,2026-04-03T12:39:00+00:00,2026-04-03T02:42:00+00:00,2026-04-03T12:39:00+00:00,weak_or_review/review_tip_offset_+3/eth3m_20260403T123900Z_review_tip_offset_+3_t132_c28.png,9d3e8160c148693f0ca6a1940c785f213d08699646844d3fd0597bb9b7509975
eth3m_20260403T130600Z_review_original_v10_time_t132_c28,,,p014,calibration_p014_t132,132,28,review_original_v10_time,12,original_v10_time_is_not_owner_confirmed_current_tip_label,withheld_from_train_val_original_v10_not_current_T_confirmation,2026-04-03T13:06:00+00:00,2026-04-03T03:09:00+00:00,2026-04-03T13:06:00+00:00,weak_or_review/review_original_v10_time/eth3m_20260403T130600Z_review_original_v10_time_t132_c28.png,6bf401f1f36525f97567d7e78a4d7e9ce0615b379bd48def0ef4a7aa66174dc0
eth3m_20260406T165100Z_review_tip_offset_-1_t124_c25,,,p015,calibration_p015_t124,124,25,review_tip_offset_-1,-1,tip_geometry_offset_is_not_owner_confirmed_current_tip_label,withheld_from_train_val_geometry_offset_not_lifetime,2026-04-06T16:51:00+00:00,2026-04-06T06:54:00+00:00,2026-04-06T16:51:00+00:00,weak_or_review/review_tip_offset_-1/eth3m_20260406T165100Z_review_tip_offset_-1_t124_c25.png,43f7ae87982e6e105fddebacb360c9fa63244300d07927fba186069ae93b38fa
eth3m_20260406T165700Z_review_tip_offset_+1_t124_c25,,,p015,calibration_p015_t124,124,25,review_tip_offset_+1,1,tip_geometry_offset_is_not_owner_confirmed_current_tip_label,withheld_from_train_val_geometry_offset_not_lifetime,2026-04-06T16:57:00+00:00,2026-04-06T07:00:00+00:00,2026-04-06T16:57:00+00:00,weak_or_review/review_tip_offset_+1/eth3m_20260406T165700Z_review_tip_offset_+1_t124_c25.png,3a4c784a65b6d13faeecd31ee85706b199f7bee63fff890abeaf0503dbd20b47
eth3m_20260406T170000Z_review_original_v10_time_t124_c25,,,p015,calibration_p015_t124,124,25,review_original_v10_time,2,original_v10_time_is_not_owner_confirmed_current_tip_label,withheld_from_train_val_original_v10_not_current_T_confirmation,2026-04-06T17:00:00+00:00,2026-04-06T07:03:00+00:00,2026-04-06T17:00:00+00:00,weak_or_review/review_original_v10_time/eth3m_20260406T170000Z_review_original_v10_time_t124_c25.png,2423d80fbc02442f4b8beca0ce0e908127661fa8f42946c50f071bfb07f5bee2
eth3m_20260406T170000Z_review_tip_offset_+2_t124_c25,,,p015,calibration_p015_t124,124,25,review_tip_offset_+2,2,tip_geometry_offset_is_not_owner_confirmed_current_tip_label,withheld_from_train_val_geometry_offset_not_lifetime,2026-04-06T17:00:00+00:00,2026-04-06T07:03:00+00:00,2026-04-06T17:00:00+00:00,weak_or_review/review_tip_offset_+2/eth3m_20260406T170000Z_review_tip_offset_+2_t124_c25.png,2423d80fbc02442f4b8beca0ce0e908127661fa8f42946c50f071bfb07f5bee2
eth3m_20260406T170300Z_review_tip_offset_+3_t124_c25,,,p015,calibration_p015_t124,124,25,review_tip_offset_+3,3,tip_geometry_offset_is_not_owner_confirmed_current_tip_label,withheld_from_train_val_geometry_offset_not_lifetime,2026-04-06T17:03:00+00:00,2026-04-06T07:06:00+00:00,2026-04-06T17:03:00+00:00,weak_or_review/review_tip_offset_+3/eth3m_20260406T170300Z_review_tip_offset_+3_t124_c25.png,71753a59c62cb97b491df7aa2b68a854aca1cf03bf66a3b399cd7eab14e847dd
eth3m_20260408T132700Z_review_tip_offset_-1_t024_c22,,,p016,calibration_p016_t024,24,22,review_tip_offset_-1,-1,tip_geometry_offset_is_not_owner_confirmed_current_tip_label,withheld_from_train_val_geometry_offset_not_lifetime,2026-04-08T13:27:00+00:00,2026-04-08T03:30:00+00:00,2026-04-08T13:27:00+00:00,weak_or_review/review_tip_offset_-1/eth3m_20260408T132700Z_review_tip_offset_-1_t024_c22.png,7fadc3440a4e1c3da3ec213c879d7b519a568b5eb3d20631f9acd48a3443fd61
eth3m_20260408T133300Z_review_tip_offset_+1_t024_c22,,,p016,calibration_p016_t024,24,22,review_tip_offset_+1,1,tip_geometry_offset_is_not_owner_confirmed_current_tip_label,withheld_from_train_val_geometry_offset_not_lifetime,2026-04-08T13:33:00+00:00,2026-04-08T03:36:00+00:00,2026-04-08T13:33:00+00:00,weak_or_review/review_tip_offset_+1/eth3m_20260408T133300Z_review_tip_offset_+1_t024_c22.png,04983fa6382e0095fb82014a6438ea63b0341487858c291552cbbca6c949ac6d
eth3m_20260408T133600Z_review_tip_offset_+2_t024_c22,,,p016,calibration_p016_t024,24,22,review_tip_offset_+2,2,tip_geometry_offset_is_not_owner_confirmed_current_tip_label,withheld_from_train_val_geometry_offset_not_lifetime,2026-04-08T13:36:00+00:00,2026-04-08T03:39:00+00:00,2026-04-08T13:36:00+00:00,weak_or_review/review_tip_offset_+2/eth3m_20260408T133600Z_review_tip_offset_+2_t024_c22.png,77636e783a263e9a3ef5ce91c26db9ac23f06ffac9ca95a87070aeaa4082e26e
eth3m_20260408T133900Z_review_tip_offset_+3_t024_c22,,,p016,calibration_p016_t024,24,22,review_tip_offset_+3,3,tip_geometry_offset_is_not_owner_confirmed_current_tip_label,withheld_from_train_val_geometry_offset_not_lifetime,2026-04-08T13:39:00+00:00,2026-04-08T03:42:00+00:00,2026-04-08T13:39:00+00:00,weak_or_review/review_tip_offset_+3/eth3m_20260408T133900Z_review_tip_offset_+3_t024_c22.png,77a4e5f007543922f16af9db3ae0641b35a9b8a6c6d4e18706279770afccbf74
eth3m_20260408T134200Z_review_original_v10_time_t024_c22,,,p016,calibration_p016_t024,24,22,review_original_v10_time,4,original_v10_time_is_not_owner_confirmed_current_tip_label,withheld_from_train_val_original_v10_not_current_T_confirmation,2026-04-08T13:42:00+00:00,2026-04-08T03:45:00+00:00,2026-04-08T13:42:00+00:00,weak_or_review/review_original_v10_time/eth3m_20260408T134200Z_review_original_v10_time_t024_c22.png,1f15152bc2f62bec88def27104c70501261e49acbc5acb658f82837527154efe
eth3m_20260408T222100Z_review_tip_offset_-1_t025_c18,,,p017,calibration_p017_t025,25,18,review_tip_offset_-1,-1,tip_geometry_offset_is_not_owner_confirmed_current_tip_label,withheld_from_train_val_geometry_offset_not_lifetime,2026-04-08T22:21:00+00:00,2026-04-08T12:24:00+00:00,2026-04-08T22:21:00+00:00,weak_or_review/review_tip_offset_-1/eth3m_20260408T222100Z_review_tip_offset_-1_t025_c18.png,646cfcb2fc51d092ed95d7fe36db77e2d3491f1630672d2ffc751e35f91c7d39
eth3m_20260408T222700Z_review_tip_offset_+1_t025_c18,,,p017,calibration_p017_t025,25,18,review_tip_offset_+1,1,tip_geometry_offset_is_not_owner_confirmed_current_tip_label,withheld_from_train_val_geometry_offset_not_lifetime,2026-04-08T22:27:00+00:00,2026-04-08T12:30:00+00:00,2026-04-08T22:27:00+00:00,weak_or_review/review_tip_offset_+1/eth3m_20260408T222700Z_review_tip_offset_+1_t025_c18.png,b5fe0f077ce08c32235d0545d0d5bc03d9f44514c471932dacb4350fc22cbf2e
eth3m_20260408T223000Z_review_tip_offset_+2_t025_c18,,,p017,calibration_p017_t025,25,18,review_tip_offset_+2,2,tip_geometry_offset_is_not_owner_confirmed_current_tip_label,withheld_from_train_val_geometry_offset_not_lifetime,2026-04-08T22:30:00+00:00,2026-04-08T12:33:00+00:00,2026-04-08T22:30:00+00:00,weak_or_review/review_tip_offset_+2/eth3m_20260408T223000Z_review_tip_offset_+2_t025_c18.png,9964356a93a8f48b95bc68907d25ebbb50a24980a855f3de5b1cd861e0dc25a7
eth3m_20260408T223300Z_review_tip_offset_+3_t025_c18,,,p017,calibration_p017_t025,25,18,review_tip_offset_+3,3,tip_geometry_offset_is_not_owner_confirmed_current_tip_label,withheld_from_train_val_geometry_offset_not_lifetime,2026-04-08T22:33:00+00:00,2026-04-08T12:36:00+00:00,2026-04-08T22:33:00+00:00,weak_or_review/review_tip_offset_+3/eth3m_20260408T223300Z_review_tip_offset_+3_t025_c18.png,3766782c6d165631f7ccaf25672a148573ecea20acbe43c4b46f90bb8f1c9002
eth3m_20260408T230000Z_review_original_v10_time_t025_c18,,,p017,calibration_p017_t025,25,18,review_original_v10_time,12,original_v10_time_is_not_owner_confirmed_current_tip_label,withheld_from_train_val_original_v10_not_current_T_confirmation,2026-04-08T23:00:00+00:00,2026-04-08T13:03:00+00:00,2026-04-08T23:00:00+00:00,weak_or_review/review_original_v10_time/eth3m_20260408T230000Z_review_original_v10_time_t025_c18.png,99617619d0e69c622692337ad49422bc5e047a3a1f17160f556539044dc8d141
eth3m_20260409T224200Z_review_tip_offset_-1_t191_c01,,,p018,calibration_p018_t191,191,1,review_tip_offset_-1,-1,tip_geometry_offset_is_not_owner_confirmed_current_tip_label,withheld_from_train_val_geometry_offset_not_lifetime,2026-04-09T22:42:00+00:00,2026-04-09T12:45:00+00:00,2026-04-09T22:42:00+00:00,weak_or_review/review_tip_offset_-1/eth3m_20260409T224200Z_review_tip_offset_-1_t191_c01.png,24ffd3eb0859eb0f3487373d07004113f219854c11ef674dbe88ec15d9a9217b
eth3m_20260409T224800Z_review_tip_offset_+1_t191_c01,,,p018,calibration_p018_t191,191,1,review_tip_offset_+1,1,tip_geometry_offset_is_not_owner_confirmed_current_tip_label,withheld_from_train_val_geometry_offset_not_lifetime,2026-04-09T22:48:00+00:00,2026-04-09T12:51:00+00:00,2026-04-09T22:48:00+00:00,weak_or_review/review_tip_offset_+1/eth3m_20260409T224800Z_review_tip_offset_+1_t191_c01.png,88a0db9cd95b819b8f5217095fa005b03f864b1ddc0dd6b91fcd02bf77b7e108
eth3m_20260409T225100Z_review_tip_offset_+2_t191_c01,,,p018,calibration_p018_t191,191,1,review_tip_offset_+2,2,tip_geometry_offset_is_not_owner_confirmed_current_tip_label,withheld_from_train_val_geometry_offset_not_lifetime,2026-04-09T22:51:00+00:00,2026-04-09T12:54:00+00:00,2026-04-09T22:51:00+00:00,weak_or_review/review_tip_offset_+2/eth3m_20260409T225100Z_review_tip_offset_+2_t191_c01.png,e8dedc9053111828510635d54ed8c7f4ed5bc3187cf456d899f4e08157574578
eth3m_20260409T225400Z_review_tip_offset_+3_t191_c01,,,p018,calibration_p018_t191,191,1,review_tip_offset_+3,3,tip_geometry_offset_is_not_owner_confirmed_current_tip_label,withheld_from_train_val_geometry_offset_not_lifetime,2026-04-09T22:54:00+00:00,2026-04-09T12:57:00+00:00,2026-04-09T22:54:00+00:00,weak_or_review/review_tip_offset_+3/eth3m_20260409T225400Z_review_tip_offset_+3_t191_c01.png,07db1c1c39ecb0081cd0dda0204e4af73bd4c8aa0b4800af1209d2890da4a4cd
eth3m_20260409T231500Z_review_original_v10_time_t191_c01,,,p018,calibration_p018_t191,191,1,review_original_v10_time,10,original_v10_time_is_not_owner_confirmed_current_tip_label,withheld_from_train_val_original_v10_not_current_T_confirmation,2026-04-09T23:15:00+00:00,2026-04-09T13:18:00+00:00,2026-04-09T23:15:00+00:00,weak_or_review/review_original_v10_time/eth3m_20260409T231500Z_review_original_v10_time_t191_c01.png,84ed8b21dda6e7c92a68eccb5f6f3e9536e7adbb28709e7309aa9dc4080ec385
eth3m_20260414T143600Z_review_tip_offset_-1_t091_c11,,,p019,calibration_p019_t091,91,11,review_tip_offset_-1,-1,tip_geometry_offset_is_not_owner_confirmed_current_tip_label,withheld_from_train_val_geometry_offset_not_lifetime,2026-04-14T14:36:00+00:00,2026-04-14T04:39:00+00:00,2026-04-14T14:36:00+00:00,weak_or_review/review_tip_offset_-1/eth3m_20260414T143600Z_review_tip_offset_-1_t091_c11.png,ae9a46bb46b399a6bc997420db75134fd33dbbf130a10083d0e008a8709031c6
eth3m_20260414T144200Z_review_tip_offset_+1_t091_c11,,,p019,calibration_p019_t091,91,11,review_tip_offset_+1,1,tip_geometry_offset_is_not_owner_confirmed_current_tip_label,withheld_from_train_val_geometry_offset_not_lifetime,2026-04-14T14:42:00+00:00,2026-04-14T04:45:00+00:00,2026-04-14T14:42:00+00:00,weak_or_review/review_tip_offset_+1/eth3m_20260414T144200Z_review_tip_offset_+1_t091_c11.png,9ca7e22f1d4f2f77b42204de3c6684b69221d78cacc680ca2430c7b08faf7265
eth3m_20260414T144500Z_review_tip_offset_+2_t091_c11,,,p019,calibration_p019_t091,91,11,review_tip_offset_+2,2,tip_geometry_offset_is_not_owner_confirmed_current_tip_label,withheld_from_train_val_geometry_offset_not_lifetime,2026-04-14T14:45:00+00:00,2026-04-14T04:48:00+00:00,2026-04-14T14:45:00+00:00,weak_or_review/review_tip_offset_+2/eth3m_20260414T144500Z_review_tip_offset_+2_t091_c11.png,932ba46dd45a10d0443ecb3e13193061f8a6fe6ab67837deff2b891b4af6c021
eth3m_20260414T144800Z_review_tip_offset_+3_t091_c11,,,p019,calibration_p019_t091,91,11,review_tip_offset_+3,3,tip_geometry_offset_is_not_owner_confirmed_current_tip_label,withheld_from_train_val_geometry_offset_not_lifetime,2026-04-14T14:48:00+00:00,2026-04-14T04:51:00+00:00,2026-04-14T14:48:00+00:00,weak_or_review/review_tip_offset_+3/eth3m_20260414T144800Z_review_tip_offset_+3_t091_c11.png,05af83b0234dc0931857a8a631a71ab32129905d6540ca617f4e11765c112c83
eth3m_20260414T145100Z_review_original_v10_time_t091_c11,,,p019,calibration_p019_t091,91,11,review_original_v10_time,4,original_v10_time_is_not_owner_confirmed_current_tip_label,withheld_from_train_val_original_v10_not_current_T_confirmation,2026-04-14T14:51:00+00:00,2026-04-14T04:54:00+00:00,2026-04-14T14:51:00+00:00,weak_or_review/review_original_v10_time/eth3m_20260414T145100Z_review_original_v10_time_t091_c11.png,153b92135cc0de239c7dfc089caaf0cd17016a67e178dee89441f71b4c69a113
eth3m_20260414T161500Z_review_tip_offset_-1_t153_c23,,,p019,calibration_p019_t153,153,23,review_tip_offset_-1,-1,tip_geometry_offset_is_not_owner_confirmed_current_tip_label,withheld_from_train_val_geometry_offset_not_lifetime,2026-04-14T16:15:00+00:00,2026-04-14T06:18:00+00:00,2026-04-14T16:15:00+00:00,weak_or_review/review_tip_offset_-1/eth3m_20260414T161500Z_review_tip_offset_-1_t153_c23.png,5c37e1d4a6997d9f9c2788a8360daa13663ab455cfc3c13849345db75dd2ff47
eth3m_20260414T162100Z_review_tip_offset_+1_t153_c23,,,p019,calibration_p019_t153,153,23,review_tip_offset_+1,1,tip_geometry_offset_is_not_owner_confirmed_current_tip_label,withheld_from_train_val_geometry_offset_not_lifetime,2026-04-14T16:21:00+00:00,2026-04-14T06:24:00+00:00,2026-04-14T16:21:00+00:00,weak_or_review/review_tip_offset_+1/eth3m_20260414T162100Z_review_tip_offset_+1_t153_c23.png,9e2e83f3bee75fe21d9893a834c922af86ff815f76a294b53f3084ef2fee9838
eth3m_20260414T162400Z_review_tip_offset_+2_t153_c23,,,p019,calibration_p019_t153,153,23,review_tip_offset_+2,2,tip_geometry_offset_is_not_owner_confirmed_current_tip_label,withheld_from_train_val_geometry_offset_not_lifetime,2026-04-14T16:24:00+00:00,2026-04-14T06:27:00+00:00,2026-04-14T16:24:00+00:00,weak_or_review/review_tip_offset_+2/eth3m_20260414T162400Z_review_tip_offset_+2_t153_c23.png,240d8bafb680b9367e3bda3be19d0257cbef2231ced52eb1eb94b090992c1c93
eth3m_20260414T162700Z_review_tip_offset_+3_t153_c23,,,p019,calibration_p019_t153,153,23,review_tip_offset_+3,3,tip_geometry_offset_is_not_owner_confirmed_current_tip_label,withheld_from_train_val_geometry_offset_not_lifetime,2026-04-14T16:27:00+00:00,2026-04-14T06:30:00+00:00,2026-04-14T16:27:00+00:00,weak_or_review/review_tip_offset_+3/eth3m_20260414T162700Z_review_tip_offset_+3_t153_c23.png,bbcc6f626000349a2cb2471eb63da5c5d4f1cdda72b4e525056a84fc4672b7b0
eth3m_20260414T165700Z_review_original_v10_time_t153_c23,,,p019,calibration_p019_t153,153,23,review_original_v10_time,13,original_v10_time_is_not_owner_confirmed_current_tip_label,withheld_from_train_val_original_v10_not_current_T_confirmation,2026-04-14T16:57:00+00:00,2026-04-14T07:00:00+00:00,2026-04-14T16:57:00+00:00,weak_or_review/review_original_v10_time/eth3m_20260414T165700Z_review_original_v10_time_t153_c23.png,571afe069a063aa9dcc594a1a7f83e55f06f859097997a5b6d74f3859fd28f8b
eth3m_20260416T133900Z_review_tip_offset_-1_t090_c02,,,p020,calibration_p020_t090,90,2,review_tip_offset_-1,-1,tip_geometry_offset_is_not_owner_confirmed_current_tip_label,withheld_from_train_val_geometry_offset_not_lifetime,2026-04-16T13:39:00+00:00,2026-04-16T03:42:00+00:00,2026-04-16T13:39:00+00:00,weak_or_review/review_tip_offset_-1/eth3m_20260416T133900Z_review_tip_offset_-1_t090_c02.png,0748d77a0611479c33d3ec45ca51e19e74c7bca448ba3b8bda5aae1cdc5294ba
eth3m_20260416T134500Z_review_tip_offset_+1_t090_c02,,,p020,calibration_p020_t090,90,2,review_tip_offset_+1,1,tip_geometry_offset_is_not_owner_confirmed_current_tip_label,withheld_from_train_val_geometry_offset_not_lifetime,2026-04-16T13:45:00+00:00,2026-04-16T03:48:00+00:00,2026-04-16T13:45:00+00:00,weak_or_review/review_tip_offset_+1/eth3m_20260416T134500Z_review_tip_offset_+1_t090_c02.png,0ef17c0a0d37b2cd1e923b65ba7c6282cc8ff3b7387f8a6d01308bb75587e3d5
eth3m_20260416T134800Z_review_tip_offset_+2_t090_c02,,,p020,calibration_p020_t090,90,2,review_tip_offset_+2,2,tip_geometry_offset_is_not_owner_confirmed_current_tip_label,withheld_from_train_val_geometry_offset_not_lifetime,2026-04-16T13:48:00+00:00,2026-04-16T03:51:00+00:00,2026-04-16T13:48:00+00:00,weak_or_review/review_tip_offset_+2/eth3m_20260416T134800Z_review_tip_offset_+2_t090_c02.png,84c3413883aaf9dc7e95001c165d12fd644d75b5db90d7e022a2b81b2bc1fab6
eth3m_20260416T135100Z_review_tip_offset_+3_t090_c02,,,p020,calibration_p020_t090,90,2,review_tip_offset_+3,3,tip_geometry_offset_is_not_owner_confirmed_current_tip_label,withheld_from_train_val_geometry_offset_not_lifetime,2026-04-16T13:51:00+00:00,2026-04-16T03:54:00+00:00,2026-04-16T13:51:00+00:00,weak_or_review/review_tip_offset_+3/eth3m_20260416T135100Z_review_tip_offset_+3_t090_c02.png,2fd1adda8355befbef093c3c9802b1de8bc6efe0be6d1febf61b839899b65d06
eth3m_20260416T140600Z_review_original_v10_time_t090_c02,,,p020,calibration_p020_t090,90,2,review_original_v10_time,8,original_v10_time_is_not_owner_confirmed_current_tip_label,withheld_from_train_val_original_v10_not_current_T_confirmation,2026-04-16T14:06:00+00:00,2026-04-16T04:09:00+00:00,2026-04-16T14:06:00+00:00,weak_or_review/review_original_v10_time/eth3m_20260416T140600Z_review_original_v10_time_t090_c02.png,5472028dbd9d4748f0c09b9fa91ce945fab7f70d81a95e6e3d9b0ac4dffe8f92
eth3m_20260418T073600Z_review_tip_offset_-1_t169_c09,,,p021,calibration_p021_t169,169,9,review_tip_offset_-1,-1,tip_geometry_offset_is_not_owner_confirmed_current_tip_label,withheld_from_train_val_geometry_offset_not_lifetime,2026-04-18T07:36:00+00:00,2026-04-17T21:39:00+00:00,2026-04-18T07:36:00+00:00,weak_or_review/review_tip_offset_-1/eth3m_20260418T073600Z_review_tip_offset_-1_t169_c09.png,0b4f303f1df1416c5a5ce205e41dae540597d14d31ced075b201284656ed724f
eth3m_20260418T074200Z_review_tip_offset_+1_t169_c09,,,p021,calibration_p021_t169,169,9,review_tip_offset_+1,1,tip_geometry_offset_is_not_owner_confirmed_current_tip_label,withheld_from_train_val_geometry_offset_not_lifetime,2026-04-18T07:42:00+00:00,2026-04-17T21:45:00+00:00,2026-04-18T07:42:00+00:00,weak_or_review/review_tip_offset_+1/eth3m_20260418T074200Z_review_tip_offset_+1_t169_c09.png,c16bef4031ad949d8214807294d2d6f298c466b2cce2cec3407c93d953c2ecef
eth3m_20260418T074500Z_review_tip_offset_+2_t169_c09,,,p021,calibration_p021_t169,169,9,review_tip_offset_+2,2,tip_geometry_offset_is_not_owner_confirmed_current_tip_label,withheld_from_train_val_geometry_offset_not_lifetime,2026-04-18T07:45:00+00:00,2026-04-17T21:48:00+00:00,2026-04-18T07:45:00+00:00,weak_or_review/review_tip_offset_+2/eth3m_20260418T074500Z_review_tip_offset_+2_t169_c09.png,1a571ac2e5bcb8b27412117dc754967ca088a8081b920a1c6ddf6a374725cbfb
eth3m_20260418T074800Z_review_tip_offset_+3_t169_c09,,,p021,calibration_p021_t169,169,9,review_tip_offset_+3,3,tip_geometry_offset_is_not_owner_confirmed_current_tip_label,withheld_from_train_val_geometry_offset_not_lifetime,2026-04-18T07:48:00+00:00,2026-04-17T21:51:00+00:00,2026-04-18T07:48:00+00:00,weak_or_review/review_tip_offset_+3/eth3m_20260418T074800Z_review_tip_offset_+3_t169_c09.png,1ccfc253b1c437745862f7df7479a7fb085a674cee0149ebf45f282b9dda1b2d
eth3m_20260418T081800Z_review_original_v10_time_t169_c09,,,p021,calibration_p021_t169,169,9,review_original_v10_time,13,original_v10_time_is_not_owner_confirmed_current_tip_label,withheld_from_train_val_original_v10_not_current_T_confirmation,2026-04-18T08:18:00+00:00,2026-04-17T22:21:00+00:00,2026-04-18T08:18:00+00:00,weak_or_review/review_original_v10_time/eth3m_20260418T081800Z_review_original_v10_time_t169_c09.png,fd12e0d2d9446751aaa0114b9efb1f31160ca2f5c1346f8216b0d6624109d2fb
eth3m_20260419T160900Z_review_tip_offset_-1_t015_c10,,,p022,calibration_p022_t015,15,10,review_tip_offset_-1,-1,tip_geometry_offset_is_not_owner_confirmed_current_tip_label,withheld_from_train_val_geometry_offset_not_lifetime,2026-04-19T16:09:00+00:00,2026-04-19T06:12:00+00:00,2026-04-19T16:09:00+00:00,weak_or_review/review_tip_offset_-1/eth3m_20260419T160900Z_review_tip_offset_-1_t015_c10.png,b0df6be2ed4be39318fd7edd85e0ac4ef060bdee29437431ac5079d14682f32b
eth3m_20260419T161500Z_review_tip_offset_+1_t015_c10,,,p022,calibration_p022_t015,15,10,review_tip_offset_+1,1,tip_geometry_offset_is_not_owner_confirmed_current_tip_label,withheld_from_train_val_geometry_offset_not_lifetime,2026-04-19T16:15:00+00:00,2026-04-19T06:18:00+00:00,2026-04-19T16:15:00+00:00,weak_or_review/review_tip_offset_+1/eth3m_20260419T161500Z_review_tip_offset_+1_t015_c10.png,5ea60e337bfd4a0732ac424e4d97361e340a79f386f11947523d991d5376dffb
eth3m_20260419T161800Z_review_tip_offset_+2_t015_c10,,,p022,calibration_p022_t015,15,10,review_tip_offset_+2,2,tip_geometry_offset_is_not_owner_confirmed_current_tip_label,withheld_from_train_val_geometry_offset_not_lifetime,2026-04-19T16:18:00+00:00,2026-04-19T06:21:00+00:00,2026-04-19T16:18:00+00:00,weak_or_review/review_tip_offset_+2/eth3m_20260419T161800Z_review_tip_offset_+2_t015_c10.png,344874b140a8e2c2844b5c6294380a421503ed9a9fc2d5414ccf533934c084d8
eth3m_20260419T162100Z_review_tip_offset_+3_t015_c10,,,p022,calibration_p022_t015,15,10,review_tip_offset_+3,3,tip_geometry_offset_is_not_owner_confirmed_current_tip_label,withheld_from_train_val_geometry_offset_not_lifetime,2026-04-19T16:21:00+00:00,2026-04-19T06:24:00+00:00,2026-04-19T16:21:00+00:00,weak_or_review/review_tip_offset_+3/eth3m_20260419T162100Z_review_tip_offset_+3_t015_c10.png,b80a26249fc031a063e7b1ee5d716d0db04f450a543074e48b75b622fba230b8
eth3m_20260419T165400Z_review_original_v10_time_t015_c10,,,p022,calibration_p022_t015,15,10,review_original_v10_time,14,original_v10_time_is_not_owner_confirmed_current_tip_label,withheld_from_train_val_original_v10_not_current_T_confirmation,2026-04-19T16:54:00+00:00,2026-04-19T06:57:00+00:00,2026-04-19T16:54:00+00:00,weak_or_review/review_original_v10_time/eth3m_20260419T165400Z_review_original_v10_time_t015_c10.png,d96f8c0d81002f2b9a0b6cb38160311a039386b4c1a7a6e61b4e138d2bac1735
eth3m_20260420T050300Z_review_tip_offset_-1_t033_c30,,,p023,calibration_p023_t033,33,30,review_tip_offset_-1,-1,tip_geometry_offset_is_not_owner_confirmed_current_tip_label,withheld_from_train_val_geometry_offset_not_lifetime,2026-04-20T05:03:00+00:00,2026-04-19T19:06:00+00:00,2026-04-20T05:03:00+00:00,weak_or_review/review_tip_offset_-1/eth3m_20260420T050300Z_review_tip_offset_-1_t033_c30.png,a42dceb179ab8ae014945aa5c67fe2bbe4f9f3d0d38642c1228b38823c93b98b
eth3m_20260420T050900Z_review_tip_offset_+1_t033_c30,,,p023,calibration_p023_t033,33,30,review_tip_offset_+1,1,tip_geometry_offset_is_not_owner_confirmed_current_tip_label,withheld_from_train_val_geometry_offset_not_lifetime,2026-04-20T05:09:00+00:00,2026-04-19T19:12:00+00:00,2026-04-20T05:09:00+00:00,weak_or_review/review_tip_offset_+1/eth3m_20260420T050900Z_review_tip_offset_+1_t033_c30.png,f962468012c2fa86a1c633ec5e2d3a33ce39ca77b9b2f455e7a0ac22d2681aef
eth3m_20260420T051200Z_review_tip_offset_+2_t033_c30,,,p023,calibration_p023_t033,33,30,review_tip_offset_+2,2,tip_geometry_offset_is_not_owner_confirmed_current_tip_label,withheld_from_train_val_geometry_offset_not_lifetime,2026-04-20T05:12:00+00:00,2026-04-19T19:15:00+00:00,2026-04-20T05:12:00+00:00,weak_or_review/review_tip_offset_+2/eth3m_20260420T051200Z_review_tip_offset_+2_t033_c30.png,6f0f108da221c080e6dc2a1fc0ea18260c7455b42cf830e1bd65b4952247feef
eth3m_20260420T051500Z_review_tip_offset_+3_t033_c30,,,p023,calibration_p023_t033,33,30,review_tip_offset_+3,3,tip_geometry_offset_is_not_owner_confirmed_current_tip_label,withheld_from_train_val_geometry_offset_not_lifetime,2026-04-20T05:15:00+00:00,2026-04-19T19:18:00+00:00,2026-04-20T05:15:00+00:00,weak_or_review/review_tip_offset_+3/eth3m_20260420T051500Z_review_tip_offset_+3_t033_c30.png,9890973cfd187d5fa831619bd678183d8195cf7613adfa6f5a35519444f9d6d3
eth3m_20260420T052400Z_review_original_v10_time_t033_c30,,,p023,calibration_p023_t033,33,30,review_original_v10_time,6,original_v10_time_is_not_owner_confirmed_current_tip_label,withheld_from_train_val_original_v10_not_current_T_confirmation,2026-04-20T05:24:00+00:00,2026-04-19T19:27:00+00:00,2026-04-20T05:24:00+00:00,weak_or_review/review_original_v10_time/eth3m_20260420T052400Z_review_original_v10_time_t033_c30.png,63253927cdfffb21b2c657a4935f9749a1cbd96172734855c623364b9e4b76a0
eth3m_20260423T073300Z_review_tip_offset_-1_t133_c26,,,p024,calibration_p024_t133,133,26,review_tip_offset_-1,-1,tip_geometry_offset_is_not_owner_confirmed_current_tip_label,withheld_from_train_val_geometry_offset_not_lifetime,2026-04-23T07:33:00+00:00,2026-04-22T21:36:00+00:00,2026-04-23T07:33:00+00:00,weak_or_review/review_tip_offset_-1/eth3m_20260423T073300Z_review_tip_offset_-1_t133_c26.png,e87f62c863687494fedced0e07a0022e4b67eb09acfead66a28f30dcac79e35d
eth3m_20260423T073900Z_review_tip_offset_+1_t133_c26,,,p024,calibration_p024_t133,133,26,review_tip_offset_+1,1,tip_geometry_offset_is_not_owner_confirmed_current_tip_label,withheld_from_train_val_geometry_offset_not_lifetime,2026-04-23T07:39:00+00:00,2026-04-22T21:42:00+00:00,2026-04-23T07:39:00+00:00,weak_or_review/review_tip_offset_+1/eth3m_20260423T073900Z_review_tip_offset_+1_t133_c26.png,4146d078f549671dc2aa5e955a81b2d6f7b0cbedb55b818161bac70e49668524
eth3m_20260423T074200Z_review_tip_offset_+2_t133_c26,,,p024,calibration_p024_t133,133,26,review_tip_offset_+2,2,tip_geometry_offset_is_not_owner_confirmed_current_tip_label,withheld_from_train_val_geometry_offset_not_lifetime,2026-04-23T07:42:00+00:00,2026-04-22T21:45:00+00:00,2026-04-23T07:42:00+00:00,weak_or_review/review_tip_offset_+2/eth3m_20260423T074200Z_review_tip_offset_+2_t133_c26.png,d32d5edcf66a9b6776a1309e1184ce374fca0f2a8bb970eb3ae0d491739a118b
eth3m_20260423T074500Z_review_tip_offset_+3_t133_c26,,,p024,calibration_p024_t133,133,26,review_tip_offset_+3,3,tip_geometry_offset_is_not_owner_confirmed_current_tip_label,withheld_from_train_val_geometry_offset_not_lifetime,2026-04-23T07:45:00+00:00,2026-04-22T21:48:00+00:00,2026-04-23T07:45:00+00:00,weak_or_review/review_tip_offset_+3/eth3m_20260423T074500Z_review_tip_offset_+3_t133_c26.png,dd11a669e5524bda35b4c5581045b5d6690fe5996726dac502c8f5182550c5e9
eth3m_20260423T080300Z_review_original_v10_time_t133_c26,,,p024,calibration_p024_t133,133,26,review_original_v10_time,9,original_v10_time_is_not_owner_confirmed_current_tip_label,withheld_from_train_val_original_v10_not_current_T_confirmation,2026-04-23T08:03:00+00:00,2026-04-22T22:06:00+00:00,2026-04-23T08:03:00+00:00,weak_or_review/review_original_v10_time/eth3m_20260423T080300Z_review_original_v10_time_t133_c26.png,5d15f88284ab1c6e8958155f150ced8cc81476ee8ab27e58df6bec6713e2783a
eth3m_20260423T164800Z_review_tip_offset_-1_t022_c29,,,p025,calibration_p025_t022,22,29,review_tip_offset_-1,-1,tip_geometry_offset_is_not_owner_confirmed_current_tip_label,withheld_from_train_val_geometry_offset_not_lifetime,2026-04-23T16:48:00+00:00,2026-04-23T06:51:00+00:00,2026-04-23T16:48:00+00:00,weak_or_review/review_tip_offset_-1/eth3m_20260423T164800Z_review_tip_offset_-1_t022_c29.png,ae89ddc5884450631e1adafafdd7261bf54d897e289714375a1f49e4a8c703c6
eth3m_20260423T165400Z_review_tip_offset_+1_t022_c29,,,p025,calibration_p025_t022,22,29,review_tip_offset_+1,1,tip_geometry_offset_is_not_owner_confirmed_current_tip_label,withheld_from_train_val_geometry_offset_not_lifetime,2026-04-23T16:54:00+00:00,2026-04-23T06:57:00+00:00,2026-04-23T16:54:00+00:00,weak_or_review/review_tip_offset_+1/eth3m_20260423T165400Z_review_tip_offset_+1_t022_c29.png,732b1466c9f3e7948dd41724f358782654e70756a0a7821e6d40ae2aa6ecf6cd
eth3m_20260423T165700Z_review_tip_offset_+2_t022_c29,,,p025,calibration_p025_t022,22,29,review_tip_offset_+2,2,tip_geometry_offset_is_not_owner_confirmed_current_tip_label,withheld_from_train_val_geometry_offset_not_lifetime,2026-04-23T16:57:00+00:00,2026-04-23T07:00:00+00:00,2026-04-23T16:57:00+00:00,weak_or_review/review_tip_offset_+2/eth3m_20260423T165700Z_review_tip_offset_+2_t022_c29.png,5782d4ec51b2cdf9688fcd661fecc81c6e051e927c47f46c37a9b9ed6219052b
eth3m_20260423T170000Z_review_tip_offset_+3_t022_c29,,,p025,calibration_p025_t022,22,29,review_tip_offset_+3,3,tip_geometry_offset_is_not_owner_confirmed_current_tip_label,withheld_from_train_val_geometry_offset_not_lifetime,2026-04-23T17:00:00+00:00,2026-04-23T07:03:00+00:00,2026-04-23T17:00:00+00:00,weak_or_review/review_tip_offset_+3/eth3m_20260423T170000Z_review_tip_offset_+3_t022_c29.png,90ed4aebd892ec69cf2bdde3bac8c4516cfddd15737becf265abd6baecf25b3a
eth3m_20260423T170600Z_review_original_v10_time_t022_c29,,,p025,calibration_p025_t022,22,29,review_original_v10_time,5,original_v10_time_is_not_owner_confirmed_current_tip_label,withheld_from_train_val_original_v10_not_current_T_confirmation,2026-04-23T17:06:00+00:00,2026-04-23T07:09:00+00:00,2026-04-23T17:06:00+00:00,weak_or_review/review_original_v10_time/eth3m_20260423T170600Z_review_original_v10_time_t022_c29.png,1c0f97f807a584dae0f81f45ca5266f06bf9886566b0ba8e66eadeac11c1a6ba
eth3m_20260424T025700Z_review_tip_offset_-1_t126_c19,,,p026,calibration_p026_t126,126,19,review_tip_offset_-1,-1,tip_geometry_offset_is_not_owner_confirmed_current_tip_label,withheld_from_train_val_geometry_offset_not_lifetime,2026-04-24T02:57:00+00:00,2026-04-23T17:00:00+00:00,2026-04-24T02:57:00+00:00,weak_or_review/review_tip_offset_-1/eth3m_20260424T025700Z_review_tip_offset_-1_t126_c19.png,534a7ddbd21bb38bde9d56148712592d3fe17919604ca3b8cb75efba5cf2e978
eth3m_20260424T030300Z_review_tip_offset_+1_t126_c19,,,p026,calibration_p026_t126,126,19,review_tip_offset_+1,1,tip_geometry_offset_is_not_owner_confirmed_current_tip_label,withheld_from_train_val_geometry_offset_not_lifetime,2026-04-24T03:03:00+00:00,2026-04-23T17:06:00+00:00,2026-04-24T03:03:00+00:00,weak_or_review/review_tip_offset_+1/eth3m_20260424T030300Z_review_tip_offset_+1_t126_c19.png,480706d050d65702116a67e2c97dec5161d208298ab77c29e2277df1e46d3bb8
eth3m_20260424T030600Z_review_tip_offset_+2_t126_c19,,,p026,calibration_p026_t126,126,19,review_tip_offset_+2,2,tip_geometry_offset_is_not_owner_confirmed_current_tip_label,withheld_from_train_val_geometry_offset_not_lifetime,2026-04-24T03:06:00+00:00,2026-04-23T17:09:00+00:00,2026-04-24T03:06:00+00:00,weak_or_review/review_tip_offset_+2/eth3m_20260424T030600Z_review_tip_offset_+2_t126_c19.png,02ed1ca3065d865568b15a8fff94173b3086bc82068810eedc4e84ce09fb005d
eth3m_20260424T030900Z_review_tip_offset_+3_t126_c19,,,p026,calibration_p026_t126,126,19,review_tip_offset_+3,3,tip_geometry_offset_is_not_owner_confirmed_current_tip_label,withheld_from_train_val_geometry_offset_not_lifetime,2026-04-24T03:09:00+00:00,2026-04-23T17:12:00+00:00,2026-04-24T03:09:00+00:00,weak_or_review/review_tip_offset_+3/eth3m_20260424T030900Z_review_tip_offset_+3_t126_c19.png,c2711a9864516c8b909f721c3f8a9d61037d238cb8da6131c490b47205167ee1
eth3m_20260424T033900Z_review_original_v10_time_t126_c19,,,p026,calibration_p026_t126,126,19,review_original_v10_time,13,original_v10_time_is_not_owner_confirmed_current_tip_label,withheld_from_train_val_original_v10_not_current_T_confirmation,2026-04-24T03:39:00+00:00,2026-04-23T17:42:00+00:00,2026-04-24T03:39:00+00:00,weak_or_review/review_original_v10_time/eth3m_20260424T033900Z_review_original_v10_time_t126_c19.png,f4081b08e1e8777796f42fd32cc1dd251740a13eb80714574a3641f98a86f835
eth3m_20260427T145100Z_review_tip_offset_-1_t032_c15,,,p027,calibration_p027_t032,32,15,review_tip_offset_-1,-1,tip_geometry_offset_is_not_owner_confirmed_current_tip_label,withheld_from_train_val_geometry_offset_not_lifetime,2026-04-27T14:51:00+00:00,2026-04-27T04:54:00+00:00,2026-04-27T14:51:00+00:00,weak_or_review/review_tip_offset_-1/eth3m_20260427T145100Z_review_tip_offset_-1_t032_c15.png,56ce1e7ce1be33e6c0edf5317c54344b745122e6b024879a3bd70d54b052d1f2
eth3m_20260427T145700Z_review_tip_offset_+1_t032_c15,,,p027,calibration_p027_t032,32,15,review_tip_offset_+1,1,tip_geometry_offset_is_not_owner_confirmed_current_tip_label,withheld_from_train_val_geometry_offset_not_lifetime,2026-04-27T14:57:00+00:00,2026-04-27T05:00:00+00:00,2026-04-27T14:57:00+00:00,weak_or_review/review_tip_offset_+1/eth3m_20260427T145700Z_review_tip_offset_+1_t032_c15.png,52a618c0510fdd24ad275f63d7f96c02d9bf77b867e8f978f5503129b2161b93
eth3m_20260427T150000Z_review_tip_offset_+2_t032_c15,,,p027,calibration_p027_t032,32,15,review_tip_offset_+2,2,tip_geometry_offset_is_not_owner_confirmed_current_tip_label,withheld_from_train_val_geometry_offset_not_lifetime,2026-04-27T15:00:00+00:00,2026-04-27T05:03:00+00:00,2026-04-27T15:00:00+00:00,weak_or_review/review_tip_offset_+2/eth3m_20260427T150000Z_review_tip_offset_+2_t032_c15.png,44d4cb2e7df066d82b8526cd74485e8db03cbae4d74cb4d287e047c080293571
eth3m_20260427T150300Z_review_tip_offset_+3_t032_c15,,,p027,calibration_p027_t032,32,15,review_tip_offset_+3,3,tip_geometry_offset_is_not_owner_confirmed_current_tip_label,withheld_from_train_val_geometry_offset_not_lifetime,2026-04-27T15:03:00+00:00,2026-04-27T05:06:00+00:00,2026-04-27T15:03:00+00:00,weak_or_review/review_tip_offset_+3/eth3m_20260427T150300Z_review_tip_offset_+3_t032_c15.png,df63687ad8eade8b07322d7fc65be493124731b82c6ffe9975305a6a431c5183
eth3m_20260427T151200Z_review_original_v10_time_t032_c15,,,p027,calibration_p027_t032,32,15,review_original_v10_time,6,original_v10_time_is_not_owner_confirmed_current_tip_label,withheld_from_train_val_original_v10_not_current_T_confirmation,2026-04-27T15:12:00+00:00,2026-04-27T05:15:00+00:00,2026-04-27T15:12:00+00:00,weak_or_review/review_original_v10_time/eth3m_20260427T151200Z_review_original_v10_time_t032_c15.png,ff72a32c0d753c38cada941c08923fcfc6d4bfb4e6d541f8ee37004fda882151
eth3m_20260429T115700Z_review_tip_offset_-1_t011_c14,,,p028,calibration_p028_t011,11,14,review_tip_offset_-1,-1,tip_geometry_offset_is_not_owner_confirmed_current_tip_label,withheld_from_train_val_geometry_offset_not_lifetime,2026-04-29T11:57:00+00:00,2026-04-29T02:00:00+00:00,2026-04-29T11:57:00+00:00,weak_or_review/review_tip_offset_-1/eth3m_20260429T115700Z_review_tip_offset_-1_t011_c14.png,dafaae55e77cd4d9149f0eab5a9d18f981693876f54f8922fa9a1133a508bfb9
eth3m_20260429T120300Z_review_tip_offset_+1_t011_c14,,,p028,calibration_p028_t011,11,14,review_tip_offset_+1,1,tip_geometry_offset_is_not_owner_confirmed_current_tip_label,withheld_from_train_val_geometry_offset_not_lifetime,2026-04-29T12:03:00+00:00,2026-04-29T02:06:00+00:00,2026-04-29T12:03:00+00:00,weak_or_review/review_tip_offset_+1/eth3m_20260429T120300Z_review_tip_offset_+1_t011_c14.png,48db77309c57bd064d39be8f1b34b61391d2e7dcb51cae99fffba6eda37e1133
eth3m_20260429T120600Z_review_tip_offset_+2_t011_c14,,,p028,calibration_p028_t011,11,14,review_tip_offset_+2,2,tip_geometry_offset_is_not_owner_confirmed_current_tip_label,withheld_from_train_val_geometry_offset_not_lifetime,2026-04-29T12:06:00+00:00,2026-04-29T02:09:00+00:00,2026-04-29T12:06:00+00:00,weak_or_review/review_tip_offset_+2/eth3m_20260429T120600Z_review_tip_offset_+2_t011_c14.png,04a5322618c415e31dc38b653109bec814da32db345d82bf614f28027a26506e
eth3m_20260429T120900Z_review_tip_offset_+3_t011_c14,,,p028,calibration_p028_t011,11,14,review_tip_offset_+3,3,tip_geometry_offset_is_not_owner_confirmed_current_tip_label,withheld_from_train_val_geometry_offset_not_lifetime,2026-04-29T12:09:00+00:00,2026-04-29T02:12:00+00:00,2026-04-29T12:09:00+00:00,weak_or_review/review_tip_offset_+3/eth3m_20260429T120900Z_review_tip_offset_+3_t011_c14.png,92eb06e94980322e36ea2d7aefdc265119511808947afbd0a3fb9a6ecce6de0f
eth3m_20260429T122400Z_review_original_v10_time_t011_c14,,,p028,calibration_p028_t011,11,14,review_original_v10_time,8,original_v10_time_is_not_owner_confirmed_current_tip_label,withheld_from_train_val_original_v10_not_current_T_confirmation,2026-04-29T12:24:00+00:00,2026-04-29T02:27:00+00:00,2026-04-29T12:24:00+00:00,weak_or_review/review_original_v10_time/eth3m_20260429T122400Z_review_original_v10_time_t011_c14.png,3819e4b40914c0df7aae7ee21588cce98c127f5207865df4bfb36b9bccc3d21a
eth3m_20260501T201500Z_review_tip_offset_-1_t070_c04,,,p029,calibration_p029_t070,70,4,review_tip_offset_-1,-1,tip_geometry_offset_is_not_owner_confirmed_current_tip_label,withheld_from_train_val_geometry_offset_not_lifetime,2026-05-01T20:15:00+00:00,2026-05-01T10:18:00+00:00,2026-05-01T20:15:00+00:00,weak_or_review/review_tip_offset_-1/eth3m_20260501T201500Z_review_tip_offset_-1_t070_c04.png,ec3be49493a726567e01e57ca1315a8ba43827d6ee60ba7df7ed353c5d472ec1
eth3m_20260501T202100Z_review_tip_offset_+1_t070_c04,,,p029,calibration_p029_t070,70,4,review_tip_offset_+1,1,tip_geometry_offset_is_not_owner_confirmed_current_tip_label,withheld_from_train_val_geometry_offset_not_lifetime,2026-05-01T20:21:00+00:00,2026-05-01T10:24:00+00:00,2026-05-01T20:21:00+00:00,weak_or_review/review_tip_offset_+1/eth3m_20260501T202100Z_review_tip_offset_+1_t070_c04.png,335cfc9c25377fb4b20ba7af7b7fd81fe0c48efe317be0ada8e1de3ad2e990c7
eth3m_20260501T202400Z_review_tip_offset_+2_t070_c04,,,p029,calibration_p029_t070,70,4,review_tip_offset_+2,2,tip_geometry_offset_is_not_owner_confirmed_current_tip_label,withheld_from_train_val_geometry_offset_not_lifetime,2026-05-01T20:24:00+00:00,2026-05-01T10:27:00+00:00,2026-05-01T20:24:00+00:00,weak_or_review/review_tip_offset_+2/eth3m_20260501T202400Z_review_tip_offset_+2_t070_c04.png,a408943209c2127cf83f83d0d6f38d2ed283d51cfebc6a4aa6da40a5714350ba
eth3m_20260501T202700Z_review_tip_offset_+3_t070_c04,,,p029,calibration_p029_t070,70,4,review_tip_offset_+3,3,tip_geometry_offset_is_not_owner_confirmed_current_tip_label,withheld_from_train_val_geometry_offset_not_lifetime,2026-05-01T20:27:00+00:00,2026-05-01T10:30:00+00:00,2026-05-01T20:27:00+00:00,weak_or_review/review_tip_offset_+3/eth3m_20260501T202700Z_review_tip_offset_+3_t070_c04.png,9f39a2049c0a7b195c113271243a615395dfc6495a4dd514d82e7006da92141b
eth3m_20260501T205400Z_review_original_v10_time_t070_c04,,,p029,calibration_p029_t070,70,4,review_original_v10_time,12,original_v10_time_is_not_owner_confirmed_current_tip_label,withheld_from_train_val_original_v10_not_current_T_confirmation,2026-05-01T20:54:00+00:00,2026-05-01T10:57:00+00:00,2026-05-01T20:54:00+00:00,weak_or_review/review_original_v10_time/eth3m_20260501T205400Z_review_original_v10_time_t070_c04.png,c15d97e1550dfd460198961ec951351196a42757a277a6d72134e9ce4b2f8580
