ts,open,high,low,close,volume,open_time
1785981600000,0.02188,0.02194,0.02188,0.02188,7462,2026-08-06 02:00:00+00:00
1785982500000,0.02189,0.0219,0.02182,0.02189,26825,2026-08-06 02:15:00+00:00
1785983400000,0.02188,0.02194,0.02187,0.02194,9539,2026-08-06 02:30:00+00:00
1785984300000,0.02193,0.02198,0.02193,0.02196,4962,2026-08-06 02:45:00+00:00
1785985200000,0.02194,0.02194,0.02187,0.0219,12925,2026-08-06 03:00:00+00:00
1785986100000,0.02188,0.02193,0.02188,0.02193,5547,2026-08-06 03:15:00+00:00
1785987000000,0.02193,0.02194,0.02191,0.02193,3604,2026-08-06 03:30:00+00:00
1785987900000,0.02193,0.02198,0.02191,0.02198,4069,2026-08-06 03:45:00+00:00
1785988800000,0.02198,0.02205,0.0219,0.02196,45302,2026-08-06 04:00:00+00:00
1785989700000,0.02196,0.02208,0.02196,0.02206,17652,2026-08-06 04:15:00+00:00
1785990600000,0.02207,0.02209,0.02202,0.02202,9482,2026-08-06 04:30:00+00:00
1785991500000,0.02203,0.02205,0.02202,0.02202,9985,2026-08-06 04:45:00+00:00
1785992400000,0.02203,0.02215,0.02203,0.02212,6411,2026-08-06 05:00:00+00:00
1785993300000,0.02213,0.02213,0.02207,0.02208,5284,2026-08-06 05:15:00+00:00
1785994200000,0.02209,0.02212,0.02209,0.02209,5483,2026-08-06 05:30:00+00:00
1785995100000,0.0221,0.02214,0.02209,0.0221,17445,2026-08-06 05:45:00+00:00
1785996000000,0.02211,0.02217,0.02211,0.02212,13553,2026-08-06 06:00:00+00:00
1785996900000,0.02211,0.0222,0.02211,0.02218,5811,2026-08-06 06:15:00+00:00
1785997800000,0.02218,0.02225,0.02218,0.02223,12044,2026-08-06 06:30:00+00:00
1785998700000,0.02223,0.02225,0.02222,0.02223,2223,2026-08-06 06:45:00+00:00
1785999600000,0.02222,0.02226,0.02219,0.02224,16840,2026-08-06 07:00:00+00:00
1786000500000,0.02225,0.02233,0.02225,0.02233,11621,2026-08-06 07:15:00+00:00
1786001400000,0.02234,0.02257,0.02227,0.02241,210437,2026-08-06 07:30:00+00:00
1786002300000,0.02242,0.02244,0.02237,0.02241,18651,2026-08-06 07:45:00+00:00
1786003200000,0.02239,0.02244,0.02235,0.02237,37758,2026-08-06 08:00:00+00:00
1786004100000,0.02236,0.02236,0.0223,0.0223,11750,2026-08-06 08:15:00+00:00
1786005000000,0.02229,0.02248,0.02229,0.02247,38493,2026-08-06 08:30:00+00:00
1786005900000,0.02246,0.02246,0.02228,0.02235,39053,2026-08-06 08:45:00+00:00
1786006800000,0.02235,0.02237,0.02229,0.02229,20124,2026-08-06 09:00:00+00:00
1786007700000,0.0223,0.02243,0.02227,0.02229,27720,2026-08-06 09:15:00+00:00
1786008600000,0.02228,0.02229,0.02225,0.02225,10503,2026-08-06 09:30:00+00:00
1786009500000,0.02224,0.02228,0.02222,0.02228,13042,2026-08-06 09:45:00+00:00
1786010400000,0.02226,0.02231,0.02221,0.02222,9871,2026-08-06 10:00:00+00:00
1786011300000,0.02221,0.02221,0.0221,0.02212,41937,2026-08-06 10:15:00+00:00
1786012200000,0.02213,0.02215,0.02212,0.02212,3328,2026-08-06 10:30:00+00:00
1786013100000,0.02212,0.02212,0.02207,0.02207,3115,2026-08-06 10:45:00+00:00
1786014000000,0.02207,0.02208,0.02204,0.02206,15280,2026-08-06 11:00:00+00:00
1786014900000,0.02207,0.02219,0.02207,0.02218,11992,2026-08-06 11:15:00+00:00
1786015800000,0.02218,0.02219,0.02213,0.02213,1915,2026-08-06 11:30:00+00:00
1786016700000,0.02213,0.02213,0.02209,0.02211,4472,2026-08-06 11:45:00+00:00
1786017600000,0.02211,0.02214,0.0221,0.02212,10553,2026-08-06 12:00:00+00:00
1786018500000,0.02212,0.02212,0.02207,0.02207,4402,2026-08-06 12:15:00+00:00
1786019400000,0.02208,0.02208,0.02204,0.02205,5252,2026-08-06 12:30:00+00:00
1786020300000,0.02205,0.02205,0.02194,0.02197,14166,2026-08-06 12:45:00+00:00
1786021200000,0.02197,0.02197,0.02185,0.02192,31561,2026-08-06 13:00:00+00:00
1786022100000,0.02192,0.02198,0.02191,0.02194,24798,2026-08-06 13:15:00+00:00
1786023000000,0.02194,0.02207,0.02191,0.02207,9214,2026-08-06 13:30:00+00:00
1786023900000,0.02207,0.02208,0.02205,0.02205,14590,2026-08-06 13:45:00+00:00
1786024800000,0.02204,0.02217,0.02198,0.02211,51018,2026-08-06 14:00:00+00:00
1786025700000,0.0221,0.02215,0.02203,0.0221,19348,2026-08-06 14:15:00+00:00
1786026600000,0.02209,0.02218,0.02208,0.02216,7834,2026-08-06 14:30:00+00:00
1786027500000,0.02216,0.02216,0.02211,0.02212,5851,2026-08-06 14:45:00+00:00
1786028400000,0.02211,0.02211,0.02206,0.02208,7221,2026-08-06 15:00:00+00:00
1786029300000,0.02208,0.02212,0.02205,0.02207,8691,2026-08-06 15:15:00+00:00
1786030200000,0.02208,0.02209,0.02202,0.02202,10451,2026-08-06 15:30:00+00:00
1786031100000,0.02202,0.02204,0.02195,0.02197,15552,2026-08-06 15:45:00+00:00
1786032000000,0.02198,0.022,0.02192,0.02192,20637,2026-08-06 16:00:00+00:00
1786032900000,0.02193,0.02196,0.02191,0.02193,11768,2026-08-06 16:15:00+00:00
1786033800000,0.02193,0.02197,0.02191,0.02196,19948,2026-08-06 16:30:00+00:00
1786034700000,0.02195,0.022,0.02195,0.02197,8739,2026-08-06 16:45:00+00:00
1786035600000,0.02197,0.02208,0.02197,0.02198,17985,2026-08-06 17:00:00+00:00
1786036500000,0.02197,0.02198,0.02193,0.02193,3472,2026-08-06 17:15:00+00:00
1786037400000,0.02192,0.02197,0.02191,0.02195,14427,2026-08-06 17:30:00+00:00
1786038300000,0.02195,0.02196,0.02193,0.02194,2986,2026-08-06 17:45:00+00:00
1786039200000,0.02192,0.02192,0.02186,0.02189,27869,2026-08-06 18:00:00+00:00
1786040100000,0.0219,0.02193,0.02187,0.02189,11702,2026-08-06 18:15:00+00:00
1786041000000,0.02189,0.02189,0.02174,0.02178,99020,2026-08-06 18:30:00+00:00
1786041900000,0.02178,0.02183,0.02178,0.02183,9148,2026-08-06 18:45:00+00:00
1786042800000,0.02182,0.02187,0.02181,0.02186,13038,2026-08-06 19:00:00+00:00
1786043700000,0.02185,0.02185,0.02183,0.02183,11263,2026-08-06 19:15:00+00:00
1786044600000,0.02183,0.02189,0.02183,0.02187,11721,2026-08-06 19:30:00+00:00
1786045500000,0.02187,0.02189,0.02186,0.02189,5612,2026-08-06 19:45:00+00:00
1786046400000,0.0219,0.02193,0.0219,0.02192,7503,2026-08-06 20:00:00+00:00
1786047300000,0.02193,0.02202,0.02193,0.022,17184,2026-08-06 20:15:00+00:00
1786048200000,0.022,0.02202,0.02193,0.02197,29935,2026-08-06 20:30:00+00:00
1786049100000,0.02197,0.02197,0.02192,0.02192,4004,2026-08-06 20:45:00+00:00
1786050000000,0.02193,0.02195,0.0219,0.0219,3509,2026-08-06 21:00:00+00:00
1786050900000,0.02191,0.02192,0.02191,0.02192,702,2026-08-06 21:15:00+00:00
1786051800000,0.02193,0.02195,0.02192,0.02195,4970,2026-08-06 21:30:00+00:00
1786052700000,0.02195,0.02199,0.02195,0.02198,2300,2026-08-06 21:45:00+00:00
1786053600000,0.02198,0.02198,0.02191,0.02191,1142,2026-08-06 22:00:00+00:00
1786054500000,0.0219,0.0219,0.02182,0.02182,16784,2026-08-06 22:15:00+00:00
1786055400000,0.02183,0.02183,0.02178,0.0218,11755,2026-08-06 22:30:00+00:00
1786056300000,0.0218,0.02183,0.0218,0.02182,4318,2026-08-06 22:45:00+00:00
1786057200000,0.02181,0.02185,0.0218,0.02185,2429,2026-08-06 23:00:00+00:00
1786058100000,0.02185,0.02185,0.02179,0.0218,3944,2026-08-06 23:15:00+00:00
1786059000000,0.0218,0.02184,0.02179,0.02184,6318,2026-08-06 23:30:00+00:00
1786059900000,0.02184,0.02188,0.02183,0.02187,4652,2026-08-06 23:45:00+00:00
1786060800000,0.02187,0.02194,0.02185,0.02192,6683,2026-08-07 00:00:00+00:00
1786061700000,0.02192,0.02197,0.02191,0.02197,5673,2026-08-07 00:15:00+00:00
1786062600000,0.02196,0.02205,0.02192,0.02202,42250,2026-08-07 00:30:00+00:00
1786063500000,0.02203,0.02212,0.02203,0.02206,32710,2026-08-07 00:45:00+00:00
1786064400000,0.02207,0.02214,0.02206,0.02213,21503,2026-08-07 01:00:00+00:00
1786065300000,0.02212,0.02212,0.02203,0.02205,23047,2026-08-07 01:15:00+00:00
1786066200000,0.02205,0.02205,0.02194,0.02197,12592,2026-08-07 01:30:00+00:00
1786067100000,0.02198,0.02199,0.02196,0.02199,1464,2026-08-07 01:45:00+00:00
1786068000000,0.02198,0.02203,0.02195,0.02199,9051,2026-08-07 02:00:00+00:00
1786068900000,0.022,0.02206,0.02197,0.02201,41945,2026-08-07 02:15:00+00:00
1786069800000,0.02202,0.02209,0.02202,0.02204,17070,2026-08-07 02:30:00+00:00
1786070700000,0.02203,0.02214,0.02203,0.02205,31318,2026-08-07 02:45:00+00:00
1786071600000,0.02205,0.02217,0.02202,0.02211,51095,2026-08-07 03:00:00+00:00
1786072500000,0.02211,0.02212,0.02204,0.02212,23897,2026-08-07 03:15:00+00:00
1786073400000,0.02213,0.02218,0.02213,0.02214,21719,2026-08-07 03:30:00+00:00
1786074300000,0.02214,0.02218,0.02213,0.02214,8786,2026-08-07 03:45:00+00:00
1786075200000,0.02215,0.02228,0.02214,0.02216,106452,2026-08-07 04:00:00+00:00
1786076100000,0.02216,0.02217,0.02213,0.02215,6890,2026-08-07 04:15:00+00:00
1786077000000,0.02213,0.0222,0.0221,0.02215,18766,2026-08-07 04:30:00+00:00
1786077900000,0.02216,0.02228,0.02212,0.02213,19036,2026-08-07 04:45:00+00:00
1786078800000,0.02213,0.02215,0.02203,0.0221,20594,2026-08-07 05:00:00+00:00
1786079700000,0.02209,0.02216,0.02202,0.02209,22207,2026-08-07 05:15:00+00:00
1786080600000,0.0221,0.02218,0.02208,0.02217,14669,2026-08-07 05:30:00+00:00
1786081500000,0.02219,0.02233,0.02219,0.02226,37144,2026-08-07 05:45:00+00:00
1786082400000,0.02225,0.02229,0.02217,0.0222,61997,2026-08-07 06:00:00+00:00
1786083300000,0.0222,0.0222,0.02215,0.02217,10077,2026-08-07 06:15:00+00:00
1786084200000,0.02218,0.02218,0.02209,0.0221,12308,2026-08-07 06:30:00+00:00
1786085100000,0.02209,0.02211,0.02205,0.02205,5692,2026-08-07 06:45:00+00:00
1786086000000,0.02204,0.02205,0.02201,0.02205,7773,2026-08-07 07:00:00+00:00
1786086900000,0.02204,0.02206,0.02202,0.02206,7212,2026-08-07 07:15:00+00:00
1786087800000,0.02206,0.02207,0.022,0.02201,14640,2026-08-07 07:30:00+00:00
1786088700000,0.02201,0.02202,0.022,0.02202,13409,2026-08-07 07:45:00+00:00
1786089600000,0.02202,0.02202,0.02197,0.02197,8644,2026-08-07 08:00:00+00:00
1786090500000,0.02197,0.02199,0.02197,0.02197,8500,2026-08-07 08:15:00+00:00
1786091400000,0.02197,0.02202,0.02194,0.022,13365,2026-08-07 08:30:00+00:00
1786092300000,0.02199,0.02199,0.0219,0.02192,12352,2026-08-07 08:45:00+00:00
1786093200000,0.02192,0.02194,0.02192,0.02193,8262,2026-08-07 09:00:00+00:00
1786094100000,0.02193,0.02194,0.02189,0.02191,34404,2026-08-07 09:15:00+00:00
1786095000000,0.02191,0.02199,0.02191,0.02194,17056,2026-08-07 09:30:00+00:00
1786095900000,0.02195,0.02195,0.02191,0.02191,13634,2026-08-07 09:45:00+00:00
1786096800000,0.0219,0.02191,0.02188,0.02191,20085,2026-08-07 10:00:00+00:00
1786097700000,0.0219,0.0219,0.02185,0.02186,7990,2026-08-07 10:15:00+00:00
1786098600000,0.02185,0.0219,0.02185,0.02187,9368,2026-08-07 10:30:00+00:00
1786099500000,0.02187,0.02188,0.02184,0.02185,7605,2026-08-07 10:45:00+00:00
1786100400000,0.02186,0.02196,0.02186,0.02193,23104,2026-08-07 11:00:00+00:00
1786101300000,0.02193,0.02218,0.02193,0.02208,71524,2026-08-07 11:15:00+00:00
1786102200000,0.02208,0.02209,0.02205,0.02207,18887,2026-08-07 11:30:00+00:00
1786103100000,0.02206,0.02206,0.02202,0.02206,16984,2026-08-07 11:45:00+00:00
1786104000000,0.02205,0.02211,0.02202,0.02205,22943,2026-08-07 12:00:00+00:00
1786104900000,0.02205,0.02206,0.02198,0.02201,17101,2026-08-07 12:15:00+00:00
1786105800000,0.02202,0.02217,0.02195,0.02195,37814,2026-08-07 12:30:00+00:00
1786106700000,0.02195,0.02196,0.02193,0.02193,2592,2026-08-07 12:45:00+00:00
1786107600000,0.02194,0.02208,0.02191,0.02191,60806,2026-08-07 13:00:00+00:00
1786108500000,0.02191,0.02194,0.0219,0.02192,14060,2026-08-07 13:15:00+00:00
1786109400000,0.02192,0.02198,0.02191,0.02196,11292,2026-08-07 13:30:00+00:00
1786110300000,0.02196,0.02196,0.02187,0.02188,15051,2026-08-07 13:45:00+00:00
1786111200000,0.02188,0.02188,0.02184,0.02186,22719,2026-08-07 14:00:00+00:00
1786112100000,0.02185,0.02193,0.02184,0.02191,21087,2026-08-07 14:15:00+00:00
1786113000000,0.02191,0.02197,0.02188,0.02193,53595,2026-08-07 14:30:00+00:00
1786113900000,0.02193,0.02193,0.02179,0.02179,17583,2026-08-07 14:45:00+00:00
1786114800000,0.02181,0.02186,0.0218,0.02185,15483,2026-08-07 15:00:00+00:00
1786115700000,0.02184,0.02188,0.02183,0.02188,6052,2026-08-07 15:15:00+00:00
1786116600000,0.02188,0.02199,0.02187,0.02194,23898,2026-08-07 15:30:00+00:00
1786117500000,0.02193,0.02194,0.02189,0.02193,14934,2026-08-07 15:45:00+00:00
1786118400000,0.02193,0.02195,0.02189,0.02194,14049,2026-08-07 16:00:00+00:00
1786119300000,0.02194,0.02194,0.02184,0.02185,13097,2026-08-07 16:15:00+00:00
1786120200000,0.02184,0.02187,0.02184,0.02187,9392,2026-08-07 16:30:00+00:00
1786121100000,0.02188,0.02188,0.02181,0.02181,9727,2026-08-07 16:45:00+00:00
1786122000000,0.02181,0.02192,0.02181,0.02192,20091,2026-08-07 17:00:00+00:00
1786122900000,0.0219,0.02193,0.02179,0.02184,25602,2026-08-07 17:15:00+00:00
1786123800000,0.02184,0.02193,0.02182,0.02188,9560,2026-08-07 17:30:00+00:00
1786124700000,0.02187,0.02187,0.02178,0.02184,26133,2026-08-07 17:45:00+00:00
1786125600000,0.02183,0.02188,0.02182,0.02187,7812,2026-08-07 18:00:00+00:00
1786126500000,0.02186,0.02188,0.02183,0.02183,10356,2026-08-07 18:15:00+00:00
1786127400000,0.02183,0.02185,0.02171,0.02171,31722,2026-08-07 18:30:00+00:00
1786128300000,0.02172,0.0218,0.02171,0.02176,18809,2026-08-07 18:45:00+00:00
1786129200000,0.02175,0.02183,0.02174,0.02181,15742,2026-08-07 19:00:00+00:00
1786130100000,0.02181,0.02186,0.02179,0.02183,26270,2026-08-07 19:15:00+00:00
1786131000000,0.02182,0.02183,0.02182,0.02183,773,2026-08-07 19:30:00+00:00
1786131900000,0.02183,0.02189,0.02183,0.02188,8956,2026-08-07 19:45:00+00:00
1786132800000,0.02187,0.02189,0.02184,0.02187,10237,2026-08-07 20:00:00+00:00
1786133700000,0.02187,0.0219,0.02187,0.0219,5959,2026-08-07 20:15:00+00:00
1786134600000,0.0219,0.0219,0.02182,0.02182,15516,2026-08-07 20:30:00+00:00
1786135500000,0.02181,0.02181,0.0218,0.0218,2355,2026-08-07 20:45:00+00:00
1786136400000,0.0218,0.02184,0.0218,0.02184,7437,2026-08-07 21:00:00+00:00
1786137300000,0.02184,0.02184,0.02177,0.02177,5236,2026-08-07 21:15:00+00:00
1786138200000,0.02177,0.02183,0.02177,0.02179,11130,2026-08-07 21:30:00+00:00
1786139100000,0.02178,0.02179,0.02176,0.02176,2841,2026-08-07 21:45:00+00:00
1786140000000,0.02176,0.02177,0.02172,0.02174,7411,2026-08-07 22:00:00+00:00
1786140900000,0.02173,0.02174,0.02172,0.02174,4479,2026-08-07 22:15:00+00:00
1786141800000,0.02173,0.02173,0.02162,0.02162,54470,2026-08-07 22:30:00+00:00
1786142700000,0.02163,0.02165,0.02163,0.02165,3990,2026-08-07 22:45:00+00:00
1786143600000,0.02166,0.02172,0.02166,0.02166,8933,2026-08-07 23:00:00+00:00
1786144500000,0.02165,0.02165,0.02163,0.02163,2400,2026-08-07 23:15:00+00:00
1786145400000,0.02162,0.0217,0.02157,0.0217,17631,2026-08-07 23:30:00+00:00
1786146300000,0.02169,0.02169,0.02165,0.02165,2933,2026-08-07 23:45:00+00:00
1786147200000,0.02164,0.02168,0.02164,0.02166,9482,2026-08-08 00:00:00+00:00
1786148100000,0.02167,0.02171,0.02167,0.02171,17048,2026-08-08 00:15:00+00:00
1786149000000,0.02171,0.02173,0.02171,0.02173,9434,2026-08-08 00:30:00+00:00
1786149900000,0.02174,0.02174,0.02174,0.02174,264,2026-08-08 00:45:00+00:00
1786150800000,0.02174,0.02177,0.02174,0.02177,3348,2026-08-08 01:00:00+00:00
1786151700000,0.02177,0.02182,0.02175,0.02182,38926,2026-08-08 01:15:00+00:00
1786152600000,0.02182,0.02184,0.02181,0.02182,7291,2026-08-08 01:30:00+00:00
1786153500000,0.02182,0.02182,0.02175,0.02175,19853,2026-08-08 01:45:00+00:00
1786154400000,0.02175,0.02182,0.02175,0.02181,2905,2026-08-08 02:00:00+00:00
1786155300000,0.0218,0.02181,0.02174,0.02174,7374,2026-08-08 02:15:00+00:00
1786156200000,0.02176,0.02179,0.02176,0.02176,5100,2026-08-08 02:30:00+00:00
1786157100000,0.02178,0.02178,0.02175,0.02177,5746,2026-08-08 02:45:00+00:00
1786158000000,0.02177,0.02179,0.02177,0.02179,3540,2026-08-08 03:00:00+00:00
1786158900000,0.0218,0.02183,0.0218,0.02183,1285,2026-08-08 03:15:00+00:00
1786159800000,0.02183,0.02192,0.02183,0.02192,23559,2026-08-08 03:30:00+00:00
1786160700000,0.02193,0.02197,0.02189,0.02193,24154,2026-08-08 03:45:00+00:00
1786161600000,0.02194,0.02212,0.02193,0.02208,115514,2026-08-08 04:00:00+00:00
1786162500000,0.02209,0.02221,0.02206,0.0222,61174,2026-08-08 04:15:00+00:00
1786163400000,0.0222,0.02229,0.02218,0.02222,33906,2026-08-08 04:30:00+00:00
1786164300000,0.02222,0.02224,0.02218,0.02223,8131,2026-08-08 04:45:00+00:00
1786165200000,0.02222,0.02233,0.02222,0.02232,30635,2026-08-08 05:00:00+00:00
1786166100000,0.02232,0.02232,0.02224,0.02228,13672,2026-08-08 05:15:00+00:00
1786167000000,0.02228,0.02231,0.02222,0.02222,26651,2026-08-08 05:30:00+00:00
1786167900000,0.02221,0.02225,0.02219,0.02225,5879,2026-08-08 05:45:00+00:00
1786168800000,0.02226,0.0223,0.02214,0.02215,27954,2026-08-08 06:00:00+00:00
1786169700000,0.02214,0.02228,0.02213,0.02225,29661,2026-08-08 06:15:00+00:00
1786170600000,0.02226,0.02228,0.02219,0.02221,13911,2026-08-08 06:30:00+00:00
1786171500000,0.02221,0.02221,0.02216,0.02217,6259,2026-08-08 06:45:00+00:00
1786172400000,0.02217,0.0222,0.02217,0.0222,37073,2026-08-08 07:00:00+00:00
1786173300000,0.02219,0.0222,0.0221,0.0221,41240,2026-08-08 07:15:00+00:00
1786174200000,0.0221,0.0221,0.02206,0.02208,11137,2026-08-08 07:30:00+00:00
1786175100000,0.02208,0.02211,0.02208,0.02211,4283,2026-08-08 07:45:00+00:00
1786176000000,0.02211,0.02221,0.02211,0.02221,11226,2026-08-08 08:00:00+00:00
1786176900000,0.0222,0.0222,0.02214,0.02216,5444,2026-08-08 08:15:00+00:00
1786177800000,0.02217,0.02223,0.02217,0.02223,7985,2026-08-08 08:30:00+00:00
1786178700000,0.02223,0.02237,0.02223,0.02233,31614,2026-08-08 08:45:00+00:00
1786179600000,0.02234,0.02257,0.02234,0.02255,96456,2026-08-08 09:00:00+00:00
1786180500000,0.02254,0.02259,0.02253,0.02255,20045,2026-08-08 09:15:00+00:00
1786181400000,0.02257,0.0227,0.02252,0.02266,41913,2026-08-08 09:30:00+00:00
1786182300000,0.02267,0.02278,0.02265,0.02267,65534,2026-08-08 09:45:00+00:00
1786183200000,0.02266,0.02286,0.02266,0.02276,137645,2026-08-08 10:00:00+00:00
1786184100000,0.02276,0.02284,0.02275,0.02281,37480,2026-08-08 10:15:00+00:00
1786185000000,0.0228,0.02281,0.02274,0.02279,14235,2026-08-08 10:30:00+00:00
1786185900000,0.02281,0.02283,0.02281,0.02281,4195,2026-08-08 10:45:00+00:00
1786186800000,0.02281,0.02289,0.02281,0.02288,30124,2026-08-08 11:00:00+00:00
1786187700000,0.02287,0.02289,0.02272,0.02288,51458,2026-08-08 11:15:00+00:00
1786188600000,0.02289,0.02296,0.02282,0.02289,59272,2026-08-08 11:30:00+00:00
1786189500000,0.02289,0.02299,0.02286,0.02295,56049,2026-08-08 11:45:00+00:00
1786190400000,0.02294,0.02319,0.02292,0.02314,98297,2026-08-08 12:00:00+00:00
1786191300000,0.02314,0.02338,0.02312,0.02328,202301,2026-08-08 12:15:00+00:00
1786192200000,0.0233,0.02356,0.02323,0.02324,275704,2026-08-08 12:30:00+00:00
1786193100000,0.02324,0.0234,0.0232,0.02322,124965,2026-08-08 12:45:00+00:00
1786194000000,0.02322,0.02377,0.02316,0.02377,330448,2026-08-08 13:00:00+00:00
1786194900000,0.02376,0.02386,0.02341,0.02357,311678,2026-08-08 13:15:00+00:00
1786195800000,0.02357,0.0236,0.02333,0.02338,75441,2026-08-08 13:30:00+00:00
1786196700000,0.02337,0.0234,0.02306,0.02333,221150,2026-08-08 13:45:00+00:00
1786197600000,0.02332,0.02347,0.02332,0.02339,109092,2026-08-08 14:00:00+00:00
1786198500000,0.02339,0.02348,0.0233,0.02341,118132,2026-08-08 14:15:00+00:00
1786199400000,0.0234,0.02349,0.02327,0.02335,160811,2026-08-08 14:30:00+00:00
1786200300000,0.02335,0.02335,0.02315,0.0232,79528,2026-08-08 14:45:00+00:00
1786201200000,0.0232,0.02322,0.02303,0.02304,46958,2026-08-08 15:00:00+00:00
1786202100000,0.02304,0.0231,0.02304,0.02304,29468,2026-08-08 15:15:00+00:00
1786203000000,0.02303,0.02309,0.02296,0.02303,40589,2026-08-08 15:30:00+00:00
1786203900000,0.02303,0.02321,0.02303,0.02319,45935,2026-08-08 15:45:00+00:00
1786204800000,0.02321,0.02333,0.02314,0.02327,53675,2026-08-08 16:00:00+00:00
1786205700000,0.02327,0.02332,0.0232,0.02327,49736,2026-08-08 16:15:00+00:00
1786206600000,0.02326,0.02336,0.02324,0.02329,33519,2026-08-08 16:30:00+00:00
1786207500000,0.02328,0.0233,0.02323,0.02328,15723,2026-08-08 16:45:00+00:00
1786208400000,0.02327,0.02334,0.02322,0.02334,27097,2026-08-08 17:00:00+00:00
1786209300000,0.02334,0.02334,0.02316,0.02317,23180,2026-08-08 17:15:00+00:00
1786210200000,0.02317,0.02321,0.02314,0.02318,18703,2026-08-08 17:30:00+00:00
1786211100000,0.02317,0.02317,0.02308,0.02309,14885,2026-08-08 17:45:00+00:00
1786212000000,0.02309,0.02311,0.02306,0.02307,15371,2026-08-08 18:00:00+00:00
1786212900000,0.02308,0.02308,0.02302,0.02305,23989,2026-08-08 18:15:00+00:00
1786213800000,0.02304,0.02311,0.023,0.02309,29117,2026-08-08 18:30:00+00:00
1786214700000,0.02309,0.02321,0.02308,0.02311,22338,2026-08-08 18:45:00+00:00
1786215600000,0.02311,0.02311,0.02306,0.02307,5564,2026-08-08 19:00:00+00:00
1786216500000,0.02305,0.0231,0.02305,0.02307,8727,2026-08-08 19:15:00+00:00
1786217400000,0.02305,0.02319,0.02302,0.02315,23122,2026-08-08 19:30:00+00:00
1786218300000,0.02315,0.02327,0.02315,0.02319,31558,2026-08-08 19:45:00+00:00
1786219200000,0.0232,0.02321,0.02316,0.02316,12699,2026-08-08 20:00:00+00:00
1786220100000,0.02316,0.02327,0.02316,0.02324,12365,2026-08-08 20:15:00+00:00
1786221000000,0.02324,0.02325,0.02323,0.02324,6797,2026-08-08 20:30:00+00:00
1786221900000,0.02324,0.02324,0.02321,0.02324,6594,2026-08-08 20:45:00+00:00
1786222800000,0.02323,0.02334,0.0232,0.02329,31883,2026-08-08 21:00:00+00:00
1786223700000,0.02329,0.0233,0.02312,0.02315,21918,2026-08-08 21:15:00+00:00
1786224600000,0.02315,0.02323,0.02309,0.02323,23421,2026-08-08 21:30:00+00:00
1786225500000,0.02325,0.02337,0.02319,0.02331,18827,2026-08-08 21:45:00+00:00
1786226400000,0.02331,0.02359,0.02331,0.02354,65748,2026-08-08 22:00:00+00:00
1786227300000,0.02354,0.02402,0.02353,0.02379,180177,2026-08-08 22:15:00+00:00
1786228200000,0.0238,0.02381,0.02363,0.02365,75170,2026-08-08 22:30:00+00:00
1786229100000,0.02364,0.02371,0.02355,0.02362,55530,2026-08-08 22:45:00+00:00
1786230000000,0.02363,0.02369,0.02344,0.0235,56273,2026-08-08 23:00:00+00:00
1786230900000,0.0235,0.02355,0.02346,0.02352,35791,2026-08-08 23:15:00+00:00
1786231800000,0.02351,0.02357,0.02347,0.02356,43555,2026-08-08 23:30:00+00:00
1786232700000,0.02356,0.02366,0.02354,0.02357,54376,2026-08-08 23:45:00+00:00
1786233600000,0.02357,0.02374,0.02356,0.02365,64046,2026-08-09 00:00:00+00:00
1786234500000,0.02364,0.02381,0.02351,0.02352,207516,2026-08-09 00:15:00+00:00
1786235400000,0.02352,0.02366,0.02347,0.02348,50676,2026-08-09 00:30:00+00:00
1786236300000,0.0235,0.02363,0.02349,0.02354,37733,2026-08-09 00:45:00+00:00
1786237200000,0.02355,0.02362,0.02342,0.02344,66687,2026-08-09 01:00:00+00:00
1786238100000,0.02345,0.02356,0.02337,0.02337,59010,2026-08-09 01:15:00+00:00
1786239000000,0.02338,0.02355,0.02337,0.02343,51254,2026-08-09 01:30:00+00:00
1786239900000,0.02343,0.0235,0.02342,0.02343,42275,2026-08-09 01:45:00+00:00
1786240800000,0.02343,0.02352,0.02334,0.02352,40970,2026-08-09 02:00:00+00:00
1786241700000,0.02351,0.02358,0.02346,0.02346,14686,2026-08-09 02:15:00+00:00
1786242600000,0.02346,0.02347,0.02341,0.02342,7006,2026-08-09 02:30:00+00:00
1786243500000,0.02342,0.02344,0.02339,0.02339,4939,2026-08-09 02:45:00+00:00
1786244400000,0.02339,0.02339,0.02307,0.02315,283616,2026-08-09 03:00:00+00:00
1786245300000,0.02315,0.02317,0.02302,0.02307,44352,2026-08-09 03:15:00+00:00
1786246200000,0.02308,0.02317,0.02307,0.02314,66945,2026-08-09 03:30:00+00:00
1786247100000,0.02315,0.02318,0.02311,0.02314,25405,2026-08-09 03:45:00+00:00
1786248000000,0.02313,0.02329,0.02313,0.02325,36696,2026-08-09 04:00:00+00:00
1786248900000,0.02324,0.0235,0.02321,0.02338,135049,2026-08-09 04:15:00+00:00
1786249800000,0.02339,0.02345,0.02336,0.02337,28325,2026-08-09 04:30:00+00:00
1786250700000,0.02337,0.02338,0.02331,0.02331,17528,2026-08-09 04:45:00+00:00
1786251600000,0.02331,0.02333,0.02328,0.0233,3754,2026-08-09 05:00:00+00:00
1786252500000,0.02329,0.02331,0.02328,0.02328,2898,2026-08-09 05:15:00+00:00
1786253400000,0.02328,0.02342,0.02328,0.02338,36094,2026-08-09 05:30:00+00:00
1786254300000,0.02339,0.02348,0.02337,0.02339,28408,2026-08-09 05:45:00+00:00
1786255200000,0.02337,0.0234,0.02333,0.02338,16333,2026-08-09 06:00:00+00:00
1786256100000,0.02336,0.02341,0.02331,0.02332,8348,2026-08-09 06:15:00+00:00
1786257000000,0.02333,0.02334,0.02332,0.02334,1745,2026-08-09 06:30:00+00:00
1786257900000,0.02334,0.02336,0.02331,0.02331,10903,2026-08-09 06:45:00+00:00
1786258800000,0.0233,0.02331,0.02316,0.0232,37444,2026-08-09 07:00:00+00:00
1786259700000,0.02321,0.02333,0.02315,0.02332,32586,2026-08-09 07:15:00+00:00
1786260600000,0.02332,0.02332,0.02323,0.02327,9503,2026-08-09 07:30:00+00:00
1786261500000,0.02328,0.02328,0.02319,0.0232,63625,2026-08-09 07:45:00+00:00
1786262400000,0.02319,0.02335,0.02316,0.02332,39966,2026-08-09 08:00:00+00:00
1786263300000,0.0233,0.02333,0.02326,0.02329,21402,2026-08-09 08:15:00+00:00
1786264200000,0.02328,0.0235,0.02328,0.02334,79927,2026-08-09 08:30:00+00:00
1786265100000,0.02333,0.0234,0.02329,0.02335,20321,2026-08-09 08:45:00+00:00
1786266000000,0.02334,0.02336,0.02333,0.02334,6264,2026-08-09 09:00:00+00:00
1786266900000,0.02334,0.02336,0.0233,0.02332,25171,2026-08-09 09:15:00+00:00
1786267800000,0.02333,0.02347,0.02333,0.02346,30123,2026-08-09 09:30:00+00:00
1786268700000,0.02347,0.02349,0.02342,0.02343,16924,2026-08-09 09:45:00+00:00
1786269600000,0.02342,0.02345,0.02333,0.02336,16828,2026-08-09 10:00:00+00:00
1786270500000,0.02336,0.02336,0.02326,0.02328,18257,2026-08-09 10:15:00+00:00
1786271400000,0.02328,0.02329,0.02322,0.02327,12907,2026-08-09 10:30:00+00:00
1786272300000,0.02326,0.02331,0.02324,0.02327,12764,2026-08-09 10:45:00+00:00
1786273200000,0.02326,0.02332,0.02325,0.02331,7451,2026-08-09 11:00:00+00:00
1786274100000,0.02331,0.02339,0.0233,0.02337,14970,2026-08-09 11:15:00+00:00
1786275000000,0.02337,0.02339,0.02333,0.02335,3592,2026-08-09 11:30:00+00:00
1786275900000,0.02335,0.02335,0.02329,0.0233,2936,2026-08-09 11:45:00+00:00
1786276800000,0.0233,0.02337,0.02329,0.02337,15935,2026-08-09 12:00:00+00:00
1786277700000,0.02338,0.02344,0.02337,0.02342,13597,2026-08-09 12:15:00+00:00
1786278600000,0.02342,0.02344,0.0233,0.02343,25629,2026-08-09 12:30:00+00:00
1786279500000,0.02342,0.02369,0.02339,0.02367,143691,2026-08-09 12:45:00+00:00
1786280400000,0.02367,0.02371,0.02349,0.02349,63800,2026-08-09 13:00:00+00:00
1786281300000,0.0235,0.02354,0.02349,0.02353,17335,2026-08-09 13:15:00+00:00
1786282200000,0.02354,0.02362,0.02342,0.02347,45439,2026-08-09 13:30:00+00:00
1786283100000,0.02346,0.02353,0.02344,0.02351,38652,2026-08-09 13:45:00+00:00
1786284000000,0.02352,0.02368,0.02352,0.02366,31186,2026-08-09 14:00:00+00:00
1786284900000,0.02364,0.02379,0.02356,0.02377,46187,2026-08-09 14:15:00+00:00
1786285800000,0.02377,0.02399,0.02368,0.02396,85902,2026-08-09 14:30:00+00:00
1786286700000,0.02394,0.02399,0.02381,0.02392,74029,2026-08-09 14:45:00+00:00
1786287600000,0.02391,0.02393,0.0238,0.02383,36889,2026-08-09 15:00:00+00:00
1786288500000,0.02382,0.02383,0.02369,0.02376,39611,2026-08-09 15:15:00+00:00
1786289400000,0.02376,0.02378,0.02363,0.02371,40669,2026-08-09 15:30:00+00:00
1786290300000,0.0237,0.02374,0.02369,0.02372,11670,2026-08-09 15:45:00+00:00
1786291200000,0.02372,0.02379,0.02364,0.02367,21267,2026-08-09 16:00:00+00:00
1786292100000,0.02366,0.02384,0.02365,0.02378,23332,2026-08-09 16:15:00+00:00
1786293000000,0.02379,0.02382,0.02376,0.0238,15067,2026-08-09 16:30:00+00:00
1786293900000,0.0238,0.02389,0.0238,0.02388,9053,2026-08-09 16:45:00+00:00
1786294800000,0.02388,0.02403,0.02388,0.02402,40392,2026-08-09 17:00:00+00:00
1786295700000,0.02402,0.0243,0.02395,0.02423,175862,2026-08-09 17:15:00+00:00
1786296600000,0.02423,0.02428,0.024,0.02403,91435,2026-08-09 17:30:00+00:00
1786297500000,0.02403,0.02422,0.02386,0.02391,93161,2026-08-09 17:45:00+00:00
1786298400000,0.02392,0.02396,0.02381,0.02383,38819,2026-08-09 18:00:00+00:00
1786299300000,0.02383,0.02405,0.02382,0.02405,32488,2026-08-09 18:15:00+00:00
1786300200000,0.02405,0.02407,0.02393,0.02394,32858,2026-08-09 18:30:00+00:00
1786301100000,0.02394,0.02411,0.02393,0.02403,52489,2026-08-09 18:45:00+00:00
1786302000000,0.02403,0.02415,0.02403,0.02413,33960,2026-08-09 19:00:00+00:00
1786302900000,0.02414,0.02414,0.0241,0.0241,3710,2026-08-09 19:15:00+00:00
1786303800000,0.02409,0.02414,0.02398,0.02404,19138,2026-08-09 19:30:00+00:00
1786304700000,0.02404,0.02411,0.02403,0.02404,10168,2026-08-09 19:45:00+00:00
1786305600000,0.02405,0.02415,0.02394,0.0241,38530,2026-08-09 20:00:00+00:00
1786306500000,0.02409,0.02412,0.02404,0.02404,16148,2026-08-09 20:15:00+00:00
1786307400000,0.02403,0.02403,0.02392,0.02392,19838,2026-08-09 20:30:00+00:00
1786308300000,0.02392,0.02392,0.02378,0.02384,17919,2026-08-09 20:45:00+00:00
1786309200000,0.02383,0.02387,0.02381,0.02387,16887,2026-08-09 21:00:00+00:00
1786310100000,0.02387,0.02391,0.02381,0.02391,16115,2026-08-09 21:15:00+00:00
1786311000000,0.02391,0.02393,0.02382,0.02385,15292,2026-08-09 21:30:00+00:00
1786311900000,0.02386,0.02389,0.02383,0.02389,6826,2026-08-09 21:45:00+00:00
1786312800000,0.0239,0.02404,0.0239,0.024,10166,2026-08-09 22:00:00+00:00
1786313700000,0.02399,0.02399,0.02395,0.02395,5684,2026-08-09 22:15:00+00:00
1786314600000,0.02395,0.02395,0.02362,0.02378,98066,2026-08-09 22:30:00+00:00
1786315500000,0.02377,0.02377,0.02365,0.02369,17749,2026-08-09 22:45:00+00:00
1786316400000,0.02368,0.0237,0.02365,0.02368,20235,2026-08-09 23:00:00+00:00
1786317300000,0.02368,0.0237,0.02348,0.02354,25972,2026-08-09 23:15:00+00:00
1786318200000,0.02351,0.02356,0.02344,0.0235,29741,2026-08-09 23:30:00+00:00
1786319100000,0.0235,0.02352,0.02343,0.02348,36934,2026-08-09 23:45:00+00:00
1786320000000,0.02346,0.02393,0.02346,0.02386,118142,2026-08-10 00:00:00+00:00
1786320900000,0.02385,0.02389,0.02378,0.02385,26686,2026-08-10 00:15:00+00:00
1786321800000,0.02385,0.024,0.0238,0.02398,44843,2026-08-10 00:30:00+00:00
1786322700000,0.02398,0.02407,0.02387,0.02403,58254,2026-08-10 00:45:00+00:00
1786323600000,0.02404,0.02418,0.02396,0.02413,73553,2026-08-10 01:00:00+00:00
1786324500000,0.02413,0.02415,0.02397,0.02399,17390,2026-08-10 01:15:00+00:00
1786325400000,0.02397,0.02401,0.02392,0.02398,24770,2026-08-10 01:30:00+00:00
1786326300000,0.02398,0.02425,0.02396,0.02422,58348,2026-08-10 01:45:00+00:00
1786327200000,0.02421,0.02444,0.02419,0.02432,185221,2026-08-10 02:00:00+00:00
1786328100000,0.02431,0.02432,0.02421,0.02423,37770,2026-08-10 02:15:00+00:00
1786329000000,0.02423,0.02428,0.02411,0.0242,37661,2026-08-10 02:30:00+00:00
1786329900000,0.02419,0.02422,0.02411,0.02414,30129,2026-08-10 02:45:00+00:00
1786330800000,0.02415,0.02416,0.02407,0.02407,11762,2026-08-10 03:00:00+00:00
1786331700000,0.02407,0.02412,0.02405,0.02409,9329,2026-08-10 03:15:00+00:00
1786332600000,0.02408,0.02412,0.02403,0.02403,17649,2026-08-10 03:30:00+00:00
1786333500000,0.02403,0.0241,0.02403,0.02403,30199,2026-08-10 03:45:00+00:00
1786334400000,0.02403,0.02415,0.02403,0.0241,11435,2026-08-10 04:00:00+00:00
1786335300000,0.02411,0.0243,0.02411,0.02429,31737,2026-08-10 04:15:00+00:00
1786336200000,0.02429,0.02439,0.02428,0.02432,24505,2026-08-10 04:30:00+00:00
1786337100000,0.02433,0.02451,0.02433,0.02438,119304,2026-08-10 04:45:00+00:00
1786338000000,0.02438,0.02445,0.02425,0.02425,20229,2026-08-10 05:00:00+00:00
1786338900000,0.02424,0.02433,0.02423,0.0243,14533,2026-08-10 05:15:00+00:00
1786339800000,0.02431,0.02438,0.02422,0.02429,35953,2026-08-10 05:30:00+00:00
1786340700000,0.02429,0.02429,0.02422,0.02424,8227,2026-08-10 05:45:00+00:00
1786341600000,0.02423,0.02427,0.02422,0.02422,12848,2026-08-10 06:00:00+00:00
1786342500000,0.02421,0.02423,0.02416,0.02419,14082,2026-08-10 06:15:00+00:00
1786343400000,0.02419,0.02426,0.02414,0.02419,20023,2026-08-10 06:30:00+00:00
1786344300000,0.0242,0.0243,0.02411,0.02413,37506,2026-08-10 06:45:00+00:00
1786345200000,0.02414,0.0242,0.02411,0.02414,33768,2026-08-10 07:00:00+00:00
1786346100000,0.02412,0.02413,0.02405,0.0241,19066,2026-08-10 07:15:00+00:00
1786347000000,0.02408,0.02412,0.024,0.0241,27952,2026-08-10 07:30:00+00:00
1786347900000,0.0241,0.02418,0.02405,0.02412,44157,2026-08-10 07:45:00+00:00
1786348800000,0.02411,0.02411,0.02401,0.02401,22709,2026-08-10 08:00:00+00:00
1786349700000,0.024,0.02415,0.02399,0.02414,13236,2026-08-10 08:15:00+00:00
1786350600000,0.02413,0.02413,0.02403,0.02404,15836,2026-08-10 08:30:00+00:00
1786351500000,0.02404,0.02404,0.02389,0.02391,22954,2026-08-10 08:45:00+00:00
1786352400000,0.02391,0.02397,0.02376,0.02384,42725,2026-08-10 09:00:00+00:00
1786353300000,0.02383,0.02387,0.02379,0.02379,24189,2026-08-10 09:15:00+00:00
1786354200000,0.02379,0.02391,0.02376,0.02383,34252,2026-08-10 09:30:00+00:00
1786355100000,0.02383,0.02386,0.02376,0.02376,16254,2026-08-10 09:45:00+00:00
1786356000000,0.02375,0.02382,0.02373,0.02376,13194,2026-08-10 10:00:00+00:00
1786356900000,0.02376,0.02381,0.02375,0.02381,9571,2026-08-10 10:15:00+00:00
1786357800000,0.0238,0.0238,0.02369,0.02369,21182,2026-08-10 10:30:00+00:00
1786358700000,0.0237,0.02373,0.02367,0.02369,12673,2026-08-10 10:45:00+00:00
1786359600000,0.02369,0.02381,0.02368,0.02379,23817,2026-08-10 11:00:00+00:00
1786360500000,0.02378,0.02387,0.02378,0.02386,9752,2026-08-10 11:15:00+00:00
1786361400000,0.02386,0.0239,0.02381,0.02386,24890,2026-08-10 11:30:00+00:00
1786362300000,0.02386,0.02388,0.02381,0.02381,12359,2026-08-10 11:45:00+00:00
1786363200000,0.02381,0.024,0.02381,0.02389,73749,2026-08-10 12:00:00+00:00
1786364100000,0.02388,0.02388,0.02382,0.02383,13926,2026-08-10 12:15:00+00:00
1786365000000,0.02383,0.02392,0.02382,0.02392,19545,2026-08-10 12:30:00+00:00
1786365900000,0.02392,0.02392,0.02382,0.02382,19894,2026-08-10 12:45:00+00:00
1786366800000,0.02382,0.02392,0.02381,0.02385,17315,2026-08-10 13:00:00+00:00
1786367700000,0.02385,0.02394,0.02385,0.02385,44442,2026-08-10 13:15:00+00:00
1786368600000,0.02385,0.02389,0.0238,0.02385,56479,2026-08-10 13:30:00+00:00
1786369500000,0.02387,0.02412,0.02387,0.02403,72735,2026-08-10 13:45:00+00:00
1786370400000,0.02404,0.02414,0.02401,0.02403,31803,2026-08-10 14:00:00+00:00
1786371300000,0.02403,0.02403,0.02386,0.02386,24057,2026-08-10 14:15:00+00:00
1786372200000,0.02388,0.02391,0.02385,0.02385,20433,2026-08-10 14:30:00+00:00
1786373100000,0.02385,0.02388,0.02373,0.02375,32661,2026-08-10 14:45:00+00:00
1786374000000,0.02375,0.02382,0.02361,0.02362,33085,2026-08-10 15:00:00+00:00
1786374900000,0.02363,0.02369,0.02359,0.02368,15590,2026-08-10 15:15:00+00:00
1786375800000,0.02368,0.02368,0.02343,0.02346,67351,2026-08-10 15:30:00+00:00
1786376700000,0.02346,0.0236,0.02345,0.02359,26115,2026-08-10 15:45:00+00:00
1786377600000,0.02358,0.02358,0.02336,0.02345,62166,2026-08-10 16:00:00+00:00
1786378500000,0.02346,0.02353,0.02342,0.02352,18695,2026-08-10 16:15:00+00:00
1786379400000,0.0235,0.02367,0.02348,0.02363,27334,2026-08-10 16:30:00+00:00
1786380300000,0.02362,0.02363,0.02354,0.02361,26682,2026-08-10 16:45:00+00:00
1786381200000,0.02361,0.02364,0.02355,0.02359,7772,2026-08-10 17:00:00+00:00
1786382100000,0.0236,0.02365,0.02355,0.02363,9086,2026-08-10 17:15:00+00:00
1786383000000,0.02362,0.02362,0.02355,0.02355,11617,2026-08-10 17:30:00+00:00
1786383900000,0.02355,0.02355,0.0235,0.02351,1698,2026-08-10 17:45:00+00:00
1786384800000,0.02351,0.02351,0.02347,0.02348,7551,2026-08-10 18:00:00+00:00
1786385700000,0.02346,0.02347,0.02338,0.02339,22956,2026-08-10 18:15:00+00:00
1786386600000,0.02338,0.02339,0.0233,0.02338,19821,2026-08-10 18:30:00+00:00
1786387500000,0.02337,0.02337,0.02325,0.02333,35839,2026-08-10 18:45:00+00:00
1786388400000,0.02333,0.02335,0.0233,0.02335,17242,2026-08-10 19:00:00+00:00
1786389300000,0.02336,0.02342,0.02335,0.02342,9358,2026-08-10 19:15:00+00:00
1786390200000,0.02341,0.02344,0.02337,0.02337,8662,2026-08-10 19:30:00+00:00
1786391100000,0.02338,0.02338,0.02333,0.02334,9494,2026-08-10 19:45:00+00:00
1786392000000,0.02335,0.02337,0.02332,0.02336,5549,2026-08-10 20:00:00+00:00
1786392900000,0.02335,0.02336,0.02332,0.02334,4861,2026-08-10 20:15:00+00:00
1786393800000,0.02334,0.02334,0.02331,0.02331,3809,2026-08-10 20:30:00+00:00
1786394700000,0.02331,0.02331,0.02325,0.02326,8735,2026-08-10 20:45:00+00:00
1786395600000,0.02326,0.02326,0.02316,0.02318,12164,2026-08-10 21:00:00+00:00
1786396500000,0.02318,0.02318,0.0231,0.02311,8034,2026-08-10 21:15:00+00:00
1786397400000,0.02311,0.02317,0.02311,0.02316,23903,2026-08-10 21:30:00+00:00
1786398300000,0.02317,0.02319,0.02314,0.02314,1402,2026-08-10 21:45:00+00:00
1786399200000,0.02314,0.02328,0.02309,0.02328,13727,2026-08-10 22:00:00+00:00
1786400100000,0.02328,0.02328,0.02324,0.02326,7859,2026-08-10 22:15:00+00:00
1786401000000,0.02327,0.02333,0.02324,0.02331,19436,2026-08-10 22:30:00+00:00
1786401900000,0.02329,0.02331,0.02328,0.02328,8015,2026-08-10 22:45:00+00:00
1786402800000,0.02328,0.02329,0.02321,0.02327,20563,2026-08-10 23:00:00+00:00
1786403700000,0.02327,0.02337,0.02326,0.0233,23660,2026-08-10 23:15:00+00:00
1786404600000,0.02329,0.02348,0.02329,0.02343,73616,2026-08-10 23:30:00+00:00
1786405500000,0.02342,0.02351,0.02341,0.02348,17817,2026-08-10 23:45:00+00:00
1786406400000,0.02348,0.02366,0.02346,0.02366,39450,2026-08-11 00:00:00+00:00
1786407300000,0.02366,0.02374,0.02363,0.02369,19565,2026-08-11 00:15:00+00:00
1786408200000,0.02368,0.02373,0.02362,0.0237,35946,2026-08-11 00:30:00+00:00
1786409100000,0.02369,0.02369,0.02356,0.02359,21192,2026-08-11 00:45:00+00:00
1786410000000,0.02359,0.02371,0.02358,0.02369,32594,2026-08-11 01:00:00+00:00
1786410900000,0.02369,0.02372,0.02366,0.02371,6553,2026-08-11 01:15:00+00:00
1786411800000,0.0237,0.02373,0.02369,0.02369,7541,2026-08-11 01:30:00+00:00
1786412700000,0.02369,0.02374,0.02369,0.02373,4671,2026-08-11 01:45:00+00:00
1786413600000,0.02373,0.02388,0.02373,0.02383,51278,2026-08-11 02:00:00+00:00
1786414500000,0.02383,0.02404,0.02383,0.02399,65100,2026-08-11 02:15:00+00:00
1786415400000,0.02399,0.02402,0.02388,0.02388,18902,2026-08-11 02:30:00+00:00
1786416300000,0.02388,0.02389,0.02383,0.02386,37243,2026-08-11 02:45:00+00:00
1786417200000,0.02386,0.02418,0.02386,0.02414,39431,2026-08-11 03:00:00+00:00
1786418100000,0.02415,0.02431,0.02413,0.02425,53668,2026-08-11 03:15:00+00:00
1786419000000,0.02425,0.02429,0.02418,0.02424,39031,2026-08-11 03:30:00+00:00
1786419900000,0.02423,0.02442,0.02423,0.02439,41907,2026-08-11 03:45:00+00:00
1786420800000,0.02438,0.02441,0.02422,0.02428,55091,2026-08-11 04:00:00+00:00
1786421700000,0.02429,0.0243,0.02414,0.02422,38501,2026-08-11 04:15:00+00:00
1786422600000,0.02422,0.02439,0.02415,0.02422,114636,2026-08-11 04:30:00+00:00
1786423500000,0.02423,0.02429,0.02413,0.02414,26627,2026-08-11 04:45:00+00:00
1786424400000,0.02414,0.02419,0.02407,0.02412,36099,2026-08-11 05:00:00+00:00
1786425300000,0.02412,0.02412,0.02399,0.02401,21738,2026-08-11 05:15:00+00:00
1786426200000,0.02403,0.02403,0.02397,0.02402,10080,2026-08-11 05:30:00+00:00
1786427100000,0.02402,0.02414,0.02395,0.02409,38608,2026-08-11 05:45:00+00:00
1786428000000,0.02408,0.02408,0.024,0.024,11652,2026-08-11 06:00:00+00:00
1786428900000,0.02399,0.02401,0.02388,0.02394,18888,2026-08-11 06:15:00+00:00
1786429800000,0.02393,0.02394,0.02381,0.02382,14820,2026-08-11 06:30:00+00:00
